# 081-strict-validation-residuals -- QuickFIX PER-GROUP required-member parity golden (Concern B, T020, contracts/census-and-parity.md)
# Generated by tools/quickfix_required_golden/main.cpp against a REAL, locally built
# QuickFIX v1.16.0. Every row's (existence AND required_tags) is the literal measured
# output of FIX::DataDictionary::isGroup/getGroup (DataDictionary.h:286/298) recursively
# descended, then isRequiredField(msgType, tag) called on the returned sub-DataDictionary
# -- never hand-authored, never derived from the independent oracle.
#
# SCOPE: body-only, same rationale as golden.csv (addXMLGroup/addGroup register
# header/trailer groups under the literal keys "_header_"/"_trailer_", not the real
# msgType, so probing isGroup(msg_type, tag) with the real message type naturally
# excludes them). NO vlatest/Orchestra row (QuickFIX 1.16.0 cannot parse Orchestra).
#
# MANIFEST:
# quickfix_version=1.16.0
# quickfix_soname=libquickfix.so.17.0.0
# dictionary_sha1[FIX40]=78eca13d28ad68239f0d76643625c5089c31167c
# dictionary_sha1[FIX41]=afb1323653e633eadd7dbcbeaaa545dd58b35bad
# dictionary_sha1[FIX42]=cd4224dba396a5541c888dae662d0d3511ca671e
# dictionary_sha1[FIX43]=b59fa1149fba02715af13c7922a4c61b2be7f67b
# dictionary_sha1[FIX44]=ba541299b186a4fd51c3e98b12514424dfdf6746
# dictionary_sha1[FIX50]=341321604c10013757e51cb3d0cf4dd9bf17ac37
# dictionary_sha1[FIX50SP1]=03c64c1c6837bd562855afcbc4d30c2ca890c95c
# dictionary_sha1[FIX50SP2]=04a16954f51ccc2c7899d9a388f9da91b7af122c
# dictionary_sha1[FIXT11]=966193332cdccce03e27eee69c1c7609f66175df
# generator_source_hash=fd904f80a139d6309c3f286627b87eccc10039a3
# candidate_universe_hash=1aad26311c97c53a676da9e257abb24620c18de5
# golden_groups_output_hash=714923610ea55789f6085ba98a4acf29232be246
#
# Hash algorithm: SHA-1 (OpenSSL EVP_sha1), 40 lowercase hex chars (see golden.csv's
# own manifest comment for dictionary_sha1/generator_source_hash/candidate_universe_hash
# definitions -- identical here).
# golden_groups_output_hash: over the concatenation, in walk_groups' own emission
# order (dict-then-message per kDicts/ascending-msgtype order, pre-order depth-first
# within a message), of the exact bytes
#   "{dict}|{msg_type}|{path tag1 tag2 ...}|{no_tag}|{req tag1 tag2 ...}\n"
# (path = ancestor no_tags outer-to-inner, space-separated, empty for a depth-1 group;
# required tags ascending, space-separated). Computed over the OUTPUT ROWS ONLY.
#
dictionary,msg_type,group_path,no_tag,required_tags
FIX40,8,"",136,""
FIX40,J,"",73,"11"
FIX40,J,"",78,"79 80"
FIX40,J,"",124,""
FIX40,J,"",136,""
FIX40,N,"",73,"6 11 14 84"
FIX41,6,"",199,""
FIX41,B,"",33,"58"
FIX41,B,"",146,""
FIX41,C,"",33,"58"
FIX41,C,"",146,""
FIX41,J,"",73,""
FIX41,J,"",78,""
FIX41,J,"78",136,""
FIX41,J,"",124,""
FIX41,N,"",73,"6 11 14 84 151"
FIX42,6,"",199,""
FIX42,6,"",215,""
FIX42,8,"",382,""
FIX42,A,"",384,""
FIX42,B,"",33,"58"
FIX42,B,"",146,""
FIX42,B,"",215,""
FIX42,C,"",33,"58"
FIX42,C,"",146,""
FIX42,C,"",215,""
FIX42,D,"",78,""
FIX42,D,"",386,""
FIX42,E,"",73,"11 54 55 67"
FIX42,E,"73",78,""
FIX42,E,"73",386,""
FIX42,G,"",78,""
FIX42,G,"",386,""
FIX42,J,"",73,""
FIX42,J,"",78,""
FIX42,J,"78",136,""
FIX42,J,"",124,""
FIX42,N,"",73,"6 11 14 39 84 151"
FIX42,R,"",146,"55"
FIX42,V,"",146,"55"
FIX42,V,"",267,"269"
FIX42,W,"",268,"269 270"
FIX42,X,"",268,"279"
FIX42,Z,"",295,"55"
FIX42,b,"",296,""
FIX42,b,"296",295,""
FIX42,c,"",146,""
FIX42,d,"",146,""
FIX42,i,"",296,"295 302 304 311"
FIX42,i,"296",295,"299"
FIX42,k,"",398,""
FIX42,k,"",420,""
FIX42,l,"",420,"12 13"
FIX42,m,"",428,"44 55"
FIX43,6,"",199,""
FIX43,6,"",215,""
FIX43,6,"",454,""
FIX43,7,"",454,""
FIX43,8,"",232,""
FIX43,8,"",382,""
FIX43,8,"",453,""
FIX43,8,"",454,""
FIX43,8,"",518,""
FIX43,8,"",555,""
FIX43,8,"555",539,""
FIX43,8,"555",604,""
FIX43,A,"",384,""
FIX43,AA,"",146,""
FIX43,AA,"146",454,""
FIX43,AA,"146",555,""
FIX43,AA,"146 555",604,""
FIX43,AA,"",457,""
FIX43,AB,"",78,""
FIX43,AB,"",386,""
FIX43,AB,"",453,""
FIX43,AB,"",454,""
FIX43,AB,"",555,""
FIX43,AB,"555",539,""
FIX43,AB,"555",604,""
FIX43,AC,"",78,""
FIX43,AC,"",386,""
FIX43,AC,"",453,""
FIX43,AC,"",454,""
FIX43,AC,"",555,""
FIX43,AC,"555",539,""
FIX43,AC,"555",604,""
FIX43,AD,"",453,""
FIX43,AD,"",454,""
FIX43,AD,"",580,""
FIX43,AE,"",454,""
FIX43,AE,"",552,"37 54"
FIX43,AE,"552",136,""
FIX43,AE,"552",453,""
FIX43,AE,"552",518,""
FIX43,AE,"552",576,""
FIX43,AF,"",453,""
FIX43,AF,"",454,""
FIX43,AF,"",457,""
FIX43,AG,"",146,""
FIX43,AG,"146",232,""
FIX43,AG,"146",454,""
FIX43,AH,"",146,""
FIX43,AH,"146",454,""
FIX43,AI,"",453,""
FIX43,AI,"",454,""
FIX43,B,"",33,"58"
FIX43,B,"",146,""
FIX43,B,"146",454,""
FIX43,B,"",215,""
FIX43,C,"",33,"58"
FIX43,C,"",146,""
FIX43,C,"146",454,""
FIX43,C,"",215,""
FIX43,D,"",78,""
FIX43,D,"78",539,""
FIX43,D,"",232,""
FIX43,D,"",386,""
FIX43,D,"",453,""
FIX43,D,"",454,""
FIX43,E,"",73,"11 54 67"
FIX43,E,"73",78,""
FIX43,E,"73 78",539,""
FIX43,E,"73",232,""
FIX43,E,"73",386,""
FIX43,E,"73",453,""
FIX43,E,"73",454,""
FIX43,F,"",453,""
FIX43,F,"",454,""
FIX43,G,"",78,""
FIX43,G,"78",539,""
FIX43,G,"",386,""
FIX43,G,"",453,""
FIX43,G,"",454,""
FIX43,H,"",453,""
FIX43,H,"",454,""
FIX43,J,"",73,""
FIX43,J,"",78,""
FIX43,J,"78",136,""
FIX43,J,"78",539,""
FIX43,J,"",124,""
FIX43,J,"",453,""
FIX43,J,"",454,""
FIX43,N,"",73,"6 11 14 39 84 151"
FIX43,P,"",453,""
FIX43,Q,"",454,""
FIX43,R,"",146,""
FIX43,R,"146",232,""
FIX43,R,"146",454,""
FIX43,S,"",453,""
FIX43,S,"",454,""
FIX43,T,"",453,""
FIX43,V,"",146,""
FIX43,V,"146",454,""
FIX43,V,"",267,"269"
FIX43,V,"",386,""
FIX43,W,"",268,"269"
FIX43,W,"",454,""
FIX43,X,"",268,"279"
FIX43,X,"268",454,""
FIX43,Z,"",295,""
FIX43,Z,"295",454,""
FIX43,Z,"",453,""
FIX43,a,"",453,""
FIX43,a,"",454,""
FIX43,b,"",296,""
FIX43,b,"296",295,""
FIX43,b,"296 295",454,""
FIX43,b,"296",457,""
FIX43,b,"",453,""
FIX43,c,"",454,""
FIX43,c,"",555,""
FIX43,c,"555",604,""
FIX43,d,"",454,""
FIX43,d,"",555,""
FIX43,d,"555",604,""
FIX43,e,"",454,""
FIX43,f,"",454,""
FIX43,i,"",296,"295 302 304"
FIX43,i,"296",295,"299"
FIX43,i,"296 295",454,""
FIX43,i,"296",457,""
FIX43,i,"",453,""
FIX43,k,"",398,""
FIX43,k,"",420,""
FIX43,l,"",420,""
FIX43,m,"",428,"44"
FIX43,m,"428",454,""
FIX43,o,"",453,""
FIX43,o,"",473,""
FIX43,o,"473",539,""
FIX43,o,"",510,""
FIX43,p,"",453,""
FIX43,q,"",454,""
FIX43,q,"",457,""
FIX43,r,"",454,""
FIX43,r,"",457,""
FIX43,r,"",534,""
FIX43,s,"",232,""
FIX43,s,"",386,""
FIX43,s,"",454,""
FIX43,s,"",552,"11 54"
FIX43,s,"552",78,""
FIX43,s,"552 78",539,""
FIX43,s,"552",453,""
FIX43,t,"",232,""
FIX43,t,"",386,""
FIX43,t,"",454,""
FIX43,t,"",552,"11 41 54"
FIX43,t,"552",78,""
FIX43,t,"552 78",539,""
FIX43,t,"552",453,""
FIX43,u,"",454,""
FIX43,u,"",552,"11 41 54"
FIX43,u,"552",453,""
FIX43,w,"",558,""
FIX43,x,"",454,""
FIX43,y,"",146,""
FIX43,y,"146",454,""
FIX43,y,"146",555,""
FIX43,y,"146 555",604,""
FIX43,z,"",457,""
FIX44,6,"",199,""
FIX44,6,"",215,""
FIX44,6,"",232,""
FIX44,6,"",454,""
FIX44,6,"",555,""
FIX44,6,"555",604,""
FIX44,6,"555",683,""
FIX44,6,"",711,""
FIX44,6,"711",457,""
FIX44,6,"711",887,""
FIX44,6,"",864,""
FIX44,7,"",454,""
FIX44,7,"",555,""
FIX44,7,"555",604,""
FIX44,7,"",711,""
FIX44,7,"711",457,""
FIX44,7,"711",887,""
FIX44,7,"",864,""
FIX44,8,"",136,""
FIX44,8,"",232,""
FIX44,8,"",382,""
FIX44,8,"",453,""
FIX44,8,"453",802,""
FIX44,8,"",454,""
FIX44,8,"",518,""
FIX44,8,"",555,""
FIX44,8,"555",539,""
FIX44,8,"555 539",804,""
FIX44,8,"555",604,""
FIX44,8,"555",683,""
FIX44,8,"",711,""
FIX44,8,"711",457,""
FIX44,8,"711",887,""
FIX44,8,"",864,""
FIX44,A,"",384,""
FIX44,AA,"",146,""
FIX44,AA,"146",454,""
FIX44,AA,"146",555,""
FIX44,AA,"146 555",604,""
FIX44,AA,"146",864,""
FIX44,AA,"146",870,""
FIX44,AA,"",457,""
FIX44,AA,"",887,""
FIX44,AB,"",78,""
FIX44,AB,"78",948,""
FIX44,AB,"78 948",952,""
FIX44,AB,"",386,""
FIX44,AB,"",453,""
FIX44,AB,"453",802,""
FIX44,AB,"",454,""
FIX44,AB,"",555,""
FIX44,AB,"555",539,""
FIX44,AB,"555 539",804,""
FIX44,AB,"555",604,""
FIX44,AB,"555",670,""
FIX44,AB,"555 670",756,""
FIX44,AB,"555 670 756",806,""
FIX44,AB,"555",683,""
FIX44,AB,"",711,""
FIX44,AB,"711",457,""
FIX44,AB,"711",887,""
FIX44,AB,"",864,""
FIX44,AC,"",78,""
FIX44,AC,"78",948,""
FIX44,AC,"78 948",952,""
FIX44,AC,"",386,""
FIX44,AC,"",453,""
FIX44,AC,"453",802,""
FIX44,AC,"",454,""
FIX44,AC,"",555,""
FIX44,AC,"555",539,""
FIX44,AC,"555 539",804,""
FIX44,AC,"555",604,""
FIX44,AC,"555",670,""
FIX44,AC,"555 670",756,""
FIX44,AC,"555 670 756",806,""
FIX44,AC,"555",683,""
FIX44,AC,"",711,""
FIX44,AC,"711",457,""
FIX44,AC,"711",887,""
FIX44,AC,"",864,""
FIX44,AD,"",453,""
FIX44,AD,"453",802,""
FIX44,AD,"",454,""
FIX44,AD,"",555,""
FIX44,AD,"555",604,""
FIX44,AD,"",580,""
FIX44,AD,"",711,""
FIX44,AD,"711",457,""
FIX44,AD,"711",887,""
FIX44,AD,"",864,""
FIX44,AD,"",870,""
FIX44,AE,"",454,""
FIX44,AE,"",552,"37 54"
FIX44,AE,"552",78,""
FIX44,AE,"552 78",756,""
FIX44,AE,"552 78 756",806,""
FIX44,AE,"552",136,""
FIX44,AE,"552",232,""
FIX44,AE,"552",453,""
FIX44,AE,"552 453",802,""
FIX44,AE,"552",518,""
FIX44,AE,"552",576,""
FIX44,AE,"",555,""
FIX44,AE,"555",539,""
FIX44,AE,"555 539",804,""
FIX44,AE,"555",604,""
FIX44,AE,"555",683,""
FIX44,AE,"",711,""
FIX44,AE,"711",457,""
FIX44,AE,"711",887,""
FIX44,AE,"",753,""
FIX44,AE,"",768,""
FIX44,AE,"",864,""
FIX44,AF,"",453,""
FIX44,AF,"453",802,""
FIX44,AF,"",454,""
FIX44,AF,"",457,""
FIX44,AF,"",864,""
FIX44,AF,"",887,""
FIX44,AG,"",146,""
FIX44,AG,"146",232,""
FIX44,AG,"146",453,""
FIX44,AG,"146 453",802,""
FIX44,AG,"146",454,""
FIX44,AG,"146",555,""
FIX44,AG,"146 555",539,""
FIX44,AG,"146 555 539",804,""
FIX44,AG,"146 555",604,""
FIX44,AG,"146 555",683,""
FIX44,AG,"146",711,""
FIX44,AG,"146 711",457,""
FIX44,AG,"146 711",887,""
FIX44,AG,"146",735,""
FIX44,AG,"146",864,""
FIX44,AH,"",146,""
FIX44,AH,"146",454,""
FIX44,AH,"146",555,""
FIX44,AH,"146 555",604,""
FIX44,AH,"146",711,""
FIX44,AH,"146 711",457,""
FIX44,AH,"146 711",887,""
FIX44,AH,"146",864,""
FIX44,AI,"",232,""
FIX44,AI,"",453,""
FIX44,AI,"453",802,""
FIX44,AI,"",454,""
FIX44,AI,"",555,""
FIX44,AI,"555",539,""
FIX44,AI,"555 539",804,""
FIX44,AI,"555",604,""
FIX44,AI,"555",683,""
FIX44,AI,"",711,""
FIX44,AI,"711",457,""
FIX44,AI,"711",887,""
FIX44,AI,"",735,""
FIX44,AI,"",864,""
FIX44,AJ,"",232,""
FIX44,AJ,"",453,""
FIX44,AJ,"453",802,""
FIX44,AJ,"",454,""
FIX44,AJ,"",555,""
FIX44,AJ,"555",539,""
FIX44,AJ,"555 539",804,""
FIX44,AJ,"555",604,""
FIX44,AJ,"555",683,""
FIX44,AJ,"",711,""
FIX44,AJ,"711",457,""
FIX44,AJ,"711",887,""
FIX44,AJ,"",735,""
FIX44,AJ,"",864,""
FIX44,AK,"",73,""
FIX44,AK,"73",756,""
FIX44,AK,"73 756",806,""
FIX44,AK,"",85,""
FIX44,AK,"85",781,""
FIX44,AK,"85 781",801,""
FIX44,AK,"",136,""
FIX44,AK,"",232,""
FIX44,AK,"",453,""
FIX44,AK,"453",802,""
FIX44,AK,"",454,""
FIX44,AK,"",555,""
FIX44,AK,"555",604,""
FIX44,AK,"",711,""
FIX44,AK,"711",457,""
FIX44,AK,"711",887,""
FIX44,AK,"",768,""
FIX44,AK,"",862,"528 863"
FIX44,AK,"",864,""
FIX44,AK,"",870,""
FIX44,AL,"",386,""
FIX44,AL,"",453,""
FIX44,AL,"453",802,""
FIX44,AL,"",454,""
FIX44,AL,"",555,""
FIX44,AL,"555",604,""
FIX44,AL,"",702,""
FIX44,AL,"702",539,""
FIX44,AL,"702 539",804,""
FIX44,AL,"",711,""
FIX44,AL,"711",457,""
FIX44,AL,"711",887,""
FIX44,AL,"",864,""
FIX44,AM,"",386,""
FIX44,AM,"",453,""
FIX44,AM,"453",802,""
FIX44,AM,"",454,""
FIX44,AM,"",555,""
FIX44,AM,"555",604,""
FIX44,AM,"",702,""
FIX44,AM,"702",539,""
FIX44,AM,"702 539",804,""
FIX44,AM,"",711,""
FIX44,AM,"711",457,""
FIX44,AM,"711",887,""
FIX44,AM,"",753,""
FIX44,AM,"",864,""
FIX44,AN,"",386,""
FIX44,AN,"",453,""
FIX44,AN,"453",802,""
FIX44,AN,"",454,""
FIX44,AN,"",555,""
FIX44,AN,"555",604,""
FIX44,AN,"",711,""
FIX44,AN,"711",457,""
FIX44,AN,"711",887,""
FIX44,AN,"",864,""
FIX44,AO,"",453,""
FIX44,AO,"453",802,""
FIX44,AO,"",454,""
FIX44,AO,"",555,""
FIX44,AO,"555",604,""
FIX44,AO,"",711,""
FIX44,AO,"711",457,""
FIX44,AO,"711",887,""
FIX44,AO,"",864,""
FIX44,AP,"",453,""
FIX44,AP,"453",802,""
FIX44,AP,"",454,""
FIX44,AP,"",555,""
FIX44,AP,"555",604,""
FIX44,AP,"",702,""
FIX44,AP,"702",539,""
FIX44,AP,"702 539",804,""
FIX44,AP,"",711,""
FIX44,AP,"711",457,""
FIX44,AP,"711",887,""
FIX44,AP,"",753,""
FIX44,AP,"",864,""
FIX44,AQ,"",454,""
FIX44,AQ,"",555,""
FIX44,AQ,"555",604,""
FIX44,AQ,"",711,""
FIX44,AQ,"711",457,""
FIX44,AQ,"711",887,""
FIX44,AQ,"",864,""
FIX44,AR,"",78,""
FIX44,AR,"78",756,""
FIX44,AR,"78 756",806,""
FIX44,AR,"",454,""
FIX44,AR,"",555,""
FIX44,AR,"555",539,""
FIX44,AR,"555 539",804,""
FIX44,AR,"555",604,""
FIX44,AR,"555",683,""
FIX44,AR,"",768,""
FIX44,AR,"",864,""
FIX44,AS,"",73,""
FIX44,AS,"73",756,""
FIX44,AS,"73 756",806,""
FIX44,AS,"",78,""
FIX44,AS,"78",85,""
FIX44,AS,"78 85",781,""
FIX44,AS,"78 85 781",801,""
FIX44,AS,"78",136,""
FIX44,AS,"78",539,""
FIX44,AS,"78 539",804,""
FIX44,AS,"78",576,""
FIX44,AS,"",124,""
FIX44,AS,"",232,""
FIX44,AS,"",453,""
FIX44,AS,"453",802,""
FIX44,AS,"",454,""
FIX44,AS,"",555,""
FIX44,AS,"555",604,""
FIX44,AS,"",711,""
FIX44,AS,"711",457,""
FIX44,AS,"711",887,""
FIX44,AS,"",864,""
FIX44,AS,"",870,""
FIX44,AT,"",78,""
FIX44,AT,"",453,""
FIX44,AT,"453",802,""
FIX44,AV,"",453,""
FIX44,AV,"453",802,""
FIX44,AW,"",453,""
FIX44,AW,"453",802,""
FIX44,AW,"",454,""
FIX44,AW,"",555,""
FIX44,AW,"555",604,""
FIX44,AW,"",702,""
FIX44,AW,"702",539,""
FIX44,AW,"702 539",804,""
FIX44,AW,"",711,""
FIX44,AW,"711",457,""
FIX44,AW,"711",887,""
FIX44,AW,"",753,""
FIX44,AW,"",864,""
FIX44,AX,"",124,""
FIX44,AX,"",136,""
FIX44,AX,"",232,""
FIX44,AX,"",453,""
FIX44,AX,"453",802,""
FIX44,AX,"",454,""
FIX44,AX,"",555,""
FIX44,AX,"555",604,""
FIX44,AX,"",711,""
FIX44,AX,"711",457,""
FIX44,AX,"711",887,""
FIX44,AX,"",768,""
FIX44,AX,"",864,""
FIX44,AX,"",897,""
FIX44,AY,"",85,""
FIX44,AY,"85",781,""
FIX44,AY,"85 781",801,""
FIX44,AY,"",124,""
FIX44,AY,"",136,""
FIX44,AY,"",232,""
FIX44,AY,"",453,""
FIX44,AY,"453",802,""
FIX44,AY,"",454,""
FIX44,AY,"",555,""
FIX44,AY,"555",604,""
FIX44,AY,"",711,""
FIX44,AY,"711",457,""
FIX44,AY,"711",887,""
FIX44,AY,"",768,""
FIX44,AY,"",864,""
FIX44,AY,"",897,""
FIX44,AZ,"",124,""
FIX44,AZ,"",136,""
FIX44,AZ,"",232,""
FIX44,AZ,"",453,""
FIX44,AZ,"453",802,""
FIX44,AZ,"",454,""
FIX44,AZ,"",555,""
FIX44,AZ,"555",604,""
FIX44,AZ,"",711,""
FIX44,AZ,"711",457,""
FIX44,AZ,"711",887,""
FIX44,AZ,"",768,""
FIX44,AZ,"",864,""
FIX44,AZ,"",897,""
FIX44,B,"",33,"58"
FIX44,B,"",146,""
FIX44,B,"146",454,""
FIX44,B,"146",864,""
FIX44,B,"",215,""
FIX44,B,"",555,""
FIX44,B,"555",604,""
FIX44,B,"",711,""
FIX44,B,"711",457,""
FIX44,B,"711",887,""
FIX44,BA,"",85,""
FIX44,BA,"85",781,""
FIX44,BA,"85 781",801,""
FIX44,BA,"",124,""
FIX44,BA,"",136,""
FIX44,BA,"",232,""
FIX44,BA,"",453,""
FIX44,BA,"453",802,""
FIX44,BA,"",454,""
FIX44,BA,"",555,""
FIX44,BA,"555",604,""
FIX44,BA,"",711,""
FIX44,BA,"711",457,""
FIX44,BA,"711",887,""
FIX44,BA,"",768,""
FIX44,BA,"",864,""
FIX44,BA,"",897,""
FIX44,BB,"",85,""
FIX44,BB,"85",781,""
FIX44,BB,"85 781",801,""
FIX44,BB,"",124,""
FIX44,BB,"",232,""
FIX44,BB,"",453,""
FIX44,BB,"453",802,""
FIX44,BB,"",454,""
FIX44,BB,"",555,""
FIX44,BB,"555",604,""
FIX44,BB,"",711,""
FIX44,BB,"711",457,""
FIX44,BB,"711",887,""
FIX44,BB,"",768,""
FIX44,BB,"",864,""
FIX44,BB,"",897,""
FIX44,BB,"",938,""
FIX44,BC,"",936,""
FIX44,BD,"",936,""
FIX44,BG,"",124,""
FIX44,BG,"",453,""
FIX44,BG,"453",802,""
FIX44,BG,"",454,""
FIX44,BG,"",555,""
FIX44,BG,"555",604,""
FIX44,BG,"",711,""
FIX44,BG,"711",457,""
FIX44,BG,"711",887,""
FIX44,BG,"",864,""
FIX44,BG,"",897,""
FIX44,BG,"",938,""
FIX44,BH,"",73,""
FIX44,BH,"73",756,""
FIX44,BH,"73 756",806,""
FIX44,C,"",33,"58"
FIX44,C,"",146,""
FIX44,C,"146",454,""
FIX44,C,"146",864,""
FIX44,C,"",215,""
FIX44,C,"",555,""
FIX44,C,"555",604,""
FIX44,C,"",711,""
FIX44,C,"711",457,""
FIX44,C,"711",887,""
FIX44,D,"",78,""
FIX44,D,"78",539,""
FIX44,D,"78 539",804,""
FIX44,D,"",232,""
FIX44,D,"",386,""
FIX44,D,"",453,""
FIX44,D,"453",802,""
FIX44,D,"",454,""
FIX44,D,"",711,""
FIX44,D,"711",457,""
FIX44,D,"711",887,""
FIX44,D,"",864,""
FIX44,E,"",73,"11 54 67"
FIX44,E,"73",78,""
FIX44,E,"73 78",539,""
FIX44,E,"73 78 539",804,""
FIX44,E,"73",232,""
FIX44,E,"73",386,""
FIX44,E,"73",453,""
FIX44,E,"73 453",802,""
FIX44,E,"73",454,""
FIX44,E,"73",711,""
FIX44,E,"73 711",457,""
FIX44,E,"73 711",887,""
FIX44,E,"73",864,""
FIX44,F,"",453,""
FIX44,F,"453",802,""
FIX44,F,"",454,""
FIX44,F,"",711,""
FIX44,F,"711",457,""
FIX44,F,"711",887,""
FIX44,F,"",864,""
FIX44,G,"",78,""
FIX44,G,"78",539,""
FIX44,G,"78 539",804,""
FIX44,G,"",386,""
FIX44,G,"",453,""
FIX44,G,"453",802,""
FIX44,G,"",454,""
FIX44,G,"",711,""
FIX44,G,"711",457,""
FIX44,G,"711",887,""
FIX44,G,"",864,""
FIX44,H,"",453,""
FIX44,H,"453",802,""
FIX44,H,"",454,""
FIX44,H,"",711,""
FIX44,H,"711",457,""
FIX44,H,"711",887,""
FIX44,H,"",864,""
FIX44,J,"",73,""
FIX44,J,"73",756,""
FIX44,J,"73 756",806,""
FIX44,J,"",78,""
FIX44,J,"78",85,""
FIX44,J,"78 85",781,""
FIX44,J,"78 85 781",801,""
FIX44,J,"78",136,""
FIX44,J,"78",539,""
FIX44,J,"78 539",804,""
FIX44,J,"78",576,""
FIX44,J,"",124,""
FIX44,J,"",232,""
FIX44,J,"",453,""
FIX44,J,"453",802,""
FIX44,J,"",454,""
FIX44,J,"",555,""
FIX44,J,"555",604,""
FIX44,J,"",711,""
FIX44,J,"711",457,""
FIX44,J,"711",887,""
FIX44,J,"",864,""
FIX44,J,"",870,""
FIX44,N,"",73,"6 11 14 39 84 151"
FIX44,P,"",78,""
FIX44,P,"",453,""
FIX44,P,"453",802,""
FIX44,Q,"",454,""
FIX44,Q,"",555,""
FIX44,Q,"555",604,""
FIX44,Q,"",711,""
FIX44,Q,"711",457,""
FIX44,Q,"711",887,""
FIX44,Q,"",864,""
FIX44,R,"",146,""
FIX44,R,"146",232,""
FIX44,R,"146",453,""
FIX44,R,"146 453",802,""
FIX44,R,"146",454,""
FIX44,R,"146",555,""
FIX44,R,"146 555",539,""
FIX44,R,"146 555 539",804,""
FIX44,R,"146 555",604,""
FIX44,R,"146 555",683,""
FIX44,R,"146",711,""
FIX44,R,"146 711",457,""
FIX44,R,"146 711",887,""
FIX44,R,"146",735,""
FIX44,R,"146",864,""
FIX44,S,"",232,""
FIX44,S,"",453,""
FIX44,S,"453",802,""
FIX44,S,"",454,""
FIX44,S,"",555,""
FIX44,S,"555",539,""
FIX44,S,"555 539",804,""
FIX44,S,"555",604,""
FIX44,S,"555",683,""
FIX44,S,"",711,""
FIX44,S,"711",457,""
FIX44,S,"711",887,""
FIX44,S,"",735,""
FIX44,S,"",864,""
FIX44,T,"",778,""
FIX44,T,"778",85,""
FIX44,T,"778 85",781,""
FIX44,T,"778 85 781",801,""
FIX44,T,"778",453,""
FIX44,T,"778 453",802,""
FIX44,V,"",146,""
FIX44,V,"146",454,""
FIX44,V,"146",555,""
FIX44,V,"146 555",604,""
FIX44,V,"146",711,""
FIX44,V,"146 711",457,""
FIX44,V,"146 711",887,""
FIX44,V,"146",864,""
FIX44,V,"",267,"269"
FIX44,V,"",386,""
FIX44,W,"",268,"269"
FIX44,W,"",454,""
FIX44,W,"",555,""
FIX44,W,"555",604,""
FIX44,W,"",711,""
FIX44,W,"711",457,""
FIX44,W,"711",887,""
FIX44,W,"",864,""
FIX44,X,"",268,"279"
FIX44,X,"268",454,""
FIX44,X,"268",555,""
FIX44,X,"268 555",604,""
FIX44,X,"268",711,""
FIX44,X,"268 711",457,""
FIX44,X,"268 711",887,""
FIX44,X,"268",864,""
FIX44,Y,"",816,""
FIX44,Z,"",295,""
FIX44,Z,"295",454,""
FIX44,Z,"295",555,""
FIX44,Z,"295 555",604,""
FIX44,Z,"295",711,""
FIX44,Z,"295 711",457,""
FIX44,Z,"295 711",887,""
FIX44,Z,"295",864,""
FIX44,Z,"",453,""
FIX44,Z,"453",802,""
FIX44,a,"",453,""
FIX44,a,"453",802,""
FIX44,a,"",454,""
FIX44,a,"",555,""
FIX44,a,"555",604,""
FIX44,a,"",711,""
FIX44,a,"711",457,""
FIX44,a,"711",887,""
FIX44,a,"",864,""
FIX44,b,"",296,""
FIX44,b,"296",295,""
FIX44,b,"296 295",454,""
FIX44,b,"296 295",555,""
FIX44,b,"296 295 555",604,""
FIX44,b,"296 295",864,""
FIX44,b,"296",457,""
FIX44,b,"296",887,""
FIX44,b,"",453,""
FIX44,b,"453",802,""
FIX44,c,"",454,""
FIX44,c,"",555,""
FIX44,c,"555",604,""
FIX44,c,"",711,""
FIX44,c,"711",457,""
FIX44,c,"711",887,""
FIX44,c,"",864,""
FIX44,c,"",870,""
FIX44,d,"",454,""
FIX44,d,"",555,""
FIX44,d,"555",604,""
FIX44,d,"",711,""
FIX44,d,"711",457,""
FIX44,d,"711",887,""
FIX44,d,"",864,""
FIX44,d,"",870,""
FIX44,e,"",454,""
FIX44,e,"",555,""
FIX44,e,"555",604,""
FIX44,e,"",711,""
FIX44,e,"711",457,""
FIX44,e,"711",887,""
FIX44,e,"",864,""
FIX44,e,"",870,""
FIX44,f,"",454,""
FIX44,f,"",555,""
FIX44,f,"555",604,""
FIX44,f,"",711,""
FIX44,f,"711",457,""
FIX44,f,"711",887,""
FIX44,f,"",864,""
FIX44,f,"",870,""
FIX44,i,"",296,"302 304"
FIX44,i,"296",295,"299"
FIX44,i,"296 295",454,""
FIX44,i,"296 295",555,""
FIX44,i,"296 295 555",604,""
FIX44,i,"296 295",864,""
FIX44,i,"296",457,""
FIX44,i,"296",887,""
FIX44,i,"",453,""
FIX44,i,"453",802,""
FIX44,k,"",398,""
FIX44,k,"",420,""
FIX44,l,"",420,""
FIX44,m,"",428,""
FIX44,m,"428",454,""
FIX44,m,"428",864,""
FIX44,m,"",711,""
FIX44,m,"711",457,""
FIX44,m,"711",887,""
FIX44,o,"",453,""
FIX44,o,"453",802,""
FIX44,o,"",473,""
FIX44,o,"473",539,""
FIX44,o,"473 539",804,""
FIX44,o,"",510,""
FIX44,p,"",453,""
FIX44,p,"453",802,""
FIX44,q,"",454,""
FIX44,q,"",457,""
FIX44,q,"",864,""
FIX44,q,"",887,""
FIX44,r,"",454,""
FIX44,r,"",457,""
FIX44,r,"",534,""
FIX44,r,"",864,""
FIX44,r,"",887,""
FIX44,s,"",232,""
FIX44,s,"",386,""
FIX44,s,"",454,""
FIX44,s,"",552,"11 54"
FIX44,s,"552",78,""
FIX44,s,"552 78",539,""
FIX44,s,"552 78 539",804,""
FIX44,s,"552",453,""
FIX44,s,"552 453",802,""
FIX44,s,"",555,""
FIX44,s,"555",604,""
FIX44,s,"",711,""
FIX44,s,"711",457,""
FIX44,s,"711",887,""
FIX44,s,"",864,""
FIX44,t,"",232,""
FIX44,t,"",386,""
FIX44,t,"",454,""
FIX44,t,"",552,"11 54"
FIX44,t,"552",78,""
FIX44,t,"552 78",539,""
FIX44,t,"552 78 539",804,""
FIX44,t,"552",453,""
FIX44,t,"552 453",802,""
FIX44,t,"",555,""
FIX44,t,"555",604,""
FIX44,t,"",711,""
FIX44,t,"711",457,""
FIX44,t,"711",887,""
FIX44,t,"",864,""
FIX44,u,"",454,""
FIX44,u,"",552,"11 41 54"
FIX44,u,"552",453,""
FIX44,u,"552 453",802,""
FIX44,u,"",555,""
FIX44,u,"555",604,""
FIX44,u,"",711,""
FIX44,u,"711",457,""
FIX44,u,"711",887,""
FIX44,u,"",864,""
FIX44,w,"",558,""
FIX44,x,"",454,""
FIX44,x,"",555,""
FIX44,x,"555",604,""
FIX44,x,"",711,""
FIX44,x,"711",457,""
FIX44,x,"711",887,""
FIX44,x,"",864,""
FIX44,x,"",870,""
FIX44,y,"",146,""
FIX44,y,"146",232,""
FIX44,y,"146",454,""
FIX44,y,"146",555,""
FIX44,y,"146 555",604,""
FIX44,y,"146 555",683,""
FIX44,y,"146",711,""
FIX44,y,"146 711",457,""
FIX44,y,"146 711",887,""
FIX44,y,"146",864,""
FIX44,y,"146",870,""
FIX44,z,"",457,""
FIX44,z,"",887,""
FIX50,6,"",199,""
FIX50,6,"",215,""
FIX50,6,"",232,""
FIX50,6,"",453,""
FIX50,6,"453",802,""
FIX50,6,"",454,""
FIX50,6,"",555,""
FIX50,6,"555",604,""
FIX50,6,"555",683,""
FIX50,6,"",711,""
FIX50,6,"711",457,""
FIX50,6,"711",887,""
FIX50,6,"711",1058,""
FIX50,6,"711 1058",1062,""
FIX50,6,"",864,""
FIX50,6,"",1018,""
FIX50,6,"1018",1052,""
FIX50,7,"",454,""
FIX50,7,"",555,""
FIX50,7,"555",604,""
FIX50,7,"",711,""
FIX50,7,"711",457,""
FIX50,7,"711",887,""
FIX50,7,"711",1058,""
FIX50,7,"711 1058",1062,""
FIX50,7,"",864,""
FIX50,7,"",1018,""
FIX50,7,"1018",1052,""
FIX50,8,"",136,""
FIX50,8,"",232,""
FIX50,8,"",382,""
FIX50,8,"",453,""
FIX50,8,"453",802,""
FIX50,8,"",454,""
FIX50,8,"",518,""
FIX50,8,"",555,""
FIX50,8,"555",539,""
FIX50,8,"555 539",804,""
FIX50,8,"555",604,""
FIX50,8,"555",683,""
FIX50,8,"",711,""
FIX50,8,"711",457,""
FIX50,8,"711",887,""
FIX50,8,"711",1058,""
FIX50,8,"711 1058",1062,""
FIX50,8,"",768,""
FIX50,8,"",864,""
FIX50,8,"",957,""
FIX50,8,"",1018,""
FIX50,8,"1018",1052,""
FIX50,AA,"",146,""
FIX50,AA,"146",454,""
FIX50,AA,"146",555,""
FIX50,AA,"146 555",604,""
FIX50,AA,"146",864,""
FIX50,AA,"146",870,""
FIX50,AA,"146",1018,""
FIX50,AA,"146 1018",1052,""
FIX50,AA,"",457,""
FIX50,AA,"",887,""
FIX50,AA,"",1058,""
FIX50,AA,"1058",1062,""
FIX50,AB,"",78,""
FIX50,AB,"78",948,""
FIX50,AB,"78 948",952,""
FIX50,AB,"",386,""
FIX50,AB,"",453,""
FIX50,AB,"453",802,""
FIX50,AB,"",454,""
FIX50,AB,"",555,""
FIX50,AB,"555",539,""
FIX50,AB,"555 539",804,""
FIX50,AB,"555",604,""
FIX50,AB,"555",670,""
FIX50,AB,"555 670",756,""
FIX50,AB,"555 670 756",806,""
FIX50,AB,"555",683,""
FIX50,AB,"",711,""
FIX50,AB,"711",457,""
FIX50,AB,"711",887,""
FIX50,AB,"711",1058,""
FIX50,AB,"711 1058",1062,""
FIX50,AB,"",864,""
FIX50,AB,"",957,""
FIX50,AB,"",1018,""
FIX50,AB,"1018",1052,""
FIX50,AC,"",78,""
FIX50,AC,"78",948,""
FIX50,AC,"78 948",952,""
FIX50,AC,"",386,""
FIX50,AC,"",453,""
FIX50,AC,"453",802,""
FIX50,AC,"",454,""
FIX50,AC,"",555,""
FIX50,AC,"555",539,""
FIX50,AC,"555 539",804,""
FIX50,AC,"555",604,""
FIX50,AC,"555",670,""
FIX50,AC,"555 670",756,""
FIX50,AC,"555 670 756",806,""
FIX50,AC,"555",683,""
FIX50,AC,"",711,""
FIX50,AC,"711",457,""
FIX50,AC,"711",887,""
FIX50,AC,"711",1058,""
FIX50,AC,"711 1058",1062,""
FIX50,AC,"",864,""
FIX50,AC,"",957,""
FIX50,AC,"",1018,""
FIX50,AC,"1018",1052,""
FIX50,AD,"",453,""
FIX50,AD,"453",802,""
FIX50,AD,"",454,""
FIX50,AD,"",555,""
FIX50,AD,"555",604,""
FIX50,AD,"",580,""
FIX50,AD,"",711,""
FIX50,AD,"711",457,""
FIX50,AD,"711",887,""
FIX50,AD,"711",1058,""
FIX50,AD,"711 1058",1062,""
FIX50,AD,"",864,""
FIX50,AD,"",870,""
FIX50,AD,"",1018,""
FIX50,AD,"1018",1052,""
FIX50,AE,"",454,""
FIX50,AE,"",552,"54"
FIX50,AE,"552",78,""
FIX50,AE,"552 78",756,""
FIX50,AE,"552 78 756",806,""
FIX50,AE,"552",136,""
FIX50,AE,"552",232,""
FIX50,AE,"552",453,""
FIX50,AE,"552 453",802,""
FIX50,AE,"552",518,""
FIX50,AE,"552",576,""
FIX50,AE,"552",1016,""
FIX50,AE,"",555,""
FIX50,AE,"555",539,""
FIX50,AE,"555 539",804,""
FIX50,AE,"555",604,""
FIX50,AE,"555",683,""
FIX50,AE,"",711,""
FIX50,AE,"711",457,""
FIX50,AE,"711",887,""
FIX50,AE,"711",1058,""
FIX50,AE,"711 1058",1062,""
FIX50,AE,"",753,""
FIX50,AE,"",768,""
FIX50,AE,"",864,""
FIX50,AE,"",1018,""
FIX50,AE,"1018",1052,""
FIX50,AE,"",1116,""
FIX50,AE,"1116",1120,""
FIX50,AF,"",453,""
FIX50,AF,"453",802,""
FIX50,AF,"",454,""
FIX50,AF,"",457,""
FIX50,AF,"",864,""
FIX50,AF,"",887,""
FIX50,AF,"",1018,""
FIX50,AF,"1018",1052,""
FIX50,AF,"",1058,""
FIX50,AF,"1058",1062,""
FIX50,AG,"",146,""
FIX50,AG,"146",232,""
FIX50,AG,"146",453,""
FIX50,AG,"146 453",802,""
FIX50,AG,"146",454,""
FIX50,AG,"146",555,""
FIX50,AG,"146 555",539,""
FIX50,AG,"146 555 539",804,""
FIX50,AG,"146 555",604,""
FIX50,AG,"146 555",683,""
FIX50,AG,"146",711,""
FIX50,AG,"146 711",457,""
FIX50,AG,"146 711",887,""
FIX50,AG,"146 711",1058,""
FIX50,AG,"146 711 1058",1062,""
FIX50,AG,"146",735,""
FIX50,AG,"146",864,""
FIX50,AG,"146",1018,""
FIX50,AG,"146 1018",1052,""
FIX50,AH,"",146,""
FIX50,AH,"146",454,""
FIX50,AH,"146",555,""
FIX50,AH,"146 555",604,""
FIX50,AH,"146",711,""
FIX50,AH,"146 711",457,""
FIX50,AH,"146 711",887,""
FIX50,AH,"146 711",1058,""
FIX50,AH,"146 711 1058",1062,""
FIX50,AH,"146",864,""
FIX50,AH,"146",1018,""
FIX50,AH,"146 1018",1052,""
FIX50,AI,"",232,""
FIX50,AI,"",453,""
FIX50,AI,"453",802,""
FIX50,AI,"",454,""
FIX50,AI,"",555,""
FIX50,AI,"555",539,""
FIX50,AI,"555 539",804,""
FIX50,AI,"555",604,""
FIX50,AI,"555",683,""
FIX50,AI,"",711,""
FIX50,AI,"711",457,""
FIX50,AI,"711",887,""
FIX50,AI,"711",1058,""
FIX50,AI,"711 1058",1062,""
FIX50,AI,"",735,""
FIX50,AI,"",864,""
FIX50,AI,"",1018,""
FIX50,AI,"1018",1052,""
FIX50,AJ,"",232,""
FIX50,AJ,"",453,""
FIX50,AJ,"453",802,""
FIX50,AJ,"",454,""
FIX50,AJ,"",555,""
FIX50,AJ,"555",539,""
FIX50,AJ,"555 539",804,""
FIX50,AJ,"555",604,""
FIX50,AJ,"555",683,""
FIX50,AJ,"",711,""
FIX50,AJ,"711",457,""
FIX50,AJ,"711",887,""
FIX50,AJ,"711",1058,""
FIX50,AJ,"711 1058",1062,""
FIX50,AJ,"",735,""
FIX50,AJ,"",864,""
FIX50,AJ,"",1018,""
FIX50,AJ,"1018",1052,""
FIX50,AK,"",73,""
FIX50,AK,"73",756,""
FIX50,AK,"73 756",806,""
FIX50,AK,"",85,""
FIX50,AK,"85",781,""
FIX50,AK,"85 781",801,""
FIX50,AK,"",136,""
FIX50,AK,"",232,""
FIX50,AK,"",453,""
FIX50,AK,"453",802,""
FIX50,AK,"",454,""
FIX50,AK,"",555,""
FIX50,AK,"555",604,""
FIX50,AK,"",711,""
FIX50,AK,"711",457,""
FIX50,AK,"711",887,""
FIX50,AK,"711",1058,""
FIX50,AK,"711 1058",1062,""
FIX50,AK,"",768,""
FIX50,AK,"",862,"528 863"
FIX50,AK,"",864,""
FIX50,AK,"",870,""
FIX50,AK,"",1018,""
FIX50,AK,"1018",1052,""
FIX50,AL,"",386,""
FIX50,AL,"",453,""
FIX50,AL,"453",802,""
FIX50,AL,"",454,""
FIX50,AL,"",555,""
FIX50,AL,"555",604,""
FIX50,AL,"",702,""
FIX50,AL,"702",539,""
FIX50,AL,"702 539",804,""
FIX50,AL,"",711,""
FIX50,AL,"711",457,""
FIX50,AL,"711",887,""
FIX50,AL,"711",1058,""
FIX50,AL,"711 1058",1062,""
FIX50,AL,"",753,""
FIX50,AL,"",864,""
FIX50,AL,"",1018,""
FIX50,AL,"1018",1052,""
FIX50,AM,"",386,""
FIX50,AM,"",453,""
FIX50,AM,"453",802,""
FIX50,AM,"",454,""
FIX50,AM,"",555,""
FIX50,AM,"555",604,""
FIX50,AM,"",702,""
FIX50,AM,"702",539,""
FIX50,AM,"702 539",804,""
FIX50,AM,"",711,""
FIX50,AM,"711",457,""
FIX50,AM,"711",887,""
FIX50,AM,"711",1058,""
FIX50,AM,"711 1058",1062,""
FIX50,AM,"",753,""
FIX50,AM,"",864,""
FIX50,AM,"",1018,""
FIX50,AM,"1018",1052,""
FIX50,AN,"",386,""
FIX50,AN,"",453,""
FIX50,AN,"453",802,""
FIX50,AN,"",454,""
FIX50,AN,"",555,""
FIX50,AN,"555",604,""
FIX50,AN,"",711,""
FIX50,AN,"711",457,""
FIX50,AN,"711",887,""
FIX50,AN,"711",1058,""
FIX50,AN,"711 1058",1062,""
FIX50,AN,"",864,""
FIX50,AN,"",1018,""
FIX50,AN,"1018",1052,""
FIX50,AO,"",453,""
FIX50,AO,"453",802,""
FIX50,AO,"",454,""
FIX50,AO,"",555,""
FIX50,AO,"555",604,""
FIX50,AO,"",711,""
FIX50,AO,"711",457,""
FIX50,AO,"711",887,""
FIX50,AO,"711",1058,""
FIX50,AO,"711 1058",1062,""
FIX50,AO,"",864,""
FIX50,AO,"",1018,""
FIX50,AO,"1018",1052,""
FIX50,AP,"",453,""
FIX50,AP,"453",802,""
FIX50,AP,"",454,""
FIX50,AP,"",555,""
FIX50,AP,"555",604,""
FIX50,AP,"",702,""
FIX50,AP,"702",539,""
FIX50,AP,"702 539",804,""
FIX50,AP,"",711,""
FIX50,AP,"711",457,""
FIX50,AP,"711",887,""
FIX50,AP,"711",984,""
FIX50,AP,"711",1058,""
FIX50,AP,"711 1058",1062,""
FIX50,AP,"",753,""
FIX50,AP,"",864,""
FIX50,AP,"",1018,""
FIX50,AP,"1018",1052,""
FIX50,AQ,"",454,""
FIX50,AQ,"",555,""
FIX50,AQ,"555",604,""
FIX50,AQ,"",711,""
FIX50,AQ,"711",457,""
FIX50,AQ,"711",887,""
FIX50,AQ,"711",1058,""
FIX50,AQ,"711 1058",1062,""
FIX50,AQ,"",864,""
FIX50,AQ,"",1018,""
FIX50,AQ,"1018",1052,""
FIX50,AR,"",454,""
FIX50,AR,"",552,"54"
FIX50,AR,"552",78,""
FIX50,AR,"552 78",756,""
FIX50,AR,"552 78 756",806,""
FIX50,AR,"552",136,""
FIX50,AR,"552",232,""
FIX50,AR,"552",453,""
FIX50,AR,"552 453",802,""
FIX50,AR,"552",518,""
FIX50,AR,"552",576,""
FIX50,AR,"552",1016,""
FIX50,AR,"",555,""
FIX50,AR,"555",539,""
FIX50,AR,"555 539",804,""
FIX50,AR,"555",604,""
FIX50,AR,"555",683,""
FIX50,AR,"",711,""
FIX50,AR,"711",457,""
FIX50,AR,"711",887,""
FIX50,AR,"711",1058,""
FIX50,AR,"711 1058",1062,""
FIX50,AR,"",753,""
FIX50,AR,"",768,""
FIX50,AR,"",864,""
FIX50,AR,"",1018,""
FIX50,AR,"1018",1052,""
FIX50,AR,"",1116,""
FIX50,AR,"1116",1120,""
FIX50,AS,"",73,""
FIX50,AS,"73",756,""
FIX50,AS,"73 756",806,""
FIX50,AS,"",78,""
FIX50,AS,"78",85,""
FIX50,AS,"78 85",781,""
FIX50,AS,"78 85 781",801,""
FIX50,AS,"78",136,""
FIX50,AS,"78",539,""
FIX50,AS,"78 539",804,""
FIX50,AS,"78",576,""
FIX50,AS,"",124,""
FIX50,AS,"",232,""
FIX50,AS,"",453,""
FIX50,AS,"453",802,""
FIX50,AS,"",454,""
FIX50,AS,"",555,""
FIX50,AS,"555",604,""
FIX50,AS,"",711,""
FIX50,AS,"711",457,""
FIX50,AS,"711",887,""
FIX50,AS,"711",1058,""
FIX50,AS,"711 1058",1062,""
FIX50,AS,"",753,""
FIX50,AS,"",864,""
FIX50,AS,"",870,""
FIX50,AS,"",1018,""
FIX50,AS,"1018",1052,""
FIX50,AT,"",78,""
FIX50,AT,"78",539,""
FIX50,AT,"78 539",804,""
FIX50,AT,"",453,""
FIX50,AT,"453",802,""
FIX50,AV,"",453,""
FIX50,AV,"453",802,""
FIX50,AW,"",453,""
FIX50,AW,"453",802,""
FIX50,AW,"",454,""
FIX50,AW,"",555,""
FIX50,AW,"555",604,""
FIX50,AW,"",702,""
FIX50,AW,"702",539,""
FIX50,AW,"702 539",804,""
FIX50,AW,"",711,""
FIX50,AW,"711",457,""
FIX50,AW,"711",887,""
FIX50,AW,"711",1058,""
FIX50,AW,"711 1058",1062,""
FIX50,AW,"",753,""
FIX50,AW,"",864,""
FIX50,AW,"",1018,""
FIX50,AW,"1018",1052,""
FIX50,AX,"",124,""
FIX50,AX,"",136,""
FIX50,AX,"",232,""
FIX50,AX,"",453,""
FIX50,AX,"453",802,""
FIX50,AX,"",454,""
FIX50,AX,"",555,""
FIX50,AX,"555",604,""
FIX50,AX,"",711,""
FIX50,AX,"711",457,""
FIX50,AX,"711",887,""
FIX50,AX,"711",1058,""
FIX50,AX,"711 1058",1062,""
FIX50,AX,"",768,""
FIX50,AX,"",864,""
FIX50,AX,"",897,""
FIX50,AX,"",1018,""
FIX50,AX,"1018",1052,""
FIX50,AY,"",85,""
FIX50,AY,"85",781,""
FIX50,AY,"85 781",801,""
FIX50,AY,"",124,""
FIX50,AY,"",136,""
FIX50,AY,"",232,""
FIX50,AY,"",453,""
FIX50,AY,"453",802,""
FIX50,AY,"",454,""
FIX50,AY,"",555,""
FIX50,AY,"555",604,""
FIX50,AY,"",711,""
FIX50,AY,"711",457,""
FIX50,AY,"711",887,""
FIX50,AY,"711",1058,""
FIX50,AY,"711 1058",1062,""
FIX50,AY,"",768,""
FIX50,AY,"",864,""
FIX50,AY,"",897,""
FIX50,AY,"",1018,""
FIX50,AY,"1018",1052,""
FIX50,AZ,"",124,""
FIX50,AZ,"",136,""
FIX50,AZ,"",232,""
FIX50,AZ,"",453,""
FIX50,AZ,"453",802,""
FIX50,AZ,"",454,""
FIX50,AZ,"",555,""
FIX50,AZ,"555",604,""
FIX50,AZ,"",711,""
FIX50,AZ,"711",457,""
FIX50,AZ,"711",887,""
FIX50,AZ,"711",1058,""
FIX50,AZ,"711 1058",1062,""
FIX50,AZ,"",768,""
FIX50,AZ,"",864,""
FIX50,AZ,"",897,""
FIX50,AZ,"",1018,""
FIX50,AZ,"1018",1052,""
FIX50,B,"",33,"58"
FIX50,B,"",146,""
FIX50,B,"146",454,""
FIX50,B,"146",864,""
FIX50,B,"146",1018,""
FIX50,B,"146 1018",1052,""
FIX50,B,"",215,""
FIX50,B,"",555,""
FIX50,B,"555",604,""
FIX50,B,"",711,""
FIX50,B,"711",457,""
FIX50,B,"711",887,""
FIX50,B,"711",1058,""
FIX50,B,"711 1058",1062,""
FIX50,BA,"",85,""
FIX50,BA,"85",781,""
FIX50,BA,"85 781",801,""
FIX50,BA,"",124,""
FIX50,BA,"",136,""
FIX50,BA,"",232,""
FIX50,BA,"",453,""
FIX50,BA,"453",802,""
FIX50,BA,"",454,""
FIX50,BA,"",555,""
FIX50,BA,"555",604,""
FIX50,BA,"",711,""
FIX50,BA,"711",457,""
FIX50,BA,"711",887,""
FIX50,BA,"711",1058,""
FIX50,BA,"711 1058",1062,""
FIX50,BA,"",768,""
FIX50,BA,"",864,""
FIX50,BA,"",897,""
FIX50,BA,"",1018,""
FIX50,BA,"1018",1052,""
FIX50,BB,"",85,""
FIX50,BB,"85",781,""
FIX50,BB,"85 781",801,""
FIX50,BB,"",124,""
FIX50,BB,"",232,""
FIX50,BB,"",453,""
FIX50,BB,"453",802,""
FIX50,BB,"",454,""
FIX50,BB,"",555,""
FIX50,BB,"555",604,""
FIX50,BB,"",711,""
FIX50,BB,"711",457,""
FIX50,BB,"711",887,""
FIX50,BB,"711",1058,""
FIX50,BB,"711 1058",1062,""
FIX50,BB,"",768,""
FIX50,BB,"",864,""
FIX50,BB,"",897,""
FIX50,BB,"",938,""
FIX50,BB,"",1018,""
FIX50,BB,"1018",1052,""
FIX50,BC,"",936,""
FIX50,BD,"",936,"928 930"
FIX50,BG,"",124,""
FIX50,BG,"",453,""
FIX50,BG,"453",802,""
FIX50,BG,"",454,""
FIX50,BG,"",555,""
FIX50,BG,"555",604,""
FIX50,BG,"",711,""
FIX50,BG,"711",457,""
FIX50,BG,"711",887,""
FIX50,BG,"711",1058,""
FIX50,BG,"711 1058",1062,""
FIX50,BG,"",864,""
FIX50,BG,"",897,""
FIX50,BG,"",938,""
FIX50,BG,"",1018,""
FIX50,BG,"1018",1052,""
FIX50,BH,"",73,""
FIX50,BH,"73",756,""
FIX50,BH,"73 756",806,""
FIX50,BJ,"",386,"336 340"
FIX50,BK,"",146,""
FIX50,BK,"146",232,""
FIX50,BK,"146",454,""
FIX50,BK,"146",457,""
FIX50,BK,"146",555,""
FIX50,BK,"146 555",604,""
FIX50,BK,"146 555",683,""
FIX50,BK,"146",864,""
FIX50,BK,"146",870,""
FIX50,BK,"146",887,""
FIX50,BK,"146",1018,""
FIX50,BK,"146 1018",1052,""
FIX50,BK,"146",1058,""
FIX50,BK,"146 1058",1062,""
FIX50,BL,"",453,""
FIX50,BL,"453",802,""
FIX50,BL,"",454,""
FIX50,BL,"",702,""
FIX50,BL,"702",539,""
FIX50,BL,"702 539",804,""
FIX50,BL,"",864,""
FIX50,BL,"",1018,""
FIX50,BL,"1018",1052,""
FIX50,BM,"",73,""
FIX50,BM,"73",756,""
FIX50,BM,"73 756",806,""
FIX50,BM,"",78,""
FIX50,BM,"78",85,""
FIX50,BM,"78 85",781,""
FIX50,BM,"78 85 781",801,""
FIX50,BM,"78",136,""
FIX50,BM,"78",539,""
FIX50,BM,"78 539",804,""
FIX50,BM,"78",576,""
FIX50,BM,"",124,""
FIX50,BM,"",232,""
FIX50,BM,"",453,""
FIX50,BM,"453",802,""
FIX50,BM,"",454,""
FIX50,BM,"",555,""
FIX50,BM,"555",604,""
FIX50,BM,"",711,""
FIX50,BM,"711",457,""
FIX50,BM,"711",887,""
FIX50,BM,"711",1058,""
FIX50,BM,"711 1058",1062,""
FIX50,BM,"",753,""
FIX50,BM,"",864,""
FIX50,BM,"",870,""
FIX50,BM,"",1018,""
FIX50,BM,"1018",1052,""
FIX50,BN,"",454,""
FIX50,BN,"",555,""
FIX50,BN,"555",604,""
FIX50,BN,"",711,""
FIX50,BN,"711",457,""
FIX50,BN,"711",887,""
FIX50,BN,"711",1058,""
FIX50,BN,"711 1058",1062,""
FIX50,BN,"",864,""
FIX50,BN,"",1018,""
FIX50,BN,"1018",1052,""
FIX50,BO,"",453,""
FIX50,BO,"453",802,""
FIX50,BO,"",454,""
FIX50,BO,"",711,""
FIX50,BO,"711",457,""
FIX50,BO,"711",887,""
FIX50,BO,"711",1058,""
FIX50,BO,"711 1058",1062,""
FIX50,BO,"",864,""
FIX50,BO,"",981,""
FIX50,BO,"",1018,""
FIX50,BO,"1018",1052,""
FIX50,BP,"",454,""
FIX50,BP,"",457,""
FIX50,BP,"",555,""
FIX50,BP,"555",604,""
FIX50,BP,"",864,""
FIX50,BP,"",887,""
FIX50,BP,"",1018,""
FIX50,BP,"1018",1052,""
FIX50,BP,"",1058,""
FIX50,BP,"1058",1062,""
FIX50,C,"",33,"58"
FIX50,C,"",146,""
FIX50,C,"146",454,""
FIX50,C,"146",864,""
FIX50,C,"146",1018,""
FIX50,C,"146 1018",1052,""
FIX50,C,"",215,""
FIX50,C,"",555,""
FIX50,C,"555",604,""
FIX50,C,"",711,""
FIX50,C,"711",457,""
FIX50,C,"711",887,""
FIX50,C,"711",1058,""
FIX50,C,"711 1058",1062,""
FIX50,D,"",78,""
FIX50,D,"78",539,""
FIX50,D,"78 539",804,""
FIX50,D,"",232,""
FIX50,D,"",386,""
FIX50,D,"",453,""
FIX50,D,"453",802,""
FIX50,D,"",454,""
FIX50,D,"",711,""
FIX50,D,"711",457,""
FIX50,D,"711",887,""
FIX50,D,"711",1058,""
FIX50,D,"711 1058",1062,""
FIX50,D,"",768,""
FIX50,D,"",864,""
FIX50,D,"",957,""
FIX50,D,"",1018,""
FIX50,D,"1018",1052,""
FIX50,E,"",73,"11 54 67"
FIX50,E,"73",78,""
FIX50,E,"73 78",539,""
FIX50,E,"73 78 539",804,""
FIX50,E,"73",232,""
FIX50,E,"73",386,""
FIX50,E,"73",453,""
FIX50,E,"73 453",802,""
FIX50,E,"73",454,""
FIX50,E,"73",711,""
FIX50,E,"73 711",457,""
FIX50,E,"73 711",887,""
FIX50,E,"73 711",1058,""
FIX50,E,"73 711 1058",1062,""
FIX50,E,"73",864,""
FIX50,E,"73",957,""
FIX50,E,"73",1018,""
FIX50,E,"73 1018",1052,""
FIX50,E,"",1116,""
FIX50,E,"1116",1120,""
FIX50,F,"",453,""
FIX50,F,"453",802,""
FIX50,F,"",454,""
FIX50,F,"",711,""
FIX50,F,"711",457,""
FIX50,F,"711",887,""
FIX50,F,"711",1058,""
FIX50,F,"711 1058",1062,""
FIX50,F,"",864,""
FIX50,F,"",1018,""
FIX50,F,"1018",1052,""
FIX50,G,"",78,""
FIX50,G,"78",539,""
FIX50,G,"78 539",804,""
FIX50,G,"",386,""
FIX50,G,"",453,""
FIX50,G,"453",802,""
FIX50,G,"",454,""
FIX50,G,"",711,""
FIX50,G,"711",457,""
FIX50,G,"711",887,""
FIX50,G,"711",1058,""
FIX50,G,"711 1058",1062,""
FIX50,G,"",768,""
FIX50,G,"",864,""
FIX50,G,"",957,""
FIX50,G,"",1018,""
FIX50,G,"1018",1052,""
FIX50,H,"",453,""
FIX50,H,"453",802,""
FIX50,H,"",454,""
FIX50,H,"",711,""
FIX50,H,"711",457,""
FIX50,H,"711",887,""
FIX50,H,"711",1058,""
FIX50,H,"711 1058",1062,""
FIX50,H,"",864,""
FIX50,H,"",1018,""
FIX50,H,"1018",1052,""
FIX50,J,"",73,""
FIX50,J,"73",756,""
FIX50,J,"73 756",806,""
FIX50,J,"",78,""
FIX50,J,"78",85,""
FIX50,J,"78 85",781,""
FIX50,J,"78 85 781",801,""
FIX50,J,"78",136,""
FIX50,J,"78",539,""
FIX50,J,"78 539",804,""
FIX50,J,"78",576,""
FIX50,J,"",124,""
FIX50,J,"",232,""
FIX50,J,"",453,""
FIX50,J,"453",802,""
FIX50,J,"",454,""
FIX50,J,"",555,""
FIX50,J,"555",604,""
FIX50,J,"",711,""
FIX50,J,"711",457,""
FIX50,J,"711",887,""
FIX50,J,"711",1058,""
FIX50,J,"711 1058",1062,""
FIX50,J,"",753,""
FIX50,J,"",864,""
FIX50,J,"",870,""
FIX50,J,"",1018,""
FIX50,J,"1018",1052,""
FIX50,K,"",453,""
FIX50,K,"453",802,""
FIX50,N,"",73,"6 11 14 39 84 151"
FIX50,P,"",78,""
FIX50,P,"78",539,""
FIX50,P,"78 539",804,""
FIX50,P,"",453,""
FIX50,P,"453",802,""
FIX50,Q,"",454,""
FIX50,Q,"",555,""
FIX50,Q,"555",604,""
FIX50,Q,"",711,""
FIX50,Q,"711",457,""
FIX50,Q,"711",887,""
FIX50,Q,"711",1058,""
FIX50,Q,"711 1058",1062,""
FIX50,Q,"",864,""
FIX50,Q,"",1018,""
FIX50,Q,"1018",1052,""
FIX50,R,"",146,""
FIX50,R,"146",232,""
FIX50,R,"146",453,""
FIX50,R,"146 453",802,""
FIX50,R,"146",454,""
FIX50,R,"146",555,""
FIX50,R,"146 555",539,""
FIX50,R,"146 555 539",804,""
FIX50,R,"146 555",604,""
FIX50,R,"146 555",683,""
FIX50,R,"146",711,""
FIX50,R,"146 711",457,""
FIX50,R,"146 711",887,""
FIX50,R,"146 711",1058,""
FIX50,R,"146 711 1058",1062,""
FIX50,R,"146",735,""
FIX50,R,"146",864,""
FIX50,R,"146",1018,""
FIX50,R,"146 1018",1052,""
FIX50,S,"",232,""
FIX50,S,"",453,""
FIX50,S,"453",802,""
FIX50,S,"",454,""
FIX50,S,"",555,""
FIX50,S,"555",539,""
FIX50,S,"555 539",804,""
FIX50,S,"555",604,""
FIX50,S,"555",683,""
FIX50,S,"",711,""
FIX50,S,"711",457,""
FIX50,S,"711",887,""
FIX50,S,"711",1058,""
FIX50,S,"711 1058",1062,""
FIX50,S,"",735,""
FIX50,S,"",864,""
FIX50,S,"",1018,""
FIX50,S,"1018",1052,""
FIX50,T,"",778,""
FIX50,T,"778",85,""
FIX50,T,"778 85",781,""
FIX50,T,"778 85 781",801,""
FIX50,T,"778",453,""
FIX50,T,"778 453",802,""
FIX50,V,"",146,""
FIX50,V,"146",454,""
FIX50,V,"146",555,""
FIX50,V,"146 555",604,""
FIX50,V,"146",711,""
FIX50,V,"146 711",457,""
FIX50,V,"146 711",887,""
FIX50,V,"146 711",1058,""
FIX50,V,"146 711 1058",1062,""
FIX50,V,"146",864,""
FIX50,V,"146",1018,""
FIX50,V,"146 1018",1052,""
FIX50,V,"",267,"269"
FIX50,V,"",386,""
FIX50,W,"",215,""
FIX50,W,"",268,"269"
FIX50,W,"268",453,""
FIX50,W,"268 453",802,""
FIX50,W,"",454,""
FIX50,W,"",555,""
FIX50,W,"555",604,""
FIX50,W,"",711,""
FIX50,W,"711",457,""
FIX50,W,"711",887,""
FIX50,W,"711",1058,""
FIX50,W,"711 1058",1062,""
FIX50,W,"",864,""
FIX50,W,"",1018,""
FIX50,W,"1018",1052,""
FIX50,X,"",215,""
FIX50,X,"",268,"279"
FIX50,X,"268",453,""
FIX50,X,"268 453",802,""
FIX50,X,"268",454,""
FIX50,X,"268",555,""
FIX50,X,"268 555",604,""
FIX50,X,"268",711,""
FIX50,X,"268 711",457,""
FIX50,X,"268 711",887,""
FIX50,X,"268 711",1058,""
FIX50,X,"268 711 1058",1062,""
FIX50,X,"268",864,""
FIX50,X,"268",1018,""
FIX50,X,"268 1018",1052,""
FIX50,Y,"",816,""
FIX50,Z,"",295,""
FIX50,Z,"295",454,""
FIX50,Z,"295",555,""
FIX50,Z,"295 555",604,""
FIX50,Z,"295",711,""
FIX50,Z,"295 711",457,""
FIX50,Z,"295 711",887,""
FIX50,Z,"295 711",1058,""
FIX50,Z,"295 711 1058",1062,""
FIX50,Z,"295",864,""
FIX50,Z,"295",1018,""
FIX50,Z,"295 1018",1052,""
FIX50,Z,"",453,""
FIX50,Z,"453",802,""
FIX50,a,"",453,""
FIX50,a,"453",802,""
FIX50,a,"",454,""
FIX50,a,"",555,""
FIX50,a,"555",604,""
FIX50,a,"",711,""
FIX50,a,"711",457,""
FIX50,a,"711",887,""
FIX50,a,"711",1058,""
FIX50,a,"711 1058",1062,""
FIX50,a,"",864,""
FIX50,a,"",1018,""
FIX50,a,"1018",1052,""
FIX50,b,"",296,""
FIX50,b,"296",295,""
FIX50,b,"296 295",454,""
FIX50,b,"296 295",555,""
FIX50,b,"296 295 555",604,""
FIX50,b,"296 295",864,""
FIX50,b,"296 295",1018,""
FIX50,b,"296 295 1018",1052,""
FIX50,b,"296",457,""
FIX50,b,"296",887,""
FIX50,b,"296",1058,""
FIX50,b,"296 1058",1062,""
FIX50,b,"",453,""
FIX50,b,"453",802,""
FIX50,c,"",454,""
FIX50,c,"",555,""
FIX50,c,"555",604,""
FIX50,c,"",711,""
FIX50,c,"711",457,""
FIX50,c,"711",887,""
FIX50,c,"711",1058,""
FIX50,c,"711 1058",1062,""
FIX50,c,"",864,""
FIX50,c,"",870,""
FIX50,c,"",1018,""
FIX50,c,"1018",1052,""
FIX50,d,"",454,""
FIX50,d,"",555,""
FIX50,d,"555",604,""
FIX50,d,"",711,""
FIX50,d,"711",457,""
FIX50,d,"711",887,""
FIX50,d,"711",1058,""
FIX50,d,"711 1058",1062,""
FIX50,d,"",864,""
FIX50,d,"",870,""
FIX50,d,"",1018,""
FIX50,d,"1018",1052,""
FIX50,e,"",454,""
FIX50,e,"",555,""
FIX50,e,"555",604,""
FIX50,e,"",711,""
FIX50,e,"711",457,""
FIX50,e,"711",887,""
FIX50,e,"711",1058,""
FIX50,e,"711 1058",1062,""
FIX50,e,"",864,""
FIX50,e,"",870,""
FIX50,e,"",1018,""
FIX50,e,"1018",1052,""
FIX50,f,"",454,""
FIX50,f,"",555,""
FIX50,f,"555",604,""
FIX50,f,"",711,""
FIX50,f,"711",457,""
FIX50,f,"711",887,""
FIX50,f,"711",1058,""
FIX50,f,"711 1058",1062,""
FIX50,f,"",864,""
FIX50,f,"",870,""
FIX50,f,"",1018,""
FIX50,f,"1018",1052,""
FIX50,h,"",454,""
FIX50,h,"",864,""
FIX50,h,"",1018,""
FIX50,h,"1018",1052,""
FIX50,i,"",296,"302 304"
FIX50,i,"296",295,"299"
FIX50,i,"296 295",454,""
FIX50,i,"296 295",555,""
FIX50,i,"296 295 555",604,""
FIX50,i,"296 295",864,""
FIX50,i,"296 295",1018,""
FIX50,i,"296 295 1018",1052,""
FIX50,i,"296",457,""
FIX50,i,"296",887,""
FIX50,i,"296",1058,""
FIX50,i,"296 1058",1062,""
FIX50,i,"",453,""
FIX50,i,"453",802,""
FIX50,k,"",398,""
FIX50,k,"",420,""
FIX50,l,"",420,""
FIX50,m,"",428,""
FIX50,m,"428",454,""
FIX50,m,"428",864,""
FIX50,m,"428",1018,""
FIX50,m,"428 1018",1052,""
FIX50,m,"",711,""
FIX50,m,"711",457,""
FIX50,m,"711",887,""
FIX50,m,"711",1058,""
FIX50,m,"711 1058",1062,""
FIX50,o,"",453,""
FIX50,o,"453",802,""
FIX50,o,"",473,""
FIX50,o,"473",539,""
FIX50,o,"473 539",804,""
FIX50,o,"",510,""
FIX50,p,"",453,""
FIX50,p,"453",802,""
FIX50,q,"",453,""
FIX50,q,"453",802,""
FIX50,q,"",454,""
FIX50,q,"",457,""
FIX50,q,"",864,""
FIX50,q,"",887,""
FIX50,q,"",1018,""
FIX50,q,"1018",1052,""
FIX50,q,"",1058,""
FIX50,q,"1058",1062,""
FIX50,r,"",453,""
FIX50,r,"453",802,""
FIX50,r,"",454,""
FIX50,r,"",457,""
FIX50,r,"",534,""
FIX50,r,"",864,""
FIX50,r,"",887,""
FIX50,r,"",1018,""
FIX50,r,"1018",1052,""
FIX50,r,"",1058,""
FIX50,r,"1058",1062,""
FIX50,s,"",232,""
FIX50,s,"",386,""
FIX50,s,"",454,""
FIX50,s,"",552,"11 54"
FIX50,s,"552",78,""
FIX50,s,"552 78",539,""
FIX50,s,"552 78 539",804,""
FIX50,s,"552",453,""
FIX50,s,"552 453",802,""
FIX50,s,"",555,""
FIX50,s,"555",604,""
FIX50,s,"",711,""
FIX50,s,"711",457,""
FIX50,s,"711",887,""
FIX50,s,"711",1058,""
FIX50,s,"711 1058",1062,""
FIX50,s,"",864,""
FIX50,s,"",957,""
FIX50,s,"",1018,""
FIX50,s,"1018",1052,""
FIX50,s,"",1116,""
FIX50,s,"1116",1120,""
FIX50,t,"",232,""
FIX50,t,"",386,""
FIX50,t,"",454,""
FIX50,t,"",552,"11 54"
FIX50,t,"552",78,""
FIX50,t,"552 78",539,""
FIX50,t,"552 78 539",804,""
FIX50,t,"552",453,""
FIX50,t,"552 453",802,""
FIX50,t,"",555,""
FIX50,t,"555",604,""
FIX50,t,"",711,""
FIX50,t,"711",457,""
FIX50,t,"711",887,""
FIX50,t,"711",1058,""
FIX50,t,"711 1058",1062,""
FIX50,t,"",864,""
FIX50,t,"",957,""
FIX50,t,"",1018,""
FIX50,t,"1018",1052,""
FIX50,t,"",1116,""
FIX50,t,"1116",1120,""
FIX50,u,"",454,""
FIX50,u,"",552,"11 41 54"
FIX50,u,"552",453,""
FIX50,u,"552 453",802,""
FIX50,u,"",555,""
FIX50,u,"555",604,""
FIX50,u,"",711,""
FIX50,u,"711",457,""
FIX50,u,"711",887,""
FIX50,u,"711",1058,""
FIX50,u,"711 1058",1062,""
FIX50,u,"",864,""
FIX50,u,"",1018,""
FIX50,u,"1018",1052,""
FIX50,u,"",1116,""
FIX50,u,"1116",1120,""
FIX50,w,"",558,""
FIX50,x,"",454,""
FIX50,x,"",555,""
FIX50,x,"555",604,""
FIX50,x,"",711,""
FIX50,x,"711",457,""
FIX50,x,"711",887,""
FIX50,x,"711",1058,""
FIX50,x,"711 1058",1062,""
FIX50,x,"",864,""
FIX50,x,"",870,""
FIX50,x,"",1018,""
FIX50,x,"1018",1052,""
FIX50,y,"",146,""
FIX50,y,"146",232,""
FIX50,y,"146",454,""
FIX50,y,"146",555,""
FIX50,y,"146 555",604,""
FIX50,y,"146 555",683,""
FIX50,y,"146",711,""
FIX50,y,"146 711",457,""
FIX50,y,"146 711",887,""
FIX50,y,"146 711",1058,""
FIX50,y,"146 711 1058",1062,""
FIX50,y,"146",864,""
FIX50,y,"146",870,""
FIX50,y,"146",1018,""
FIX50,y,"146 1018",1052,""
FIX50,z,"",457,""
FIX50,z,"",887,""
FIX50,z,"",1058,""
FIX50,z,"1058",1062,""
FIX50SP1,6,"",199,""
FIX50SP1,6,"",215,""
FIX50SP1,6,"",232,""
FIX50SP1,6,"",453,""
FIX50SP1,6,"453",802,""
FIX50SP1,6,"",454,""
FIX50SP1,6,"",555,""
FIX50SP1,6,"555",604,""
FIX50SP1,6,"555",683,""
FIX50SP1,6,"",711,""
FIX50SP1,6,"711",457,""
FIX50SP1,6,"711",887,""
FIX50SP1,6,"711",1058,""
FIX50SP1,6,"711 1058",1062,""
FIX50SP1,6,"",864,""
FIX50SP1,6,"",1018,""
FIX50SP1,6,"1018",1052,""
FIX50SP1,7,"",454,""
FIX50SP1,7,"",555,""
FIX50SP1,7,"555",604,""
FIX50SP1,7,"",711,""
FIX50SP1,7,"711",457,""
FIX50SP1,7,"711",887,""
FIX50SP1,7,"711",1058,""
FIX50SP1,7,"711 1058",1062,""
FIX50SP1,7,"",864,""
FIX50SP1,7,"",1018,""
FIX50SP1,7,"1018",1052,""
FIX50SP1,8,"",78,""
FIX50SP1,8,"78",539,""
FIX50SP1,8,"78 539",804,""
FIX50SP1,8,"",136,""
FIX50SP1,8,"",232,""
FIX50SP1,8,"",382,""
FIX50SP1,8,"",453,""
FIX50SP1,8,"453",802,""
FIX50SP1,8,"",454,""
FIX50SP1,8,"",518,""
FIX50SP1,8,"",555,""
FIX50SP1,8,"555",604,""
FIX50SP1,8,"555",670,""
FIX50SP1,8,"555 670",756,""
FIX50SP1,8,"555 670 756",806,""
FIX50SP1,8,"555",683,""
FIX50SP1,8,"555",948,""
FIX50SP1,8,"555 948",952,""
FIX50SP1,8,"",711,""
FIX50SP1,8,"711",457,""
FIX50SP1,8,"711",887,""
FIX50SP1,8,"711",1058,""
FIX50SP1,8,"711 1058",1062,""
FIX50SP1,8,"",768,""
FIX50SP1,8,"",864,""
FIX50SP1,8,"",957,""
FIX50SP1,8,"",1018,""
FIX50SP1,8,"1018",1052,""
FIX50SP1,8,"",1362,""
FIX50SP1,8,"1362",1414,""
FIX50SP1,8,"1362 1414",1413,""
FIX50SP1,AA,"",146,""
FIX50SP1,AA,"146",454,""
FIX50SP1,AA,"146",555,""
FIX50SP1,AA,"146 555",604,""
FIX50SP1,AA,"146",864,""
FIX50SP1,AA,"146",870,""
FIX50SP1,AA,"146",1018,""
FIX50SP1,AA,"146 1018",1052,""
FIX50SP1,AA,"",457,""
FIX50SP1,AA,"",887,""
FIX50SP1,AA,"",1058,""
FIX50SP1,AA,"1058",1062,""
FIX50SP1,AA,"",1218,""
FIX50SP1,AA,"",1286,""
FIX50SP1,AA,"",1292,""
FIX50SP1,AA,"1292",1296,""
FIX50SP1,AA,"",1310,""
FIX50SP1,AA,"1310",1201,""
FIX50SP1,AA,"1310 1201",1236,""
FIX50SP1,AA,"1310",1205,""
FIX50SP1,AA,"1310",1234,""
FIX50SP1,AA,"1310",1309,""
FIX50SP1,AA,"1310 1309",1141,""
FIX50SP1,AA,"1310 1309",1232,""
FIX50SP1,AA,"1310 1309",1235,""
FIX50SP1,AA,"1310 1309",1237,""
FIX50SP1,AA,"1310 1309",1239,""
FIX50SP1,AA,"1310",1312,""
FIX50SP1,AA,"",1311,""
FIX50SP1,AB,"",78,""
FIX50SP1,AB,"78",948,""
FIX50SP1,AB,"78 948",952,""
FIX50SP1,AB,"",386,""
FIX50SP1,AB,"",453,""
FIX50SP1,AB,"453",802,""
FIX50SP1,AB,"",454,""
FIX50SP1,AB,"",555,""
FIX50SP1,AB,"555",539,""
FIX50SP1,AB,"555 539",804,""
FIX50SP1,AB,"555",604,""
FIX50SP1,AB,"555",670,""
FIX50SP1,AB,"555 670",756,""
FIX50SP1,AB,"555 670 756",806,""
FIX50SP1,AB,"555",683,""
FIX50SP1,AB,"",711,""
FIX50SP1,AB,"711",457,""
FIX50SP1,AB,"711",887,""
FIX50SP1,AB,"711",1058,""
FIX50SP1,AB,"711 1058",1062,""
FIX50SP1,AB,"",864,""
FIX50SP1,AB,"",957,""
FIX50SP1,AB,"",1018,""
FIX50SP1,AB,"1018",1052,""
FIX50SP1,AC,"",78,""
FIX50SP1,AC,"78",948,""
FIX50SP1,AC,"78 948",952,""
FIX50SP1,AC,"",386,""
FIX50SP1,AC,"",453,""
FIX50SP1,AC,"453",802,""
FIX50SP1,AC,"",454,""
FIX50SP1,AC,"",555,""
FIX50SP1,AC,"555",539,""
FIX50SP1,AC,"555 539",804,""
FIX50SP1,AC,"555",604,""
FIX50SP1,AC,"555",670,""
FIX50SP1,AC,"555 670",756,""
FIX50SP1,AC,"555 670 756",806,""
FIX50SP1,AC,"555",683,""
FIX50SP1,AC,"",711,""
FIX50SP1,AC,"711",457,""
FIX50SP1,AC,"711",887,""
FIX50SP1,AC,"711",1058,""
FIX50SP1,AC,"711 1058",1062,""
FIX50SP1,AC,"",864,""
FIX50SP1,AC,"",957,""
FIX50SP1,AC,"",1018,""
FIX50SP1,AC,"1018",1052,""
FIX50SP1,AD,"",453,""
FIX50SP1,AD,"453",802,""
FIX50SP1,AD,"",454,""
FIX50SP1,AD,"",555,""
FIX50SP1,AD,"555",604,""
FIX50SP1,AD,"",580,""
FIX50SP1,AD,"",711,""
FIX50SP1,AD,"711",457,""
FIX50SP1,AD,"711",887,""
FIX50SP1,AD,"711",1058,""
FIX50SP1,AD,"711 1058",1062,""
FIX50SP1,AD,"",864,""
FIX50SP1,AD,"",870,""
FIX50SP1,AD,"",1018,""
FIX50SP1,AD,"1018",1052,""
FIX50SP1,AE,"",454,""
FIX50SP1,AE,"",552,"54"
FIX50SP1,AE,"552",78,""
FIX50SP1,AE,"552 78",756,""
FIX50SP1,AE,"552 78 756",806,""
FIX50SP1,AE,"552",136,""
FIX50SP1,AE,"552",232,""
FIX50SP1,AE,"552",453,""
FIX50SP1,AE,"552 453",802,""
FIX50SP1,AE,"552",518,""
FIX50SP1,AE,"552",576,""
FIX50SP1,AE,"552",1016,""
FIX50SP1,AE,"552",1158,""
FIX50SP1,AE,"552 1158",781,""
FIX50SP1,AE,"552 1158 781",801,""
FIX50SP1,AE,"",555,""
FIX50SP1,AE,"555",539,""
FIX50SP1,AE,"555 539",804,""
FIX50SP1,AE,"555",604,""
FIX50SP1,AE,"555",683,""
FIX50SP1,AE,"555",1342,""
FIX50SP1,AE,"555 1342",1334,""
FIX50SP1,AE,"",711,""
FIX50SP1,AE,"711",457,""
FIX50SP1,AE,"711",887,""
FIX50SP1,AE,"711",1058,""
FIX50SP1,AE,"711 1058",1062,""
FIX50SP1,AE,"",753,""
FIX50SP1,AE,"",768,""
FIX50SP1,AE,"",864,""
FIX50SP1,AE,"",1018,""
FIX50SP1,AE,"1018",1052,""
FIX50SP1,AE,"",1116,""
FIX50SP1,AE,"1116",1120,""
FIX50SP1,AE,"",1387,""
FIX50SP1,AF,"",453,""
FIX50SP1,AF,"453",802,""
FIX50SP1,AF,"",454,""
FIX50SP1,AF,"",457,""
FIX50SP1,AF,"",864,""
FIX50SP1,AF,"",887,""
FIX50SP1,AF,"",1018,""
FIX50SP1,AF,"1018",1052,""
FIX50SP1,AF,"",1058,""
FIX50SP1,AF,"1058",1062,""
FIX50SP1,AG,"",146,""
FIX50SP1,AG,"146",232,""
FIX50SP1,AG,"146",453,""
FIX50SP1,AG,"146 453",802,""
FIX50SP1,AG,"146",454,""
FIX50SP1,AG,"146",555,""
FIX50SP1,AG,"146 555",539,""
FIX50SP1,AG,"146 555 539",804,""
FIX50SP1,AG,"146 555",604,""
FIX50SP1,AG,"146 555",683,""
FIX50SP1,AG,"146",711,""
FIX50SP1,AG,"146 711",457,""
FIX50SP1,AG,"146 711",887,""
FIX50SP1,AG,"146 711",1058,""
FIX50SP1,AG,"146 711 1058",1062,""
FIX50SP1,AG,"146",735,""
FIX50SP1,AG,"146",864,""
FIX50SP1,AG,"146",1018,""
FIX50SP1,AG,"146 1018",1052,""
FIX50SP1,AG,"",1116,""
FIX50SP1,AG,"1116",1120,""
FIX50SP1,AH,"",146,""
FIX50SP1,AH,"146",454,""
FIX50SP1,AH,"146",555,""
FIX50SP1,AH,"146 555",604,""
FIX50SP1,AH,"146",711,""
FIX50SP1,AH,"146 711",457,""
FIX50SP1,AH,"146 711",887,""
FIX50SP1,AH,"146 711",1058,""
FIX50SP1,AH,"146 711 1058",1062,""
FIX50SP1,AH,"146",864,""
FIX50SP1,AH,"146",1018,""
FIX50SP1,AH,"146 1018",1052,""
FIX50SP1,AH,"",453,""
FIX50SP1,AH,"453",802,""
FIX50SP1,AI,"",232,""
FIX50SP1,AI,"",453,""
FIX50SP1,AI,"453",802,""
FIX50SP1,AI,"",454,""
FIX50SP1,AI,"",555,""
FIX50SP1,AI,"555",539,""
FIX50SP1,AI,"555 539",804,""
FIX50SP1,AI,"555",604,""
FIX50SP1,AI,"555",683,""
FIX50SP1,AI,"",711,""
FIX50SP1,AI,"711",457,""
FIX50SP1,AI,"711",887,""
FIX50SP1,AI,"711",1058,""
FIX50SP1,AI,"711 1058",1062,""
FIX50SP1,AI,"",735,""
FIX50SP1,AI,"",864,""
FIX50SP1,AI,"",1018,""
FIX50SP1,AI,"1018",1052,""
FIX50SP1,AJ,"",232,""
FIX50SP1,AJ,"",453,""
FIX50SP1,AJ,"453",802,""
FIX50SP1,AJ,"",454,""
FIX50SP1,AJ,"",555,""
FIX50SP1,AJ,"555",539,""
FIX50SP1,AJ,"555 539",804,""
FIX50SP1,AJ,"555",604,""
FIX50SP1,AJ,"555",683,""
FIX50SP1,AJ,"",711,""
FIX50SP1,AJ,"711",457,""
FIX50SP1,AJ,"711",887,""
FIX50SP1,AJ,"711",1058,""
FIX50SP1,AJ,"711 1058",1062,""
FIX50SP1,AJ,"",735,""
FIX50SP1,AJ,"",864,""
FIX50SP1,AJ,"",1018,""
FIX50SP1,AJ,"1018",1052,""
FIX50SP1,AK,"",73,""
FIX50SP1,AK,"73",756,""
FIX50SP1,AK,"73 756",806,""
FIX50SP1,AK,"",85,""
FIX50SP1,AK,"85",781,""
FIX50SP1,AK,"85 781",801,""
FIX50SP1,AK,"",136,""
FIX50SP1,AK,"",232,""
FIX50SP1,AK,"",453,""
FIX50SP1,AK,"453",802,""
FIX50SP1,AK,"",454,""
FIX50SP1,AK,"",555,""
FIX50SP1,AK,"555",604,""
FIX50SP1,AK,"",711,""
FIX50SP1,AK,"711",457,""
FIX50SP1,AK,"711",887,""
FIX50SP1,AK,"711",1058,""
FIX50SP1,AK,"711 1058",1062,""
FIX50SP1,AK,"",768,""
FIX50SP1,AK,"",862,"528 863"
FIX50SP1,AK,"",864,""
FIX50SP1,AK,"",870,""
FIX50SP1,AK,"",1018,""
FIX50SP1,AK,"1018",1052,""
FIX50SP1,AL,"",386,""
FIX50SP1,AL,"",453,""
FIX50SP1,AL,"453",802,""
FIX50SP1,AL,"",454,""
FIX50SP1,AL,"",555,""
FIX50SP1,AL,"555",604,""
FIX50SP1,AL,"",702,""
FIX50SP1,AL,"702",539,""
FIX50SP1,AL,"702 539",804,""
FIX50SP1,AL,"",711,""
FIX50SP1,AL,"711",457,""
FIX50SP1,AL,"711",887,""
FIX50SP1,AL,"711",1058,""
FIX50SP1,AL,"711 1058",1062,""
FIX50SP1,AL,"",753,""
FIX50SP1,AL,"",864,""
FIX50SP1,AL,"",1018,""
FIX50SP1,AL,"1018",1052,""
FIX50SP1,AM,"",386,""
FIX50SP1,AM,"",453,""
FIX50SP1,AM,"453",802,""
FIX50SP1,AM,"",454,""
FIX50SP1,AM,"",555,""
FIX50SP1,AM,"555",604,""
FIX50SP1,AM,"",702,""
FIX50SP1,AM,"702",539,""
FIX50SP1,AM,"702 539",804,""
FIX50SP1,AM,"",711,""
FIX50SP1,AM,"711",457,""
FIX50SP1,AM,"711",887,""
FIX50SP1,AM,"711",1058,""
FIX50SP1,AM,"711 1058",1062,""
FIX50SP1,AM,"",753,""
FIX50SP1,AM,"",864,""
FIX50SP1,AM,"",1018,""
FIX50SP1,AM,"1018",1052,""
FIX50SP1,AN,"",386,""
FIX50SP1,AN,"",453,""
FIX50SP1,AN,"453",802,""
FIX50SP1,AN,"",454,""
FIX50SP1,AN,"",555,""
FIX50SP1,AN,"555",604,""
FIX50SP1,AN,"",711,""
FIX50SP1,AN,"711",457,""
FIX50SP1,AN,"711",887,""
FIX50SP1,AN,"711",1058,""
FIX50SP1,AN,"711 1058",1062,""
FIX50SP1,AN,"",864,""
FIX50SP1,AN,"",1018,""
FIX50SP1,AN,"1018",1052,""
FIX50SP1,AO,"",453,""
FIX50SP1,AO,"453",802,""
FIX50SP1,AO,"",454,""
FIX50SP1,AO,"",555,""
FIX50SP1,AO,"555",604,""
FIX50SP1,AO,"",711,""
FIX50SP1,AO,"711",457,""
FIX50SP1,AO,"711",887,""
FIX50SP1,AO,"711",1058,""
FIX50SP1,AO,"711 1058",1062,""
FIX50SP1,AO,"",864,""
FIX50SP1,AO,"",1018,""
FIX50SP1,AO,"1018",1052,""
FIX50SP1,AP,"",453,""
FIX50SP1,AP,"453",802,""
FIX50SP1,AP,"",454,""
FIX50SP1,AP,"",555,""
FIX50SP1,AP,"555",604,""
FIX50SP1,AP,"",702,""
FIX50SP1,AP,"702",539,""
FIX50SP1,AP,"702 539",804,""
FIX50SP1,AP,"",711,""
FIX50SP1,AP,"711",457,""
FIX50SP1,AP,"711",887,""
FIX50SP1,AP,"711",984,""
FIX50SP1,AP,"711",1058,""
FIX50SP1,AP,"711 1058",1062,""
FIX50SP1,AP,"",753,""
FIX50SP1,AP,"",864,""
FIX50SP1,AP,"",1018,""
FIX50SP1,AP,"1018",1052,""
FIX50SP1,AQ,"",454,""
FIX50SP1,AQ,"",555,""
FIX50SP1,AQ,"555",604,""
FIX50SP1,AQ,"",711,""
FIX50SP1,AQ,"711",457,""
FIX50SP1,AQ,"711",887,""
FIX50SP1,AQ,"711",1058,""
FIX50SP1,AQ,"711 1058",1062,""
FIX50SP1,AQ,"",864,""
FIX50SP1,AQ,"",1018,""
FIX50SP1,AQ,"1018",1052,""
FIX50SP1,AR,"",454,""
FIX50SP1,AR,"",552,"54"
FIX50SP1,AR,"552",78,""
FIX50SP1,AR,"552 78",756,""
FIX50SP1,AR,"552 78 756",806,""
FIX50SP1,AR,"552",136,""
FIX50SP1,AR,"552",232,""
FIX50SP1,AR,"552",453,""
FIX50SP1,AR,"552 453",802,""
FIX50SP1,AR,"552",518,""
FIX50SP1,AR,"552",576,""
FIX50SP1,AR,"552",1016,""
FIX50SP1,AR,"552",1158,""
FIX50SP1,AR,"552 1158",781,""
FIX50SP1,AR,"552 1158 781",801,""
FIX50SP1,AR,"",555,""
FIX50SP1,AR,"555",539,""
FIX50SP1,AR,"555 539",804,""
FIX50SP1,AR,"555",604,""
FIX50SP1,AR,"555",683,""
FIX50SP1,AR,"555",1342,""
FIX50SP1,AR,"555 1342",1334,""
FIX50SP1,AR,"",711,""
FIX50SP1,AR,"711",457,""
FIX50SP1,AR,"711",887,""
FIX50SP1,AR,"711",1058,""
FIX50SP1,AR,"711 1058",1062,""
FIX50SP1,AR,"",753,""
FIX50SP1,AR,"",768,""
FIX50SP1,AR,"",864,""
FIX50SP1,AR,"",1018,""
FIX50SP1,AR,"1018",1052,""
FIX50SP1,AR,"",1116,""
FIX50SP1,AR,"1116",1120,""
FIX50SP1,AR,"",1387,""
FIX50SP1,AS,"",73,""
FIX50SP1,AS,"73",756,""
FIX50SP1,AS,"73 756",806,""
FIX50SP1,AS,"",78,""
FIX50SP1,AS,"78",85,""
FIX50SP1,AS,"78 85",781,""
FIX50SP1,AS,"78 85 781",801,""
FIX50SP1,AS,"78",136,""
FIX50SP1,AS,"78",539,""
FIX50SP1,AS,"78 539",804,""
FIX50SP1,AS,"78",576,""
FIX50SP1,AS,"",124,""
FIX50SP1,AS,"",232,""
FIX50SP1,AS,"",453,""
FIX50SP1,AS,"453",802,""
FIX50SP1,AS,"",454,""
FIX50SP1,AS,"",555,""
FIX50SP1,AS,"555",604,""
FIX50SP1,AS,"",711,""
FIX50SP1,AS,"711",457,""
FIX50SP1,AS,"711",887,""
FIX50SP1,AS,"711",1058,""
FIX50SP1,AS,"711 1058",1062,""
FIX50SP1,AS,"",753,""
FIX50SP1,AS,"",864,""
FIX50SP1,AS,"",870,""
FIX50SP1,AS,"",1018,""
FIX50SP1,AS,"1018",1052,""
FIX50SP1,AT,"",78,""
FIX50SP1,AT,"78",539,""
FIX50SP1,AT,"78 539",804,""
FIX50SP1,AT,"",453,""
FIX50SP1,AT,"453",802,""
FIX50SP1,AV,"",453,""
FIX50SP1,AV,"453",802,""
FIX50SP1,AW,"",453,""
FIX50SP1,AW,"453",802,""
FIX50SP1,AW,"",454,""
FIX50SP1,AW,"",555,""
FIX50SP1,AW,"555",604,""
FIX50SP1,AW,"",702,""
FIX50SP1,AW,"702",539,""
FIX50SP1,AW,"702 539",804,""
FIX50SP1,AW,"",711,""
FIX50SP1,AW,"711",457,""
FIX50SP1,AW,"711",887,""
FIX50SP1,AW,"711",1058,""
FIX50SP1,AW,"711 1058",1062,""
FIX50SP1,AW,"",753,""
FIX50SP1,AW,"",864,""
FIX50SP1,AW,"",1018,""
FIX50SP1,AW,"1018",1052,""
FIX50SP1,AX,"",124,""
FIX50SP1,AX,"",136,""
FIX50SP1,AX,"",232,""
FIX50SP1,AX,"",453,""
FIX50SP1,AX,"453",802,""
FIX50SP1,AX,"",454,""
FIX50SP1,AX,"",555,""
FIX50SP1,AX,"555",604,""
FIX50SP1,AX,"",711,""
FIX50SP1,AX,"711",457,""
FIX50SP1,AX,"711",887,""
FIX50SP1,AX,"711",1058,""
FIX50SP1,AX,"711 1058",1062,""
FIX50SP1,AX,"",768,""
FIX50SP1,AX,"",864,""
FIX50SP1,AX,"",897,""
FIX50SP1,AX,"",1018,""
FIX50SP1,AX,"1018",1052,""
FIX50SP1,AY,"",85,""
FIX50SP1,AY,"85",781,""
FIX50SP1,AY,"85 781",801,""
FIX50SP1,AY,"",124,""
FIX50SP1,AY,"",136,""
FIX50SP1,AY,"",232,""
FIX50SP1,AY,"",453,""
FIX50SP1,AY,"453",802,""
FIX50SP1,AY,"",454,""
FIX50SP1,AY,"",555,""
FIX50SP1,AY,"555",604,""
FIX50SP1,AY,"",711,""
FIX50SP1,AY,"711",457,""
FIX50SP1,AY,"711",887,""
FIX50SP1,AY,"711",1058,""
FIX50SP1,AY,"711 1058",1062,""
FIX50SP1,AY,"",768,""
FIX50SP1,AY,"",864,""
FIX50SP1,AY,"",897,""
FIX50SP1,AY,"",1018,""
FIX50SP1,AY,"1018",1052,""
FIX50SP1,AZ,"",124,""
FIX50SP1,AZ,"",136,""
FIX50SP1,AZ,"",232,""
FIX50SP1,AZ,"",453,""
FIX50SP1,AZ,"453",802,""
FIX50SP1,AZ,"",454,""
FIX50SP1,AZ,"",555,""
FIX50SP1,AZ,"555",604,""
FIX50SP1,AZ,"",711,""
FIX50SP1,AZ,"711",457,""
FIX50SP1,AZ,"711",887,""
FIX50SP1,AZ,"711",1058,""
FIX50SP1,AZ,"711 1058",1062,""
FIX50SP1,AZ,"",768,""
FIX50SP1,AZ,"",864,""
FIX50SP1,AZ,"",897,""
FIX50SP1,AZ,"",1018,""
FIX50SP1,AZ,"1018",1052,""
FIX50SP1,B,"",33,"58"
FIX50SP1,B,"",146,""
FIX50SP1,B,"146",454,""
FIX50SP1,B,"146",864,""
FIX50SP1,B,"146",1018,""
FIX50SP1,B,"146 1018",1052,""
FIX50SP1,B,"",215,""
FIX50SP1,B,"",555,""
FIX50SP1,B,"555",604,""
FIX50SP1,B,"",711,""
FIX50SP1,B,"711",457,""
FIX50SP1,B,"711",887,""
FIX50SP1,B,"711",1058,""
FIX50SP1,B,"711 1058",1062,""
FIX50SP1,BA,"",85,""
FIX50SP1,BA,"85",781,""
FIX50SP1,BA,"85 781",801,""
FIX50SP1,BA,"",124,""
FIX50SP1,BA,"",136,""
FIX50SP1,BA,"",232,""
FIX50SP1,BA,"",453,""
FIX50SP1,BA,"453",802,""
FIX50SP1,BA,"",454,""
FIX50SP1,BA,"",555,""
FIX50SP1,BA,"555",604,""
FIX50SP1,BA,"",711,""
FIX50SP1,BA,"711",457,""
FIX50SP1,BA,"711",887,""
FIX50SP1,BA,"711",1058,""
FIX50SP1,BA,"711 1058",1062,""
FIX50SP1,BA,"",768,""
FIX50SP1,BA,"",864,""
FIX50SP1,BA,"",897,""
FIX50SP1,BA,"",1018,""
FIX50SP1,BA,"1018",1052,""
FIX50SP1,BB,"",85,""
FIX50SP1,BB,"85",781,""
FIX50SP1,BB,"85 781",801,""
FIX50SP1,BB,"",124,""
FIX50SP1,BB,"",232,""
FIX50SP1,BB,"",453,""
FIX50SP1,BB,"453",802,""
FIX50SP1,BB,"",454,""
FIX50SP1,BB,"",555,""
FIX50SP1,BB,"555",604,""
FIX50SP1,BB,"",711,""
FIX50SP1,BB,"711",457,""
FIX50SP1,BB,"711",887,""
FIX50SP1,BB,"711",1058,""
FIX50SP1,BB,"711 1058",1062,""
FIX50SP1,BB,"",768,""
FIX50SP1,BB,"",864,""
FIX50SP1,BB,"",897,""
FIX50SP1,BB,"",938,""
FIX50SP1,BB,"",1018,""
FIX50SP1,BB,"1018",1052,""
FIX50SP1,BC,"",936,""
FIX50SP1,BD,"",936,"928 930"
FIX50SP1,BG,"",124,""
FIX50SP1,BG,"",453,""
FIX50SP1,BG,"453",802,""
FIX50SP1,BG,"",454,""
FIX50SP1,BG,"",555,""
FIX50SP1,BG,"555",604,""
FIX50SP1,BG,"",711,""
FIX50SP1,BG,"711",457,""
FIX50SP1,BG,"711",887,""
FIX50SP1,BG,"711",1058,""
FIX50SP1,BG,"711 1058",1062,""
FIX50SP1,BG,"",864,""
FIX50SP1,BG,"",897,""
FIX50SP1,BG,"",938,""
FIX50SP1,BG,"",1018,""
FIX50SP1,BG,"1018",1052,""
FIX50SP1,BH,"",73,""
FIX50SP1,BH,"73",756,""
FIX50SP1,BH,"73 756",806,""
FIX50SP1,BJ,"",386,"336 340"
FIX50SP1,BJ,"386",1141,""
FIX50SP1,BJ,"386",1232,""
FIX50SP1,BJ,"386",1235,""
FIX50SP1,BJ,"386",1237,""
FIX50SP1,BJ,"386",1239,""
FIX50SP1,BK,"",146,""
FIX50SP1,BK,"146",232,""
FIX50SP1,BK,"146",454,""
FIX50SP1,BK,"146",555,""
FIX50SP1,BK,"146 555",604,""
FIX50SP1,BK,"146 555",683,""
FIX50SP1,BK,"146",711,""
FIX50SP1,BK,"146 711",457,""
FIX50SP1,BK,"146 711",887,""
FIX50SP1,BK,"146 711",1058,""
FIX50SP1,BK,"146 711 1058",1062,""
FIX50SP1,BK,"146",864,""
FIX50SP1,BK,"146",870,""
FIX50SP1,BK,"146",1018,""
FIX50SP1,BK,"146 1018",1052,""
FIX50SP1,BK,"146",1201,""
FIX50SP1,BK,"146 1201",1236,""
FIX50SP1,BK,"146",1205,""
FIX50SP1,BK,"146",1234,""
FIX50SP1,BK,"146",1309,""
FIX50SP1,BK,"146 1309",1141,""
FIX50SP1,BK,"146 1309",1232,""
FIX50SP1,BK,"146 1309",1235,""
FIX50SP1,BK,"146 1309",1237,""
FIX50SP1,BK,"146 1309",1239,""
FIX50SP1,BK,"146",1312,""
FIX50SP1,BL,"",146,""
FIX50SP1,BL,"146",454,""
FIX50SP1,BL,"146",864,""
FIX50SP1,BL,"146",1018,""
FIX50SP1,BL,"146 1018",1052,""
FIX50SP1,BL,"",453,""
FIX50SP1,BL,"453",802,""
FIX50SP1,BL,"",702,""
FIX50SP1,BL,"702",539,""
FIX50SP1,BL,"702 539",804,""
FIX50SP1,BM,"",73,""
FIX50SP1,BM,"73",756,""
FIX50SP1,BM,"73 756",806,""
FIX50SP1,BM,"",78,""
FIX50SP1,BM,"78",85,""
FIX50SP1,BM,"78 85",781,""
FIX50SP1,BM,"78 85 781",801,""
FIX50SP1,BM,"78",136,""
FIX50SP1,BM,"78",539,""
FIX50SP1,BM,"78 539",804,""
FIX50SP1,BM,"78",576,""
FIX50SP1,BM,"",124,""
FIX50SP1,BM,"",232,""
FIX50SP1,BM,"",453,""
FIX50SP1,BM,"453",802,""
FIX50SP1,BM,"",454,""
FIX50SP1,BM,"",555,""
FIX50SP1,BM,"555",604,""
FIX50SP1,BM,"",711,""
FIX50SP1,BM,"711",457,""
FIX50SP1,BM,"711",887,""
FIX50SP1,BM,"711",1058,""
FIX50SP1,BM,"711 1058",1062,""
FIX50SP1,BM,"",753,""
FIX50SP1,BM,"",864,""
FIX50SP1,BM,"",870,""
FIX50SP1,BM,"",1018,""
FIX50SP1,BM,"1018",1052,""
FIX50SP1,BN,"",454,""
FIX50SP1,BN,"",555,""
FIX50SP1,BN,"555",604,""
FIX50SP1,BN,"",711,""
FIX50SP1,BN,"711",457,""
FIX50SP1,BN,"711",887,""
FIX50SP1,BN,"711",1058,""
FIX50SP1,BN,"711 1058",1062,""
FIX50SP1,BN,"",864,""
FIX50SP1,BN,"",1018,""
FIX50SP1,BN,"1018",1052,""
FIX50SP1,BO,"",453,""
FIX50SP1,BO,"453",802,""
FIX50SP1,BO,"",454,""
FIX50SP1,BO,"",711,""
FIX50SP1,BO,"711",457,""
FIX50SP1,BO,"711",887,""
FIX50SP1,BO,"711",1058,""
FIX50SP1,BO,"711 1058",1062,""
FIX50SP1,BO,"",864,""
FIX50SP1,BO,"",981,""
FIX50SP1,BO,"",1018,""
FIX50SP1,BO,"1018",1052,""
FIX50SP1,BP,"",232,""
FIX50SP1,BP,"",454,""
FIX50SP1,BP,"",555,""
FIX50SP1,BP,"555",604,""
FIX50SP1,BP,"",711,""
FIX50SP1,BP,"711",457,""
FIX50SP1,BP,"711",887,""
FIX50SP1,BP,"711",1058,""
FIX50SP1,BP,"711 1058",1062,""
FIX50SP1,BP,"",864,""
FIX50SP1,BP,"",870,""
FIX50SP1,BP,"",1018,""
FIX50SP1,BP,"1018",1052,""
FIX50SP1,BP,"",1310,""
FIX50SP1,BP,"1310",1201,""
FIX50SP1,BP,"1310 1201",1236,""
FIX50SP1,BP,"1310",1205,""
FIX50SP1,BP,"1310",1234,""
FIX50SP1,BP,"1310",1309,""
FIX50SP1,BP,"1310 1309",1141,""
FIX50SP1,BP,"1310 1309",1232,""
FIX50SP1,BP,"1310 1309",1235,""
FIX50SP1,BP,"1310 1309",1237,""
FIX50SP1,BP,"1310 1309",1239,""
FIX50SP1,BP,"1310",1312,""
FIX50SP1,BQ,"",1165,""
FIX50SP1,BQ,"1165",453,""
FIX50SP1,BQ,"1165 453",802,""
FIX50SP1,BQ,"1165",454,""
FIX50SP1,BQ,"1165",864,""
FIX50SP1,BQ,"1165",1018,""
FIX50SP1,BQ,"1165 1018",1052,""
FIX50SP1,BQ,"1165",1158,""
FIX50SP1,BQ,"1165 1158",781,""
FIX50SP1,BQ,"1165 1158 781",801,""
FIX50SP1,BR,"",146,""
FIX50SP1,BR,"146",454,""
FIX50SP1,BR,"146",555,""
FIX50SP1,BR,"146 555",604,""
FIX50SP1,BR,"146",864,""
FIX50SP1,BR,"146",870,""
FIX50SP1,BR,"146",1018,""
FIX50SP1,BR,"146 1018",1052,""
FIX50SP1,BR,"",457,""
FIX50SP1,BR,"",887,""
FIX50SP1,BR,"",1058,""
FIX50SP1,BR,"1058",1062,""
FIX50SP1,BR,"",1218,""
FIX50SP1,BR,"",1286,""
FIX50SP1,BR,"",1292,""
FIX50SP1,BR,"1292",1296,""
FIX50SP1,BR,"",1310,""
FIX50SP1,BR,"1310",1201,""
FIX50SP1,BR,"1310 1201",1236,""
FIX50SP1,BR,"1310",1205,""
FIX50SP1,BR,"1310",1234,""
FIX50SP1,BR,"1310",1309,""
FIX50SP1,BR,"1310 1309",1141,""
FIX50SP1,BR,"1310 1309",1232,""
FIX50SP1,BR,"1310 1309",1235,""
FIX50SP1,BR,"1310 1309",1237,""
FIX50SP1,BR,"1310 1309",1239,""
FIX50SP1,BR,"1310",1312,""
FIX50SP1,BR,"",1311,""
FIX50SP1,BS,"",386,"336 340"
FIX50SP1,BS,"386",1141,""
FIX50SP1,BS,"386",1232,""
FIX50SP1,BS,"386",1235,""
FIX50SP1,BS,"386",1237,""
FIX50SP1,BS,"386",1239,""
FIX50SP1,BU,"",1205,""
FIX50SP1,BU,"",1232,""
FIX50SP1,BU,"",1234,""
FIX50SP1,BU,"",1237,""
FIX50SP1,BU,"",1239,""
FIX50SP1,BV,"",1205,""
FIX50SP1,BV,"",1232,""
FIX50SP1,BV,"",1234,""
FIX50SP1,BV,"",1237,""
FIX50SP1,BV,"",1239,""
FIX50SP1,BW,"",1351,""
FIX50SP1,BX,"",1351,""
FIX50SP1,BY,"",1351,""
FIX50SP1,BZ,"",453,""
FIX50SP1,BZ,"453",802,""
FIX50SP1,BZ,"",454,""
FIX50SP1,BZ,"",457,""
FIX50SP1,BZ,"",534,""
FIX50SP1,BZ,"",864,""
FIX50SP1,BZ,"",887,""
FIX50SP1,BZ,"",1018,""
FIX50SP1,BZ,"1018",1052,""
FIX50SP1,BZ,"",1058,""
FIX50SP1,BZ,"1058",1062,""
FIX50SP1,BZ,"",1370,""
FIX50SP1,C,"",33,"58"
FIX50SP1,C,"",146,""
FIX50SP1,C,"146",454,""
FIX50SP1,C,"146",864,""
FIX50SP1,C,"146",1018,""
FIX50SP1,C,"146 1018",1052,""
FIX50SP1,C,"",215,""
FIX50SP1,C,"",555,""
FIX50SP1,C,"555",604,""
FIX50SP1,C,"",711,""
FIX50SP1,C,"711",457,""
FIX50SP1,C,"711",887,""
FIX50SP1,C,"711",1058,""
FIX50SP1,C,"711 1058",1062,""
FIX50SP1,CA,"",453,""
FIX50SP1,CA,"453",802,""
FIX50SP1,CA,"",454,""
FIX50SP1,CA,"",457,""
FIX50SP1,CA,"",864,""
FIX50SP1,CA,"",887,""
FIX50SP1,CA,"",1018,""
FIX50SP1,CA,"1018",1052,""
FIX50SP1,CA,"",1058,""
FIX50SP1,CA,"1058",1062,""
FIX50SP1,CB,"",809,""
FIX50SP1,D,"",78,""
FIX50SP1,D,"78",539,""
FIX50SP1,D,"78 539",804,""
FIX50SP1,D,"",232,""
FIX50SP1,D,"",386,""
FIX50SP1,D,"",453,""
FIX50SP1,D,"453",802,""
FIX50SP1,D,"",454,""
FIX50SP1,D,"",711,""
FIX50SP1,D,"711",457,""
FIX50SP1,D,"711",887,""
FIX50SP1,D,"711",1058,""
FIX50SP1,D,"711 1058",1062,""
FIX50SP1,D,"",768,""
FIX50SP1,D,"",864,""
FIX50SP1,D,"",957,""
FIX50SP1,D,"",1018,""
FIX50SP1,D,"1018",1052,""
FIX50SP1,E,"",73,"11 54 67"
FIX50SP1,E,"73",78,""
FIX50SP1,E,"73 78",539,""
FIX50SP1,E,"73 78 539",804,""
FIX50SP1,E,"73",232,""
FIX50SP1,E,"73",386,""
FIX50SP1,E,"73",453,""
FIX50SP1,E,"73 453",802,""
FIX50SP1,E,"73",454,""
FIX50SP1,E,"73",711,""
FIX50SP1,E,"73 711",457,""
FIX50SP1,E,"73 711",887,""
FIX50SP1,E,"73 711",1058,""
FIX50SP1,E,"73 711 1058",1062,""
FIX50SP1,E,"73",864,""
FIX50SP1,E,"73",957,""
FIX50SP1,E,"73",1018,""
FIX50SP1,E,"73 1018",1052,""
FIX50SP1,E,"",1116,""
FIX50SP1,E,"1116",1120,""
FIX50SP1,F,"",453,""
FIX50SP1,F,"453",802,""
FIX50SP1,F,"",454,""
FIX50SP1,F,"",711,""
FIX50SP1,F,"711",457,""
FIX50SP1,F,"711",887,""
FIX50SP1,F,"711",1058,""
FIX50SP1,F,"711 1058",1062,""
FIX50SP1,F,"",864,""
FIX50SP1,F,"",1018,""
FIX50SP1,F,"1018",1052,""
FIX50SP1,G,"",78,""
FIX50SP1,G,"78",539,""
FIX50SP1,G,"78 539",804,""
FIX50SP1,G,"",386,""
FIX50SP1,G,"",453,""
FIX50SP1,G,"453",802,""
FIX50SP1,G,"",454,""
FIX50SP1,G,"",711,""
FIX50SP1,G,"711",457,""
FIX50SP1,G,"711",887,""
FIX50SP1,G,"711",1058,""
FIX50SP1,G,"711 1058",1062,""
FIX50SP1,G,"",768,""
FIX50SP1,G,"",864,""
FIX50SP1,G,"",957,""
FIX50SP1,G,"",1018,""
FIX50SP1,G,"1018",1052,""
FIX50SP1,H,"",453,""
FIX50SP1,H,"453",802,""
FIX50SP1,H,"",454,""
FIX50SP1,H,"",711,""
FIX50SP1,H,"711",457,""
FIX50SP1,H,"711",887,""
FIX50SP1,H,"711",1058,""
FIX50SP1,H,"711 1058",1062,""
FIX50SP1,H,"",864,""
FIX50SP1,H,"",1018,""
FIX50SP1,H,"1018",1052,""
FIX50SP1,J,"",73,""
FIX50SP1,J,"73",756,""
FIX50SP1,J,"73 756",806,""
FIX50SP1,J,"",78,""
FIX50SP1,J,"78",85,""
FIX50SP1,J,"78 85",781,""
FIX50SP1,J,"78 85 781",801,""
FIX50SP1,J,"78",136,""
FIX50SP1,J,"78",539,""
FIX50SP1,J,"78 539",804,""
FIX50SP1,J,"78",576,""
FIX50SP1,J,"",124,""
FIX50SP1,J,"",232,""
FIX50SP1,J,"",453,""
FIX50SP1,J,"453",802,""
FIX50SP1,J,"",454,""
FIX50SP1,J,"",555,""
FIX50SP1,J,"555",604,""
FIX50SP1,J,"",711,""
FIX50SP1,J,"711",457,""
FIX50SP1,J,"711",887,""
FIX50SP1,J,"711",1058,""
FIX50SP1,J,"711 1058",1062,""
FIX50SP1,J,"",753,""
FIX50SP1,J,"",864,""
FIX50SP1,J,"",870,""
FIX50SP1,J,"",1018,""
FIX50SP1,J,"1018",1052,""
FIX50SP1,K,"",453,""
FIX50SP1,K,"453",802,""
FIX50SP1,N,"",73,"6 14 39 84 151"
FIX50SP1,P,"",78,""
FIX50SP1,P,"78",539,""
FIX50SP1,P,"78 539",804,""
FIX50SP1,P,"",453,""
FIX50SP1,P,"453",802,""
FIX50SP1,Q,"",454,""
FIX50SP1,Q,"",555,""
FIX50SP1,Q,"555",604,""
FIX50SP1,Q,"",711,""
FIX50SP1,Q,"711",457,""
FIX50SP1,Q,"711",887,""
FIX50SP1,Q,"711",1058,""
FIX50SP1,Q,"711 1058",1062,""
FIX50SP1,Q,"",864,""
FIX50SP1,Q,"",1018,""
FIX50SP1,Q,"1018",1052,""
FIX50SP1,R,"",146,""
FIX50SP1,R,"146",232,""
FIX50SP1,R,"146",453,""
FIX50SP1,R,"146 453",802,""
FIX50SP1,R,"146",454,""
FIX50SP1,R,"146",555,""
FIX50SP1,R,"146 555",539,""
FIX50SP1,R,"146 555 539",804,""
FIX50SP1,R,"146 555",604,""
FIX50SP1,R,"146 555",683,""
FIX50SP1,R,"146",711,""
FIX50SP1,R,"146 711",457,""
FIX50SP1,R,"146 711",887,""
FIX50SP1,R,"146 711",1058,""
FIX50SP1,R,"146 711 1058",1062,""
FIX50SP1,R,"146",735,""
FIX50SP1,R,"146",864,""
FIX50SP1,R,"146",1018,""
FIX50SP1,R,"146 1018",1052,""
FIX50SP1,R,"",1116,""
FIX50SP1,R,"1116",1120,""
FIX50SP1,S,"",232,""
FIX50SP1,S,"",453,""
FIX50SP1,S,"453",802,""
FIX50SP1,S,"",454,""
FIX50SP1,S,"",555,""
FIX50SP1,S,"555",539,""
FIX50SP1,S,"555 539",804,""
FIX50SP1,S,"555",604,""
FIX50SP1,S,"555",683,""
FIX50SP1,S,"",711,""
FIX50SP1,S,"711",457,""
FIX50SP1,S,"711",887,""
FIX50SP1,S,"711",1058,""
FIX50SP1,S,"711 1058",1062,""
FIX50SP1,S,"",735,""
FIX50SP1,S,"",864,""
FIX50SP1,S,"",1018,""
FIX50SP1,S,"1018",1052,""
FIX50SP1,T,"",778,""
FIX50SP1,T,"778",85,""
FIX50SP1,T,"778 85",781,""
FIX50SP1,T,"778 85 781",801,""
FIX50SP1,T,"778",453,""
FIX50SP1,T,"778 453",802,""
FIX50SP1,V,"",146,""
FIX50SP1,V,"146",454,""
FIX50SP1,V,"146",555,""
FIX50SP1,V,"146 555",604,""
FIX50SP1,V,"146",711,""
FIX50SP1,V,"146 711",457,""
FIX50SP1,V,"146 711",887,""
FIX50SP1,V,"146 711",1058,""
FIX50SP1,V,"146 711 1058",1062,""
FIX50SP1,V,"146",864,""
FIX50SP1,V,"146",1018,""
FIX50SP1,V,"146 1018",1052,""
FIX50SP1,V,"",267,"269"
FIX50SP1,V,"",386,""
FIX50SP1,V,"",453,""
FIX50SP1,V,"453",802,""
FIX50SP1,W,"",215,""
FIX50SP1,W,"",268,"269"
FIX50SP1,W,"268",453,""
FIX50SP1,W,"268 453",802,""
FIX50SP1,W,"268",1177,""
FIX50SP1,W,"",454,""
FIX50SP1,W,"",555,""
FIX50SP1,W,"555",604,""
FIX50SP1,W,"",711,""
FIX50SP1,W,"711",457,""
FIX50SP1,W,"711",887,""
FIX50SP1,W,"711",1058,""
FIX50SP1,W,"711 1058",1062,""
FIX50SP1,W,"",864,""
FIX50SP1,W,"",1018,""
FIX50SP1,W,"1018",1052,""
FIX50SP1,X,"",215,""
FIX50SP1,X,"",268,"279"
FIX50SP1,X,"268",453,""
FIX50SP1,X,"268 453",802,""
FIX50SP1,X,"268",454,""
FIX50SP1,X,"268",555,""
FIX50SP1,X,"268 555",604,""
FIX50SP1,X,"268",711,""
FIX50SP1,X,"268 711",457,""
FIX50SP1,X,"268 711",887,""
FIX50SP1,X,"268 711",1058,""
FIX50SP1,X,"268 711 1058",1062,""
FIX50SP1,X,"268",864,""
FIX50SP1,X,"268",1018,""
FIX50SP1,X,"268 1018",1052,""
FIX50SP1,X,"268",1175,""
FIX50SP1,X,"268",1177,""
FIX50SP1,Y,"",453,""
FIX50SP1,Y,"453",802,""
FIX50SP1,Y,"",816,""
FIX50SP1,Z,"",295,""
FIX50SP1,Z,"295",454,""
FIX50SP1,Z,"295",555,""
FIX50SP1,Z,"295 555",604,""
FIX50SP1,Z,"295",711,""
FIX50SP1,Z,"295 711",457,""
FIX50SP1,Z,"295 711",887,""
FIX50SP1,Z,"295 711",1058,""
FIX50SP1,Z,"295 711 1058",1062,""
FIX50SP1,Z,"295",864,""
FIX50SP1,Z,"295",1018,""
FIX50SP1,Z,"295 1018",1052,""
FIX50SP1,Z,"",453,""
FIX50SP1,Z,"453",802,""
FIX50SP1,a,"",453,""
FIX50SP1,a,"453",802,""
FIX50SP1,a,"",454,""
FIX50SP1,a,"",555,""
FIX50SP1,a,"555",604,""
FIX50SP1,a,"",711,""
FIX50SP1,a,"711",457,""
FIX50SP1,a,"711",887,""
FIX50SP1,a,"711",1058,""
FIX50SP1,a,"711 1058",1062,""
FIX50SP1,a,"",864,""
FIX50SP1,a,"",1018,""
FIX50SP1,a,"1018",1052,""
FIX50SP1,b,"",296,""
FIX50SP1,b,"296",295,""
FIX50SP1,b,"296 295",454,""
FIX50SP1,b,"296 295",555,""
FIX50SP1,b,"296 295 555",604,""
FIX50SP1,b,"296 295",864,""
FIX50SP1,b,"296 295",1018,""
FIX50SP1,b,"296 295 1018",1052,""
FIX50SP1,b,"296",457,""
FIX50SP1,b,"296",887,""
FIX50SP1,b,"296",1058,""
FIX50SP1,b,"296 1058",1062,""
FIX50SP1,b,"",453,""
FIX50SP1,b,"453",802,""
FIX50SP1,c,"",232,""
FIX50SP1,c,"",454,""
FIX50SP1,c,"",555,""
FIX50SP1,c,"555",604,""
FIX50SP1,c,"",711,""
FIX50SP1,c,"711",457,""
FIX50SP1,c,"711",887,""
FIX50SP1,c,"711",1058,""
FIX50SP1,c,"711 1058",1062,""
FIX50SP1,c,"",864,""
FIX50SP1,c,"",870,""
FIX50SP1,c,"",1018,""
FIX50SP1,c,"1018",1052,""
FIX50SP1,d,"",232,""
FIX50SP1,d,"",454,""
FIX50SP1,d,"",555,""
FIX50SP1,d,"555",604,""
FIX50SP1,d,"",711,""
FIX50SP1,d,"711",457,""
FIX50SP1,d,"711",887,""
FIX50SP1,d,"711",1058,""
FIX50SP1,d,"711 1058",1062,""
FIX50SP1,d,"",864,""
FIX50SP1,d,"",870,""
FIX50SP1,d,"",1018,""
FIX50SP1,d,"1018",1052,""
FIX50SP1,d,"",1310,""
FIX50SP1,d,"1310",1201,""
FIX50SP1,d,"1310 1201",1236,""
FIX50SP1,d,"1310",1205,""
FIX50SP1,d,"1310",1234,""
FIX50SP1,d,"1310",1309,""
FIX50SP1,d,"1310 1309",1141,""
FIX50SP1,d,"1310 1309",1232,""
FIX50SP1,d,"1310 1309",1235,""
FIX50SP1,d,"1310 1309",1237,""
FIX50SP1,d,"1310 1309",1239,""
FIX50SP1,d,"1310",1312,""
FIX50SP1,e,"",454,""
FIX50SP1,e,"",555,""
FIX50SP1,e,"555",604,""
FIX50SP1,e,"",711,""
FIX50SP1,e,"711",457,""
FIX50SP1,e,"711",887,""
FIX50SP1,e,"711",1058,""
FIX50SP1,e,"711 1058",1062,""
FIX50SP1,e,"",864,""
FIX50SP1,e,"",870,""
FIX50SP1,e,"",1018,""
FIX50SP1,e,"1018",1052,""
FIX50SP1,f,"",454,""
FIX50SP1,f,"",555,""
FIX50SP1,f,"555",604,""
FIX50SP1,f,"",711,""
FIX50SP1,f,"711",457,""
FIX50SP1,f,"711",887,""
FIX50SP1,f,"711",1058,""
FIX50SP1,f,"711 1058",1062,""
FIX50SP1,f,"",864,""
FIX50SP1,f,"",870,""
FIX50SP1,f,"",1018,""
FIX50SP1,f,"1018",1052,""
FIX50SP1,h,"",454,""
FIX50SP1,h,"",864,""
FIX50SP1,h,"",1018,""
FIX50SP1,h,"1018",1052,""
FIX50SP1,i,"",296,"302 304"
FIX50SP1,i,"296",295,"299"
FIX50SP1,i,"296 295",454,""
FIX50SP1,i,"296 295",555,""
FIX50SP1,i,"296 295 555",604,""
FIX50SP1,i,"296 295",864,""
FIX50SP1,i,"296 295",1018,""
FIX50SP1,i,"296 295 1018",1052,""
FIX50SP1,i,"296",457,""
FIX50SP1,i,"296",887,""
FIX50SP1,i,"296",1058,""
FIX50SP1,i,"296 1058",1062,""
FIX50SP1,i,"",453,""
FIX50SP1,i,"453",802,""
FIX50SP1,k,"",398,""
FIX50SP1,k,"",420,""
FIX50SP1,l,"",420,""
FIX50SP1,m,"",428,""
FIX50SP1,m,"428",454,""
FIX50SP1,m,"428",711,""
FIX50SP1,m,"428 711",457,""
FIX50SP1,m,"428 711",887,""
FIX50SP1,m,"428 711",1058,""
FIX50SP1,m,"428 711 1058",1062,""
FIX50SP1,m,"428",864,""
FIX50SP1,m,"428",1018,""
FIX50SP1,m,"428 1018",1052,""
FIX50SP1,o,"",453,""
FIX50SP1,o,"453",802,""
FIX50SP1,o,"",473,""
FIX50SP1,o,"473",539,""
FIX50SP1,o,"473 539",804,""
FIX50SP1,o,"",510,""
FIX50SP1,p,"",453,""
FIX50SP1,p,"453",802,""
FIX50SP1,q,"",453,""
FIX50SP1,q,"453",802,""
FIX50SP1,q,"",454,""
FIX50SP1,q,"",457,""
FIX50SP1,q,"",864,""
FIX50SP1,q,"",887,""
FIX50SP1,q,"",1018,""
FIX50SP1,q,"1018",1052,""
FIX50SP1,q,"",1058,""
FIX50SP1,q,"1058",1062,""
FIX50SP1,r,"",453,""
FIX50SP1,r,"453",802,""
FIX50SP1,r,"",454,""
FIX50SP1,r,"",457,""
FIX50SP1,r,"",534,""
FIX50SP1,r,"",864,""
FIX50SP1,r,"",887,""
FIX50SP1,r,"",1018,""
FIX50SP1,r,"1018",1052,""
FIX50SP1,r,"",1058,""
FIX50SP1,r,"1058",1062,""
FIX50SP1,r,"",1370,""
FIX50SP1,s,"",232,""
FIX50SP1,s,"",386,""
FIX50SP1,s,"",454,""
FIX50SP1,s,"",552,"11 54"
FIX50SP1,s,"552",78,""
FIX50SP1,s,"552 78",539,""
FIX50SP1,s,"552 78 539",804,""
FIX50SP1,s,"552",453,""
FIX50SP1,s,"552 453",802,""
FIX50SP1,s,"",555,""
FIX50SP1,s,"555",604,""
FIX50SP1,s,"",711,""
FIX50SP1,s,"711",457,""
FIX50SP1,s,"711",887,""
FIX50SP1,s,"711",1058,""
FIX50SP1,s,"711 1058",1062,""
FIX50SP1,s,"",864,""
FIX50SP1,s,"",957,""
FIX50SP1,s,"",1018,""
FIX50SP1,s,"1018",1052,""
FIX50SP1,s,"",1116,""
FIX50SP1,s,"1116",1120,""
FIX50SP1,t,"",232,""
FIX50SP1,t,"",386,""
FIX50SP1,t,"",454,""
FIX50SP1,t,"",552,"11 54"
FIX50SP1,t,"552",78,""
FIX50SP1,t,"552 78",539,""
FIX50SP1,t,"552 78 539",804,""
FIX50SP1,t,"552",453,""
FIX50SP1,t,"552 453",802,""
FIX50SP1,t,"",555,""
FIX50SP1,t,"555",604,""
FIX50SP1,t,"",711,""
FIX50SP1,t,"711",457,""
FIX50SP1,t,"711",887,""
FIX50SP1,t,"711",1058,""
FIX50SP1,t,"711 1058",1062,""
FIX50SP1,t,"",864,""
FIX50SP1,t,"",957,""
FIX50SP1,t,"",1018,""
FIX50SP1,t,"1018",1052,""
FIX50SP1,t,"",1116,""
FIX50SP1,t,"1116",1120,""
FIX50SP1,u,"",454,""
FIX50SP1,u,"",552,"11 54"
FIX50SP1,u,"552",453,""
FIX50SP1,u,"552 453",802,""
FIX50SP1,u,"",555,""
FIX50SP1,u,"555",604,""
FIX50SP1,u,"",711,""
FIX50SP1,u,"711",457,""
FIX50SP1,u,"711",887,""
FIX50SP1,u,"711",1058,""
FIX50SP1,u,"711 1058",1062,""
FIX50SP1,u,"",864,""
FIX50SP1,u,"",1018,""
FIX50SP1,u,"1018",1052,""
FIX50SP1,u,"",1116,""
FIX50SP1,u,"1116",1120,""
FIX50SP1,w,"",558,""
FIX50SP1,x,"",454,""
FIX50SP1,x,"",555,""
FIX50SP1,x,"555",604,""
FIX50SP1,x,"",711,""
FIX50SP1,x,"711",457,""
FIX50SP1,x,"711",887,""
FIX50SP1,x,"711",1058,""
FIX50SP1,x,"711 1058",1062,""
FIX50SP1,x,"",864,""
FIX50SP1,x,"",870,""
FIX50SP1,x,"",1018,""
FIX50SP1,x,"1018",1052,""
FIX50SP1,y,"",146,""
FIX50SP1,y,"146",232,""
FIX50SP1,y,"146",454,""
FIX50SP1,y,"146",555,""
FIX50SP1,y,"146 555",604,""
FIX50SP1,y,"146 555",683,""
FIX50SP1,y,"146",711,""
FIX50SP1,y,"146 711",457,""
FIX50SP1,y,"146 711",887,""
FIX50SP1,y,"146 711",1058,""
FIX50SP1,y,"146 711 1058",1062,""
FIX50SP1,y,"146",864,""
FIX50SP1,y,"146",870,""
FIX50SP1,y,"146",1018,""
FIX50SP1,y,"146 1018",1052,""
FIX50SP1,y,"146",1201,""
FIX50SP1,y,"146 1201",1236,""
FIX50SP1,y,"146",1205,""
FIX50SP1,y,"146",1234,""
FIX50SP1,y,"146",1309,""
FIX50SP1,y,"146 1309",1141,""
FIX50SP1,y,"146 1309",1232,""
FIX50SP1,y,"146 1309",1235,""
FIX50SP1,y,"146 1309",1237,""
FIX50SP1,y,"146 1309",1239,""
FIX50SP1,y,"146",1312,""
FIX50SP1,z,"",457,""
FIX50SP1,z,"",887,""
FIX50SP1,z,"",1058,""
FIX50SP1,z,"1058",1062,""
FIX50SP1,z,"",1218,""
FIX50SP1,z,"",1286,""
FIX50SP1,z,"",1292,""
FIX50SP1,z,"1292",1296,""
FIX50SP2,6,"",199,""
FIX50SP2,6,"",215,""
FIX50SP2,6,"",232,""
FIX50SP2,6,"",453,""
FIX50SP2,6,"453",802,""
FIX50SP2,6,"",454,""
FIX50SP2,6,"",555,""
FIX50SP2,6,"555",604,""
FIX50SP2,6,"555",683,""
FIX50SP2,6,"555",2059,""
FIX50SP2,6,"555",2076,""
FIX50SP2,6,"555",2218,""
FIX50SP2,6,"555 2218",2250,""
FIX50SP2,6,"555 2218 2250",2253,""
FIX50SP2,6,"555 2218",41366,""
FIX50SP2,6,"555 2218 41366",41374,""
FIX50SP2,6,"555 2218",41379,""
FIX50SP2,6,"555 2218 41379",41363,""
FIX50SP2,6,"555 2218 41379",41376,""
FIX50SP2,6,"555 2218 41379",41400,""
FIX50SP2,6,"555 2218",41382,""
FIX50SP2,6,"555 2218",41387,""
FIX50SP2,6,"555 2218",41398,""
FIX50SP2,6,"555",2254,""
FIX50SP2,6,"555 2254",2258,""
FIX50SP2,6,"555",2308,""
FIX50SP2,6,"555",40241,""
FIX50SP2,6,"555 40241",40367,""
FIX50SP2,6,"555 40241",40374,""
FIX50SP2,6,"555 40241 40374",40414,""
FIX50SP2,6,"555 40241 40374",40927,""
FIX50SP2,6,"555 40241 40374",40928,""
FIX50SP2,6,"555 40241 40374",41530,""
FIX50SP2,6,"555 40241",40418,""
FIX50SP2,6,"555 40241 40418",42495,""
FIX50SP2,6,"555 40241 40418",42504,""
FIX50SP2,6,"555 40241",40902,""
FIX50SP2,6,"555 40241",40929,""
FIX50SP2,6,"555 40241",40930,""
FIX50SP2,6,"555 40241",40931,""
FIX50SP2,6,"555 40241",40932,""
FIX50SP2,6,"555 40241",40933,""
FIX50SP2,6,"555 40241",40940,""
FIX50SP2,6,"555 40241",40941,""
FIX50SP2,6,"555 40241",40942,""
FIX50SP2,6,"555 40241",40943,""
FIX50SP2,6,"555 40241",41408,""
FIX50SP2,6,"555 40241 41408",41422,""
FIX50SP2,6,"555 40241 41408 41422",41425,""
FIX50SP2,6,"555 40241",41452,""
FIX50SP2,6,"555 40241",41456,""
FIX50SP2,6,"555 40241",41460,""
FIX50SP2,6,"555 40241",41561,""
FIX50SP2,6,"555 40241",41589,""
FIX50SP2,6,"555 40241",41593,""
FIX50SP2,6,"555 40241",41596,""
FIX50SP2,6,"555 40241",41638,""
FIX50SP2,6,"555 40241",41646,""
FIX50SP2,6,"555 40241",41674,""
FIX50SP2,6,"555 40241",41677,""
FIX50SP2,6,"555 40241",41686,""
FIX50SP2,6,"555 40241 41686",41680,""
FIX50SP2,6,"555 40241 41686 41680",41683,""
FIX50SP2,6,"555 40241",42310,""
FIX50SP2,6,"555 40241",42364,""
FIX50SP2,6,"555 40241",42366,""
FIX50SP2,6,"555 40241 42366",42386,""
FIX50SP2,6,"555 40241",42405,""
FIX50SP2,6,"555 40241",42419,""
FIX50SP2,6,"555 40241",42459,""
FIX50SP2,6,"555 40241",42485,""
FIX50SP2,6,"555 40241",42534,""
FIX50SP2,6,"555 40241 42534",42508,""
FIX50SP2,6,"555 40241 42534 42508",42569,""
FIX50SP2,6,"555 40241 42534 42508",42571,""
FIX50SP2,6,"555 40241 42534",42530,""
FIX50SP2,6,"555 40241 42534",42560,""
FIX50SP2,6,"555 40241 42534",42564,""
FIX50SP2,6,"555",40448,""
FIX50SP2,6,"555 40448",40473,""
FIX50SP2,6,"555 40448",40495,""
FIX50SP2,6,"555 40448",40533,""
FIX50SP2,6,"555 40448 40533",40537,""
FIX50SP2,6,"555 40448",40934,""
FIX50SP2,6,"555 40448",40935,""
FIX50SP2,6,"555 40448",40936,""
FIX50SP2,6,"555 40448",40937,""
FIX50SP2,6,"555 40448",40938,""
FIX50SP2,6,"555 40448",40939,""
FIX50SP2,6,"555",40923,""
FIX50SP2,6,"555",41335,""
FIX50SP2,6,"555 41335",41316,""
FIX50SP2,6,"555",41344,""
FIX50SP2,6,"555 41344",41342,""
FIX50SP2,6,"555 41344",42306,""
FIX50SP2,6,"555",41467,""
FIX50SP2,6,"555",41469,""
FIX50SP2,6,"555",41471,""
FIX50SP2,6,"555",41491,""
FIX50SP2,6,"555",41512,""
FIX50SP2,6,"555",41515,""
FIX50SP2,6,"555",41527,""
FIX50SP2,6,"555",41599,""
FIX50SP2,6,"555 41599",41604,""
FIX50SP2,6,"555",41607,""
FIX50SP2,6,"555",41616,""
FIX50SP2,6,"555 41616",41614,""
FIX50SP2,6,"555 41616",41625,""
FIX50SP2,6,"555 41616 41625",41633,""
FIX50SP2,6,"555 41616",41635,""
FIX50SP2,6,"555",42388,""
FIX50SP2,6,"555",42581,""
FIX50SP2,6,"",711,""
FIX50SP2,6,"711",457,""
FIX50SP2,6,"711",887,""
FIX50SP2,6,"711",1058,""
FIX50SP2,6,"711 1058",1062,""
FIX50SP2,6,"711",1981,""
FIX50SP2,6,"711",2045,""
FIX50SP2,6,"711 2045",2053,""
FIX50SP2,6,"711 2045 2053",2056,""
FIX50SP2,6,"711 2045",41716,""
FIX50SP2,6,"711 2045 41716",41724,""
FIX50SP2,6,"711 2045",41729,""
FIX50SP2,6,"711 2045 41729",41713,""
FIX50SP2,6,"711 2045 41729",41726,""
FIX50SP2,6,"711 2045 41729",41750,""
FIX50SP2,6,"711 2045",41732,""
FIX50SP2,6,"711 2045",41737,""
FIX50SP2,6,"711 2045",41748,""
FIX50SP2,6,"711",2080,""
FIX50SP2,6,"711",2312,""
FIX50SP2,6,"711",40540,""
FIX50SP2,6,"711 40540",40656,""
FIX50SP2,6,"711 40540",40659,""
FIX50SP2,6,"711 40540",40664,""
FIX50SP2,6,"711 40540 40664",40704,""
FIX50SP2,6,"711 40540 40664",40966,""
FIX50SP2,6,"711 40540 40664",40967,""
FIX50SP2,6,"711 40540 40664",41878,""
FIX50SP2,6,"711 40540",40708,""
FIX50SP2,6,"711 40540 40708",42991,""
FIX50SP2,6,"711 40540 40708",43000,""
FIX50SP2,6,"711 40540",40968,""
FIX50SP2,6,"711 40540",40969,""
FIX50SP2,6,"711 40540",40970,""
FIX50SP2,6,"711 40540",40971,""
FIX50SP2,6,"711 40540",40972,""
FIX50SP2,6,"711 40540",40973,""
FIX50SP2,6,"711 40540",40974,""
FIX50SP2,6,"711 40540",40975,""
FIX50SP2,6,"711 40540",40976,""
FIX50SP2,6,"711 40540",41756,""
FIX50SP2,6,"711 40540 41756",41770,""
FIX50SP2,6,"711 40540 41756 41770",41773,""
FIX50SP2,6,"711 40540",41800,""
FIX50SP2,6,"711 40540",41804,""
FIX50SP2,6,"711 40540",41808,""
FIX50SP2,6,"711 40540",41909,""
FIX50SP2,6,"711 40540",41937,""
FIX50SP2,6,"711 40540",41941,""
FIX50SP2,6,"711 40540",41944,""
FIX50SP2,6,"711 40540",41954,""
FIX50SP2,6,"711 40540",41962,""
FIX50SP2,6,"711 40540",41990,""
FIX50SP2,6,"711 40540",41993,""
FIX50SP2,6,"711 40540",42002,""
FIX50SP2,6,"711 40540 42002",41996,""
FIX50SP2,6,"711 40540 42002 41996",41999,""
FIX50SP2,6,"711 40540",42799,""
FIX50SP2,6,"711 40540",42853,""
FIX50SP2,6,"711 40540",42862,""
FIX50SP2,6,"711 40540 42862",42882,""
FIX50SP2,6,"711 40540",42901,""
FIX50SP2,6,"711 40540",42915,""
FIX50SP2,6,"711 40540",42955,""
FIX50SP2,6,"711 40540",42981,""
FIX50SP2,6,"711 40540",43034,""
FIX50SP2,6,"711 40540 43034",43008,""
FIX50SP2,6,"711 40540 43034 43008",43069,""
FIX50SP2,6,"711 40540 43034 43008",43071,""
FIX50SP2,6,"711 40540 43034",43030,""
FIX50SP2,6,"711 40540 43034",43060,""
FIX50SP2,6,"711 40540 43034",43064,""
FIX50SP2,6,"711",40962,""
FIX50SP2,6,"711",41820,""
FIX50SP2,6,"711",41841,""
FIX50SP2,6,"711",41844,""
FIX50SP2,6,"711",41856,""
FIX50SP2,6,"711",41864,""
FIX50SP2,6,"711",41866,""
FIX50SP2,6,"711",41868,""
FIX50SP2,6,"711",41947,""
FIX50SP2,6,"711",42036,""
FIX50SP2,6,"711 42036",41340,""
FIX50SP2,6,"711",42041,""
FIX50SP2,6,"711 42041",42039,""
FIX50SP2,6,"711 42041",42788,""
FIX50SP2,6,"711",42060,""
FIX50SP2,6,"711 42060",42065,""
FIX50SP2,6,"711",42068,""
FIX50SP2,6,"711 42068",42077,""
FIX50SP2,6,"711 42068 42077",42085,""
FIX50SP2,6,"711 42068",42087,""
FIX50SP2,6,"711 42068",42090,""
FIX50SP2,6,"711",42149,""
FIX50SP2,6,"711 42149",42099,""
FIX50SP2,6,"711 42149",42112,""
FIX50SP2,6,"711 42149",42173,""
FIX50SP2,6,"711 42149 42173",42177,""
FIX50SP2,6,"711 42149",42180,""
FIX50SP2,6,"711 42149",42182,""
FIX50SP2,6,"711 42149",42184,""
FIX50SP2,6,"711 42149",42186,""
FIX50SP2,6,"711 42149",42188,""
FIX50SP2,6,"711 42149",42190,""
FIX50SP2,6,"711",42855,""
FIX50SP2,6,"711",42884,""
FIX50SP2,6,"711",43005,""
FIX50SP2,6,"711",43074,""
FIX50SP2,6,"",864,""
FIX50SP2,6,"",870,""
FIX50SP2,6,"",1018,""
FIX50SP2,6,"1018",1052,""
FIX50SP2,6,"",1483,""
FIX50SP2,6,"1483",1491,""
FIX50SP2,6,"1483 1491",1494,""
FIX50SP2,6,"1483",40997,""
FIX50SP2,6,"1483 40997",41005,""
FIX50SP2,6,"1483",41010,""
FIX50SP2,6,"1483 41010",40994,""
FIX50SP2,6,"1483 41010",41007,""
FIX50SP2,6,"1483 41010",41031,""
FIX50SP2,6,"1483",41013,""
FIX50SP2,6,"1483",41018,""
FIX50SP2,6,"1483",41029,""
FIX50SP2,6,"",1647,""
FIX50SP2,6,"",1976,""
FIX50SP2,6,"",2304,""
FIX50SP2,6,"",2529,""
FIX50SP2,6,"",2709,""
FIX50SP2,6,"",2734,""
FIX50SP2,6,"",2746,""
FIX50SP2,6,"",40019,""
FIX50SP2,6,"40019",40000,""
FIX50SP2,6,"",40022,""
FIX50SP2,6,"40022",40277,""
FIX50SP2,6,"40022",42214,""
FIX50SP2,6,"",40040,""
FIX50SP2,6,"",40042,""
FIX50SP2,6,"",40046,""
FIX50SP2,6,"",40049,""
FIX50SP2,6,"40049",40085,""
FIX50SP2,6,"40049",40825,""
FIX50SP2,6,"40049",40828,""
FIX50SP2,6,"40049 40828",40868,""
FIX50SP2,6,"40049 40828",40945,""
FIX50SP2,6,"40049 40828",40977,""
FIX50SP2,6,"40049 40828",41161,""
FIX50SP2,6,"40049",40872,""
FIX50SP2,6,"40049 40872",42696,""
FIX50SP2,6,"40049 40872",42705,""
FIX50SP2,6,"40049",40946,""
FIX50SP2,6,"40049",40947,""
FIX50SP2,6,"40049",40948,""
FIX50SP2,6,"40049",40949,""
FIX50SP2,6,"40049",40950,""
FIX50SP2,6,"40049",40958,""
FIX50SP2,6,"40049",40959,""
FIX50SP2,6,"40049",40960,""
FIX50SP2,6,"40049",40961,""
FIX50SP2,6,"40049",41037,""
FIX50SP2,6,"40049 41037",41051,""
FIX50SP2,6,"40049 41037 41051",41054,""
FIX50SP2,6,"40049",41081,""
FIX50SP2,6,"40049",41085,""
FIX50SP2,6,"40049",41192,""
FIX50SP2,6,"40049",41220,""
FIX50SP2,6,"40049",41224,""
FIX50SP2,6,"40049",41227,""
FIX50SP2,6,"40049",41237,""
FIX50SP2,6,"40049",41241,""
FIX50SP2,6,"40049",41249,""
FIX50SP2,6,"40049",41277,""
FIX50SP2,6,"40049",41280,""
FIX50SP2,6,"40049",41289,""
FIX50SP2,6,"40049 41289",41283,""
FIX50SP2,6,"40049 41289 41283",41286,""
FIX50SP2,6,"40049",42236,""
FIX50SP2,6,"40049",42272,""
FIX50SP2,6,"40049",42274,""
FIX50SP2,6,"40049 42274",42294,""
FIX50SP2,6,"40049",42606,""
FIX50SP2,6,"40049",42620,""
FIX50SP2,6,"40049",42660,""
FIX50SP2,6,"40049",42683,""
FIX50SP2,6,"40049",42735,""
FIX50SP2,6,"40049 42735",42709,""
FIX50SP2,6,"40049 42735 42709",42770,""
FIX50SP2,6,"40049 42735 42709",42772,""
FIX50SP2,6,"40049 42735",42731,""
FIX50SP2,6,"40049 42735",42761,""
FIX50SP2,6,"40049 42735",42765,""
FIX50SP2,6,"",40090,""
FIX50SP2,6,"40090",40142,""
FIX50SP2,6,"40090",40171,""
FIX50SP2,6,"40090",40174,""
FIX50SP2,6,"40090 40174",40178,""
FIX50SP2,6,"40090",40952,""
FIX50SP2,6,"40090",40953,""
FIX50SP2,6,"40090",40954,""
FIX50SP2,6,"40090",40955,""
FIX50SP2,6,"40090",40956,""
FIX50SP2,6,"40090",40957,""
FIX50SP2,6,"",40181,""
FIX50SP2,6,"40181",40191,""
FIX50SP2,6,"40181 40191",40199,""
FIX50SP2,6,"40181",40201,""
FIX50SP2,6,"40181",40951,""
FIX50SP2,6,"",40204,""
FIX50SP2,6,"40204",40209,""
FIX50SP2,6,"",40278,""
FIX50SP2,6,"",41092,""
FIX50SP2,6,"",41094,""
FIX50SP2,6,"",41096,""
FIX50SP2,6,"",41116,""
FIX50SP2,6,"",41137,""
FIX50SP2,6,"",41140,""
FIX50SP2,6,"",41152,""
FIX50SP2,6,"",41230,""
FIX50SP2,6,"",42296,""
FIX50SP2,6,"",42775,""
FIX50SP2,7,"",215,""
FIX50SP2,7,"",454,""
FIX50SP2,7,"",555,""
FIX50SP2,7,"555",604,""
FIX50SP2,7,"555",2059,""
FIX50SP2,7,"555",2076,""
FIX50SP2,7,"555",2218,""
FIX50SP2,7,"555 2218",2250,""
FIX50SP2,7,"555 2218 2250",2253,""
FIX50SP2,7,"555 2218",41366,""
FIX50SP2,7,"555 2218 41366",41374,""
FIX50SP2,7,"555 2218",41379,""
FIX50SP2,7,"555 2218 41379",41363,""
FIX50SP2,7,"555 2218 41379",41376,""
FIX50SP2,7,"555 2218 41379",41400,""
FIX50SP2,7,"555 2218",41382,""
FIX50SP2,7,"555 2218",41387,""
FIX50SP2,7,"555 2218",41398,""
FIX50SP2,7,"555",2254,""
FIX50SP2,7,"555 2254",2258,""
FIX50SP2,7,"555",2308,""
FIX50SP2,7,"555",40241,""
FIX50SP2,7,"555 40241",40367,""
FIX50SP2,7,"555 40241",40374,""
FIX50SP2,7,"555 40241 40374",40414,""
FIX50SP2,7,"555 40241 40374",40927,""
FIX50SP2,7,"555 40241 40374",40928,""
FIX50SP2,7,"555 40241 40374",41530,""
FIX50SP2,7,"555 40241",40418,""
FIX50SP2,7,"555 40241 40418",42495,""
FIX50SP2,7,"555 40241 40418",42504,""
FIX50SP2,7,"555 40241",40902,""
FIX50SP2,7,"555 40241",40929,""
FIX50SP2,7,"555 40241",40930,""
FIX50SP2,7,"555 40241",40931,""
FIX50SP2,7,"555 40241",40932,""
FIX50SP2,7,"555 40241",40933,""
FIX50SP2,7,"555 40241",40940,""
FIX50SP2,7,"555 40241",40941,""
FIX50SP2,7,"555 40241",40942,""
FIX50SP2,7,"555 40241",40943,""
FIX50SP2,7,"555 40241",41408,""
FIX50SP2,7,"555 40241 41408",41422,""
FIX50SP2,7,"555 40241 41408 41422",41425,""
FIX50SP2,7,"555 40241",41452,""
FIX50SP2,7,"555 40241",41456,""
FIX50SP2,7,"555 40241",41460,""
FIX50SP2,7,"555 40241",41561,""
FIX50SP2,7,"555 40241",41589,""
FIX50SP2,7,"555 40241",41593,""
FIX50SP2,7,"555 40241",41596,""
FIX50SP2,7,"555 40241",41638,""
FIX50SP2,7,"555 40241",41646,""
FIX50SP2,7,"555 40241",41674,""
FIX50SP2,7,"555 40241",41677,""
FIX50SP2,7,"555 40241",41686,""
FIX50SP2,7,"555 40241 41686",41680,""
FIX50SP2,7,"555 40241 41686 41680",41683,""
FIX50SP2,7,"555 40241",42310,""
FIX50SP2,7,"555 40241",42364,""
FIX50SP2,7,"555 40241",42366,""
FIX50SP2,7,"555 40241 42366",42386,""
FIX50SP2,7,"555 40241",42405,""
FIX50SP2,7,"555 40241",42419,""
FIX50SP2,7,"555 40241",42459,""
FIX50SP2,7,"555 40241",42485,""
FIX50SP2,7,"555 40241",42534,""
FIX50SP2,7,"555 40241 42534",42508,""
FIX50SP2,7,"555 40241 42534 42508",42569,""
FIX50SP2,7,"555 40241 42534 42508",42571,""
FIX50SP2,7,"555 40241 42534",42530,""
FIX50SP2,7,"555 40241 42534",42560,""
FIX50SP2,7,"555 40241 42534",42564,""
FIX50SP2,7,"555",40448,""
FIX50SP2,7,"555 40448",40473,""
FIX50SP2,7,"555 40448",40495,""
FIX50SP2,7,"555 40448",40533,""
FIX50SP2,7,"555 40448 40533",40537,""
FIX50SP2,7,"555 40448",40934,""
FIX50SP2,7,"555 40448",40935,""
FIX50SP2,7,"555 40448",40936,""
FIX50SP2,7,"555 40448",40937,""
FIX50SP2,7,"555 40448",40938,""
FIX50SP2,7,"555 40448",40939,""
FIX50SP2,7,"555",40923,""
FIX50SP2,7,"555",41335,""
FIX50SP2,7,"555 41335",41316,""
FIX50SP2,7,"555",41344,""
FIX50SP2,7,"555 41344",41342,""
FIX50SP2,7,"555 41344",42306,""
FIX50SP2,7,"555",41467,""
FIX50SP2,7,"555",41469,""
FIX50SP2,7,"555",41471,""
FIX50SP2,7,"555",41491,""
FIX50SP2,7,"555",41512,""
FIX50SP2,7,"555",41515,""
FIX50SP2,7,"555",41527,""
FIX50SP2,7,"555",41599,""
FIX50SP2,7,"555 41599",41604,""
FIX50SP2,7,"555",41607,""
FIX50SP2,7,"555",41616,""
FIX50SP2,7,"555 41616",41614,""
FIX50SP2,7,"555 41616",41625,""
FIX50SP2,7,"555 41616 41625",41633,""
FIX50SP2,7,"555 41616",41635,""
FIX50SP2,7,"555",42198,""
FIX50SP2,7,"555",42200,""
FIX50SP2,7,"555",42203,""
FIX50SP2,7,"555",42388,""
FIX50SP2,7,"555",42581,""
FIX50SP2,7,"",711,""
FIX50SP2,7,"711",457,""
FIX50SP2,7,"711",887,""
FIX50SP2,7,"711",1058,""
FIX50SP2,7,"711 1058",1062,""
FIX50SP2,7,"711",1981,""
FIX50SP2,7,"711",2045,""
FIX50SP2,7,"711 2045",2053,""
FIX50SP2,7,"711 2045 2053",2056,""
FIX50SP2,7,"711 2045",41716,""
FIX50SP2,7,"711 2045 41716",41724,""
FIX50SP2,7,"711 2045",41729,""
FIX50SP2,7,"711 2045 41729",41713,""
FIX50SP2,7,"711 2045 41729",41726,""
FIX50SP2,7,"711 2045 41729",41750,""
FIX50SP2,7,"711 2045",41732,""
FIX50SP2,7,"711 2045",41737,""
FIX50SP2,7,"711 2045",41748,""
FIX50SP2,7,"711",2080,""
FIX50SP2,7,"711",2312,""
FIX50SP2,7,"711",40540,""
FIX50SP2,7,"711 40540",40656,""
FIX50SP2,7,"711 40540",40659,""
FIX50SP2,7,"711 40540",40664,""
FIX50SP2,7,"711 40540 40664",40704,""
FIX50SP2,7,"711 40540 40664",40966,""
FIX50SP2,7,"711 40540 40664",40967,""
FIX50SP2,7,"711 40540 40664",41878,""
FIX50SP2,7,"711 40540",40708,""
FIX50SP2,7,"711 40540 40708",42991,""
FIX50SP2,7,"711 40540 40708",43000,""
FIX50SP2,7,"711 40540",40968,""
FIX50SP2,7,"711 40540",40969,""
FIX50SP2,7,"711 40540",40970,""
FIX50SP2,7,"711 40540",40971,""
FIX50SP2,7,"711 40540",40972,""
FIX50SP2,7,"711 40540",40973,""
FIX50SP2,7,"711 40540",40974,""
FIX50SP2,7,"711 40540",40975,""
FIX50SP2,7,"711 40540",40976,""
FIX50SP2,7,"711 40540",41756,""
FIX50SP2,7,"711 40540 41756",41770,""
FIX50SP2,7,"711 40540 41756 41770",41773,""
FIX50SP2,7,"711 40540",41800,""
FIX50SP2,7,"711 40540",41804,""
FIX50SP2,7,"711 40540",41808,""
FIX50SP2,7,"711 40540",41909,""
FIX50SP2,7,"711 40540",41937,""
FIX50SP2,7,"711 40540",41941,""
FIX50SP2,7,"711 40540",41944,""
FIX50SP2,7,"711 40540",41954,""
FIX50SP2,7,"711 40540",41962,""
FIX50SP2,7,"711 40540",41990,""
FIX50SP2,7,"711 40540",41993,""
FIX50SP2,7,"711 40540",42002,""
FIX50SP2,7,"711 40540 42002",41996,""
FIX50SP2,7,"711 40540 42002 41996",41999,""
FIX50SP2,7,"711 40540",42799,""
FIX50SP2,7,"711 40540",42853,""
FIX50SP2,7,"711 40540",42862,""
FIX50SP2,7,"711 40540 42862",42882,""
FIX50SP2,7,"711 40540",42901,""
FIX50SP2,7,"711 40540",42915,""
FIX50SP2,7,"711 40540",42955,""
FIX50SP2,7,"711 40540",42981,""
FIX50SP2,7,"711 40540",43034,""
FIX50SP2,7,"711 40540 43034",43008,""
FIX50SP2,7,"711 40540 43034 43008",43069,""
FIX50SP2,7,"711 40540 43034 43008",43071,""
FIX50SP2,7,"711 40540 43034",43030,""
FIX50SP2,7,"711 40540 43034",43060,""
FIX50SP2,7,"711 40540 43034",43064,""
FIX50SP2,7,"711",40962,""
FIX50SP2,7,"711",41820,""
FIX50SP2,7,"711",41841,""
FIX50SP2,7,"711",41844,""
FIX50SP2,7,"711",41856,""
FIX50SP2,7,"711",41864,""
FIX50SP2,7,"711",41866,""
FIX50SP2,7,"711",41868,""
FIX50SP2,7,"711",41947,""
FIX50SP2,7,"711",42036,""
FIX50SP2,7,"711 42036",41340,""
FIX50SP2,7,"711",42041,""
FIX50SP2,7,"711 42041",42039,""
FIX50SP2,7,"711 42041",42788,""
FIX50SP2,7,"711",42060,""
FIX50SP2,7,"711 42060",42065,""
FIX50SP2,7,"711",42068,""
FIX50SP2,7,"711 42068",42077,""
FIX50SP2,7,"711 42068 42077",42085,""
FIX50SP2,7,"711 42068",42087,""
FIX50SP2,7,"711 42068",42090,""
FIX50SP2,7,"711",42149,""
FIX50SP2,7,"711 42149",42099,""
FIX50SP2,7,"711 42149",42112,""
FIX50SP2,7,"711 42149",42173,""
FIX50SP2,7,"711 42149 42173",42177,""
FIX50SP2,7,"711 42149",42180,""
FIX50SP2,7,"711 42149",42182,""
FIX50SP2,7,"711 42149",42184,""
FIX50SP2,7,"711 42149",42186,""
FIX50SP2,7,"711 42149",42188,""
FIX50SP2,7,"711 42149",42190,""
FIX50SP2,7,"711",42855,""
FIX50SP2,7,"711",42884,""
FIX50SP2,7,"711",43005,""
FIX50SP2,7,"711",43074,""
FIX50SP2,7,"",864,""
FIX50SP2,7,"",870,""
FIX50SP2,7,"",1018,""
FIX50SP2,7,"1018",1052,""
FIX50SP2,7,"",1483,""
FIX50SP2,7,"1483",1491,""
FIX50SP2,7,"1483 1491",1494,""
FIX50SP2,7,"1483",40997,""
FIX50SP2,7,"1483 40997",41005,""
FIX50SP2,7,"1483",41010,""
FIX50SP2,7,"1483 41010",40994,""
FIX50SP2,7,"1483 41010",41007,""
FIX50SP2,7,"1483 41010",41031,""
FIX50SP2,7,"1483",41013,""
FIX50SP2,7,"1483",41018,""
FIX50SP2,7,"1483",41029,""
FIX50SP2,7,"",1647,""
FIX50SP2,7,"",1976,""
FIX50SP2,7,"",2304,""
FIX50SP2,7,"",2734,""
FIX50SP2,7,"",2746,""
FIX50SP2,7,"",40019,""
FIX50SP2,7,"40019",40000,""
FIX50SP2,7,"",40022,""
FIX50SP2,7,"40022",40277,""
FIX50SP2,7,"40022",42214,""
FIX50SP2,7,"",40040,""
FIX50SP2,7,"",40042,""
FIX50SP2,7,"",40046,""
FIX50SP2,7,"",40049,""
FIX50SP2,7,"40049",40085,""
FIX50SP2,7,"40049",40825,""
FIX50SP2,7,"40049",40828,""
FIX50SP2,7,"40049 40828",40868,""
FIX50SP2,7,"40049 40828",40945,""
FIX50SP2,7,"40049 40828",40977,""
FIX50SP2,7,"40049 40828",41161,""
FIX50SP2,7,"40049",40872,""
FIX50SP2,7,"40049 40872",42696,""
FIX50SP2,7,"40049 40872",42705,""
FIX50SP2,7,"40049",40946,""
FIX50SP2,7,"40049",40947,""
FIX50SP2,7,"40049",40948,""
FIX50SP2,7,"40049",40949,""
FIX50SP2,7,"40049",40950,""
FIX50SP2,7,"40049",40958,""
FIX50SP2,7,"40049",40959,""
FIX50SP2,7,"40049",40960,""
FIX50SP2,7,"40049",40961,""
FIX50SP2,7,"40049",41037,""
FIX50SP2,7,"40049 41037",41051,""
FIX50SP2,7,"40049 41037 41051",41054,""
FIX50SP2,7,"40049",41081,""
FIX50SP2,7,"40049",41085,""
FIX50SP2,7,"40049",41192,""
FIX50SP2,7,"40049",41220,""
FIX50SP2,7,"40049",41224,""
FIX50SP2,7,"40049",41227,""
FIX50SP2,7,"40049",41237,""
FIX50SP2,7,"40049",41241,""
FIX50SP2,7,"40049",41249,""
FIX50SP2,7,"40049",41277,""
FIX50SP2,7,"40049",41280,""
FIX50SP2,7,"40049",41289,""
FIX50SP2,7,"40049 41289",41283,""
FIX50SP2,7,"40049 41289 41283",41286,""
FIX50SP2,7,"40049",42236,""
FIX50SP2,7,"40049",42272,""
FIX50SP2,7,"40049",42274,""
FIX50SP2,7,"40049 42274",42294,""
FIX50SP2,7,"40049",42606,""
FIX50SP2,7,"40049",42620,""
FIX50SP2,7,"40049",42660,""
FIX50SP2,7,"40049",42683,""
FIX50SP2,7,"40049",42735,""
FIX50SP2,7,"40049 42735",42709,""
FIX50SP2,7,"40049 42735 42709",42770,""
FIX50SP2,7,"40049 42735 42709",42772,""
FIX50SP2,7,"40049 42735",42731,""
FIX50SP2,7,"40049 42735",42761,""
FIX50SP2,7,"40049 42735",42765,""
FIX50SP2,7,"",40090,""
FIX50SP2,7,"40090",40142,""
FIX50SP2,7,"40090",40171,""
FIX50SP2,7,"40090",40174,""
FIX50SP2,7,"40090 40174",40178,""
FIX50SP2,7,"40090",40952,""
FIX50SP2,7,"40090",40953,""
FIX50SP2,7,"40090",40954,""
FIX50SP2,7,"40090",40955,""
FIX50SP2,7,"40090",40956,""
FIX50SP2,7,"40090",40957,""
FIX50SP2,7,"",40181,""
FIX50SP2,7,"40181",40191,""
FIX50SP2,7,"40181 40191",40199,""
FIX50SP2,7,"40181",40201,""
FIX50SP2,7,"40181",40951,""
FIX50SP2,7,"",40204,""
FIX50SP2,7,"40204",40209,""
FIX50SP2,7,"",40278,""
FIX50SP2,7,"",41092,""
FIX50SP2,7,"",41094,""
FIX50SP2,7,"",41096,""
FIX50SP2,7,"",41116,""
FIX50SP2,7,"",41137,""
FIX50SP2,7,"",41140,""
FIX50SP2,7,"",41152,""
FIX50SP2,7,"",41230,""
FIX50SP2,7,"",42296,""
FIX50SP2,7,"",42775,""
FIX50SP2,8,"",73,""
FIX50SP2,8,"",78,""
FIX50SP2,8,"78",539,""
FIX50SP2,8,"78 539",804,""
FIX50SP2,8,"",136,""
FIX50SP2,8,"136",2633,""
FIX50SP2,8,"",232,""
FIX50SP2,8,"",382,""
FIX50SP2,8,"",453,""
FIX50SP2,8,"453",802,""
FIX50SP2,8,"",454,""
FIX50SP2,8,"",518,""
FIX50SP2,8,"",555,""
FIX50SP2,8,"555",604,""
FIX50SP2,8,"555",670,""
FIX50SP2,8,"555 670",756,""
FIX50SP2,8,"555 670 756",806,""
FIX50SP2,8,"555",683,""
FIX50SP2,8,"555",948,""
FIX50SP2,8,"555 948",952,""
FIX50SP2,8,"555",2059,""
FIX50SP2,8,"555",2076,""
FIX50SP2,8,"555",2218,""
FIX50SP2,8,"555 2218",2250,""
FIX50SP2,8,"555 2218 2250",2253,""
FIX50SP2,8,"555 2218",41366,""
FIX50SP2,8,"555 2218 41366",41374,""
FIX50SP2,8,"555 2218",41379,""
FIX50SP2,8,"555 2218 41379",41363,""
FIX50SP2,8,"555 2218 41379",41376,""
FIX50SP2,8,"555 2218 41379",41400,""
FIX50SP2,8,"555 2218",41382,""
FIX50SP2,8,"555 2218",41387,""
FIX50SP2,8,"555 2218",41398,""
FIX50SP2,8,"555",2254,""
FIX50SP2,8,"555 2254",2258,""
FIX50SP2,8,"555",2308,""
FIX50SP2,8,"555",40241,""
FIX50SP2,8,"555 40241",40367,""
FIX50SP2,8,"555 40241",40374,""
FIX50SP2,8,"555 40241 40374",40414,""
FIX50SP2,8,"555 40241 40374",40927,""
FIX50SP2,8,"555 40241 40374",40928,""
FIX50SP2,8,"555 40241 40374",41530,""
FIX50SP2,8,"555 40241",40418,""
FIX50SP2,8,"555 40241 40418",42495,""
FIX50SP2,8,"555 40241 40418",42504,""
FIX50SP2,8,"555 40241",40902,""
FIX50SP2,8,"555 40241",40929,""
FIX50SP2,8,"555 40241",40930,""
FIX50SP2,8,"555 40241",40931,""
FIX50SP2,8,"555 40241",40932,""
FIX50SP2,8,"555 40241",40933,""
FIX50SP2,8,"555 40241",40940,""
FIX50SP2,8,"555 40241",40941,""
FIX50SP2,8,"555 40241",40942,""
FIX50SP2,8,"555 40241",40943,""
FIX50SP2,8,"555 40241",41408,""
FIX50SP2,8,"555 40241 41408",41422,""
FIX50SP2,8,"555 40241 41408 41422",41425,""
FIX50SP2,8,"555 40241",41452,""
FIX50SP2,8,"555 40241",41456,""
FIX50SP2,8,"555 40241",41460,""
FIX50SP2,8,"555 40241",41561,""
FIX50SP2,8,"555 40241",41589,""
FIX50SP2,8,"555 40241",41593,""
FIX50SP2,8,"555 40241",41596,""
FIX50SP2,8,"555 40241",41638,""
FIX50SP2,8,"555 40241",41646,""
FIX50SP2,8,"555 40241",41674,""
FIX50SP2,8,"555 40241",41677,""
FIX50SP2,8,"555 40241",41686,""
FIX50SP2,8,"555 40241 41686",41680,""
FIX50SP2,8,"555 40241 41686 41680",41683,""
FIX50SP2,8,"555 40241",42310,""
FIX50SP2,8,"555 40241",42364,""
FIX50SP2,8,"555 40241",42366,""
FIX50SP2,8,"555 40241 42366",42386,""
FIX50SP2,8,"555 40241",42405,""
FIX50SP2,8,"555 40241",42419,""
FIX50SP2,8,"555 40241",42459,""
FIX50SP2,8,"555 40241",42485,""
FIX50SP2,8,"555 40241",42534,""
FIX50SP2,8,"555 40241 42534",42508,""
FIX50SP2,8,"555 40241 42534 42508",42569,""
FIX50SP2,8,"555 40241 42534 42508",42571,""
FIX50SP2,8,"555 40241 42534",42530,""
FIX50SP2,8,"555 40241 42534",42560,""
FIX50SP2,8,"555 40241 42534",42564,""
FIX50SP2,8,"555",40448,""
FIX50SP2,8,"555 40448",40473,""
FIX50SP2,8,"555 40448",40495,""
FIX50SP2,8,"555 40448",40533,""
FIX50SP2,8,"555 40448 40533",40537,""
FIX50SP2,8,"555 40448",40934,""
FIX50SP2,8,"555 40448",40935,""
FIX50SP2,8,"555 40448",40936,""
FIX50SP2,8,"555 40448",40937,""
FIX50SP2,8,"555 40448",40938,""
FIX50SP2,8,"555 40448",40939,""
FIX50SP2,8,"555",40923,""
FIX50SP2,8,"555",41335,""
FIX50SP2,8,"555 41335",41316,""
FIX50SP2,8,"555",41344,""
FIX50SP2,8,"555 41344",41342,""
FIX50SP2,8,"555 41344",42306,""
FIX50SP2,8,"555",41467,""
FIX50SP2,8,"555",41469,""
FIX50SP2,8,"555",41471,""
FIX50SP2,8,"555",41491,""
FIX50SP2,8,"555",41512,""
FIX50SP2,8,"555",41515,""
FIX50SP2,8,"555",41527,""
FIX50SP2,8,"555",41599,""
FIX50SP2,8,"555 41599",41604,""
FIX50SP2,8,"555",41607,""
FIX50SP2,8,"555",41616,""
FIX50SP2,8,"555 41616",41614,""
FIX50SP2,8,"555 41616",41625,""
FIX50SP2,8,"555 41616 41625",41633,""
FIX50SP2,8,"555 41616",41635,""
FIX50SP2,8,"555",42388,""
FIX50SP2,8,"555",42581,""
FIX50SP2,8,"",711,""
FIX50SP2,8,"711",457,""
FIX50SP2,8,"711",887,""
FIX50SP2,8,"711",1058,""
FIX50SP2,8,"711 1058",1062,""
FIX50SP2,8,"711",1981,""
FIX50SP2,8,"711",2045,""
FIX50SP2,8,"711 2045",2053,""
FIX50SP2,8,"711 2045 2053",2056,""
FIX50SP2,8,"711 2045",41716,""
FIX50SP2,8,"711 2045 41716",41724,""
FIX50SP2,8,"711 2045",41729,""
FIX50SP2,8,"711 2045 41729",41713,""
FIX50SP2,8,"711 2045 41729",41726,""
FIX50SP2,8,"711 2045 41729",41750,""
FIX50SP2,8,"711 2045",41732,""
FIX50SP2,8,"711 2045",41737,""
FIX50SP2,8,"711 2045",41748,""
FIX50SP2,8,"711",2080,""
FIX50SP2,8,"711",2312,""
FIX50SP2,8,"711",40540,""
FIX50SP2,8,"711 40540",40656,""
FIX50SP2,8,"711 40540",40659,""
FIX50SP2,8,"711 40540",40664,""
FIX50SP2,8,"711 40540 40664",40704,""
FIX50SP2,8,"711 40540 40664",40966,""
FIX50SP2,8,"711 40540 40664",40967,""
FIX50SP2,8,"711 40540 40664",41878,""
FIX50SP2,8,"711 40540",40708,""
FIX50SP2,8,"711 40540 40708",42991,""
FIX50SP2,8,"711 40540 40708",43000,""
FIX50SP2,8,"711 40540",40968,""
FIX50SP2,8,"711 40540",40969,""
FIX50SP2,8,"711 40540",40970,""
FIX50SP2,8,"711 40540",40971,""
FIX50SP2,8,"711 40540",40972,""
FIX50SP2,8,"711 40540",40973,""
FIX50SP2,8,"711 40540",40974,""
FIX50SP2,8,"711 40540",40975,""
FIX50SP2,8,"711 40540",40976,""
FIX50SP2,8,"711 40540",41756,""
FIX50SP2,8,"711 40540 41756",41770,""
FIX50SP2,8,"711 40540 41756 41770",41773,""
FIX50SP2,8,"711 40540",41800,""
FIX50SP2,8,"711 40540",41804,""
FIX50SP2,8,"711 40540",41808,""
FIX50SP2,8,"711 40540",41909,""
FIX50SP2,8,"711 40540",41937,""
FIX50SP2,8,"711 40540",41941,""
FIX50SP2,8,"711 40540",41944,""
FIX50SP2,8,"711 40540",41954,""
FIX50SP2,8,"711 40540",41962,""
FIX50SP2,8,"711 40540",41990,""
FIX50SP2,8,"711 40540",41993,""
FIX50SP2,8,"711 40540",42002,""
FIX50SP2,8,"711 40540 42002",41996,""
FIX50SP2,8,"711 40540 42002 41996",41999,""
FIX50SP2,8,"711 40540",42799,""
FIX50SP2,8,"711 40540",42853,""
FIX50SP2,8,"711 40540",42862,""
FIX50SP2,8,"711 40540 42862",42882,""
FIX50SP2,8,"711 40540",42901,""
FIX50SP2,8,"711 40540",42915,""
FIX50SP2,8,"711 40540",42955,""
FIX50SP2,8,"711 40540",42981,""
FIX50SP2,8,"711 40540",43034,""
FIX50SP2,8,"711 40540 43034",43008,""
FIX50SP2,8,"711 40540 43034 43008",43069,""
FIX50SP2,8,"711 40540 43034 43008",43071,""
FIX50SP2,8,"711 40540 43034",43030,""
FIX50SP2,8,"711 40540 43034",43060,""
FIX50SP2,8,"711 40540 43034",43064,""
FIX50SP2,8,"711",40962,""
FIX50SP2,8,"711",41820,""
FIX50SP2,8,"711",41841,""
FIX50SP2,8,"711",41844,""
FIX50SP2,8,"711",41856,""
FIX50SP2,8,"711",41864,""
FIX50SP2,8,"711",41866,""
FIX50SP2,8,"711",41868,""
FIX50SP2,8,"711",41947,""
FIX50SP2,8,"711",42036,""
FIX50SP2,8,"711 42036",41340,""
FIX50SP2,8,"711",42041,""
FIX50SP2,8,"711 42041",42039,""
FIX50SP2,8,"711 42041",42788,""
FIX50SP2,8,"711",42060,""
FIX50SP2,8,"711 42060",42065,""
FIX50SP2,8,"711",42068,""
FIX50SP2,8,"711 42068",42077,""
FIX50SP2,8,"711 42068 42077",42085,""
FIX50SP2,8,"711 42068",42087,""
FIX50SP2,8,"711 42068",42090,""
FIX50SP2,8,"711",42149,""
FIX50SP2,8,"711 42149",42099,""
FIX50SP2,8,"711 42149",42112,""
FIX50SP2,8,"711 42149",42173,""
FIX50SP2,8,"711 42149 42173",42177,""
FIX50SP2,8,"711 42149",42180,""
FIX50SP2,8,"711 42149",42182,""
FIX50SP2,8,"711 42149",42184,""
FIX50SP2,8,"711 42149",42186,""
FIX50SP2,8,"711 42149",42188,""
FIX50SP2,8,"711 42149",42190,""
FIX50SP2,8,"711",42855,""
FIX50SP2,8,"711",42884,""
FIX50SP2,8,"711",43005,""
FIX50SP2,8,"711",43074,""
FIX50SP2,8,"",768,""
FIX50SP2,8,"",864,""
FIX50SP2,8,"",957,""
FIX50SP2,8,"",1018,""
FIX50SP2,8,"1018",1052,""
FIX50SP2,8,"",1362,""
FIX50SP2,8,"1362",1414,""
FIX50SP2,8,"1362 1414",1413,""
FIX50SP2,8,"",1445,""
FIX50SP2,8,"",1461,""
FIX50SP2,8,"1461",2433,""
FIX50SP2,8,"",1483,""
FIX50SP2,8,"1483",1491,""
FIX50SP2,8,"1483 1491",1494,""
FIX50SP2,8,"1483",40997,""
FIX50SP2,8,"1483 40997",41005,""
FIX50SP2,8,"1483",41010,""
FIX50SP2,8,"1483 41010",40994,""
FIX50SP2,8,"1483 41010",41007,""
FIX50SP2,8,"1483 41010",41031,""
FIX50SP2,8,"1483",41013,""
FIX50SP2,8,"1483",41018,""
FIX50SP2,8,"1483",41029,""
FIX50SP2,8,"",1624,""
FIX50SP2,8,"",1630,""
FIX50SP2,8,"",1795,""
FIX50SP2,8,"",1812,""
FIX50SP2,8,"",1838,""
FIX50SP2,8,"",1868,""
FIX50SP2,8,"",1907,""
FIX50SP2,8,"",1976,""
FIX50SP2,8,"",2304,""
FIX50SP2,8,"",2529,""
FIX50SP2,8,"",2593,""
FIX50SP2,8,"",2639,""
FIX50SP2,8,"",2668,""
FIX50SP2,8,"",2709,""
FIX50SP2,8,"",40019,""
FIX50SP2,8,"40019",40000,""
FIX50SP2,8,"",40022,""
FIX50SP2,8,"40022",40277,""
FIX50SP2,8,"40022",42214,""
FIX50SP2,8,"",40040,""
FIX50SP2,8,"",40042,""
FIX50SP2,8,"",40046,""
FIX50SP2,8,"",40049,""
FIX50SP2,8,"40049",40085,""
FIX50SP2,8,"40049",40825,""
FIX50SP2,8,"40049",40828,""
FIX50SP2,8,"40049 40828",40868,""
FIX50SP2,8,"40049 40828",40945,""
FIX50SP2,8,"40049 40828",40977,""
FIX50SP2,8,"40049 40828",41161,""
FIX50SP2,8,"40049",40872,""
FIX50SP2,8,"40049 40872",42696,""
FIX50SP2,8,"40049 40872",42705,""
FIX50SP2,8,"40049",40946,""
FIX50SP2,8,"40049",40947,""
FIX50SP2,8,"40049",40948,""
FIX50SP2,8,"40049",40949,""
FIX50SP2,8,"40049",40950,""
FIX50SP2,8,"40049",40958,""
FIX50SP2,8,"40049",40959,""
FIX50SP2,8,"40049",40960,""
FIX50SP2,8,"40049",40961,""
FIX50SP2,8,"40049",41037,""
FIX50SP2,8,"40049 41037",41051,""
FIX50SP2,8,"40049 41037 41051",41054,""
FIX50SP2,8,"40049",41081,""
FIX50SP2,8,"40049",41085,""
FIX50SP2,8,"40049",41192,""
FIX50SP2,8,"40049",41220,""
FIX50SP2,8,"40049",41224,""
FIX50SP2,8,"40049",41227,""
FIX50SP2,8,"40049",41237,""
FIX50SP2,8,"40049",41241,""
FIX50SP2,8,"40049",41249,""
FIX50SP2,8,"40049",41277,""
FIX50SP2,8,"40049",41280,""
FIX50SP2,8,"40049",41289,""
FIX50SP2,8,"40049 41289",41283,""
FIX50SP2,8,"40049 41289 41283",41286,""
FIX50SP2,8,"40049",42236,""
FIX50SP2,8,"40049",42272,""
FIX50SP2,8,"40049",42274,""
FIX50SP2,8,"40049 42274",42294,""
FIX50SP2,8,"40049",42606,""
FIX50SP2,8,"40049",42620,""
FIX50SP2,8,"40049",42660,""
FIX50SP2,8,"40049",42683,""
FIX50SP2,8,"40049",42735,""
FIX50SP2,8,"40049 42735",42709,""
FIX50SP2,8,"40049 42735 42709",42770,""
FIX50SP2,8,"40049 42735 42709",42772,""
FIX50SP2,8,"40049 42735",42731,""
FIX50SP2,8,"40049 42735",42761,""
FIX50SP2,8,"40049 42735",42765,""
FIX50SP2,8,"",40090,""
FIX50SP2,8,"40090",40142,""
FIX50SP2,8,"40090",40171,""
FIX50SP2,8,"40090",40174,""
FIX50SP2,8,"40090 40174",40178,""
FIX50SP2,8,"40090",40952,""
FIX50SP2,8,"40090",40953,""
FIX50SP2,8,"40090",40954,""
FIX50SP2,8,"40090",40955,""
FIX50SP2,8,"40090",40956,""
FIX50SP2,8,"40090",40957,""
FIX50SP2,8,"",40181,""
FIX50SP2,8,"40181",40191,""
FIX50SP2,8,"40181 40191",40199,""
FIX50SP2,8,"40181",40201,""
FIX50SP2,8,"40181",40951,""
FIX50SP2,8,"",40204,""
FIX50SP2,8,"40204",40209,""
FIX50SP2,8,"",40212,""
FIX50SP2,8,"40212",40230,""
FIX50SP2,8,"40212 40230",40233,""
FIX50SP2,8,"40212 40230 40233",40238,""
FIX50SP2,8,"40212",40944,""
FIX50SP2,8,"",40278,""
FIX50SP2,8,"",41092,""
FIX50SP2,8,"",41094,""
FIX50SP2,8,"",41096,""
FIX50SP2,8,"",41116,""
FIX50SP2,8,"",41137,""
FIX50SP2,8,"",41140,""
FIX50SP2,8,"",41152,""
FIX50SP2,8,"",41230,""
FIX50SP2,8,"",42296,""
FIX50SP2,8,"",42775,""
FIX50SP2,9,"",453,""
FIX50SP2,9,"453",802,""
FIX50SP2,AA,"",146,""
FIX50SP2,AA,"146",454,""
FIX50SP2,AA,"146",555,""
FIX50SP2,AA,"146 555",604,""
FIX50SP2,AA,"146 555",2059,""
FIX50SP2,AA,"146 555",2076,""
FIX50SP2,AA,"146 555",2218,""
FIX50SP2,AA,"146 555 2218",2250,""
FIX50SP2,AA,"146 555 2218 2250",2253,""
FIX50SP2,AA,"146 555 2218",41366,""
FIX50SP2,AA,"146 555 2218 41366",41374,""
FIX50SP2,AA,"146 555 2218",41379,""
FIX50SP2,AA,"146 555 2218 41379",41363,""
FIX50SP2,AA,"146 555 2218 41379",41376,""
FIX50SP2,AA,"146 555 2218 41379",41400,""
FIX50SP2,AA,"146 555 2218",41382,""
FIX50SP2,AA,"146 555 2218",41387,""
FIX50SP2,AA,"146 555 2218",41398,""
FIX50SP2,AA,"146 555",2254,""
FIX50SP2,AA,"146 555 2254",2258,""
FIX50SP2,AA,"146 555",2308,""
FIX50SP2,AA,"146 555",40241,""
FIX50SP2,AA,"146 555 40241",40367,""
FIX50SP2,AA,"146 555 40241",40374,""
FIX50SP2,AA,"146 555 40241 40374",40414,""
FIX50SP2,AA,"146 555 40241 40374",40927,""
FIX50SP2,AA,"146 555 40241 40374",40928,""
FIX50SP2,AA,"146 555 40241 40374",41530,""
FIX50SP2,AA,"146 555 40241",40418,""
FIX50SP2,AA,"146 555 40241 40418",42495,""
FIX50SP2,AA,"146 555 40241 40418",42504,""
FIX50SP2,AA,"146 555 40241",40902,""
FIX50SP2,AA,"146 555 40241",40929,""
FIX50SP2,AA,"146 555 40241",40930,""
FIX50SP2,AA,"146 555 40241",40931,""
FIX50SP2,AA,"146 555 40241",40932,""
FIX50SP2,AA,"146 555 40241",40933,""
FIX50SP2,AA,"146 555 40241",40940,""
FIX50SP2,AA,"146 555 40241",40941,""
FIX50SP2,AA,"146 555 40241",40942,""
FIX50SP2,AA,"146 555 40241",40943,""
FIX50SP2,AA,"146 555 40241",41408,""
FIX50SP2,AA,"146 555 40241 41408",41422,""
FIX50SP2,AA,"146 555 40241 41408 41422",41425,""
FIX50SP2,AA,"146 555 40241",41452,""
FIX50SP2,AA,"146 555 40241",41456,""
FIX50SP2,AA,"146 555 40241",41460,""
FIX50SP2,AA,"146 555 40241",41561,""
FIX50SP2,AA,"146 555 40241",41589,""
FIX50SP2,AA,"146 555 40241",41593,""
FIX50SP2,AA,"146 555 40241",41596,""
FIX50SP2,AA,"146 555 40241",41638,""
FIX50SP2,AA,"146 555 40241",41646,""
FIX50SP2,AA,"146 555 40241",41674,""
FIX50SP2,AA,"146 555 40241",41677,""
FIX50SP2,AA,"146 555 40241",41686,""
FIX50SP2,AA,"146 555 40241 41686",41680,""
FIX50SP2,AA,"146 555 40241 41686 41680",41683,""
FIX50SP2,AA,"146 555 40241",42310,""
FIX50SP2,AA,"146 555 40241",42364,""
FIX50SP2,AA,"146 555 40241",42366,""
FIX50SP2,AA,"146 555 40241 42366",42386,""
FIX50SP2,AA,"146 555 40241",42405,""
FIX50SP2,AA,"146 555 40241",42419,""
FIX50SP2,AA,"146 555 40241",42459,""
FIX50SP2,AA,"146 555 40241",42485,""
FIX50SP2,AA,"146 555 40241",42534,""
FIX50SP2,AA,"146 555 40241 42534",42508,""
FIX50SP2,AA,"146 555 40241 42534 42508",42569,""
FIX50SP2,AA,"146 555 40241 42534 42508",42571,""
FIX50SP2,AA,"146 555 40241 42534",42530,""
FIX50SP2,AA,"146 555 40241 42534",42560,""
FIX50SP2,AA,"146 555 40241 42534",42564,""
FIX50SP2,AA,"146 555",40448,""
FIX50SP2,AA,"146 555 40448",40473,""
FIX50SP2,AA,"146 555 40448",40495,""
FIX50SP2,AA,"146 555 40448",40533,""
FIX50SP2,AA,"146 555 40448 40533",40537,""
FIX50SP2,AA,"146 555 40448",40934,""
FIX50SP2,AA,"146 555 40448",40935,""
FIX50SP2,AA,"146 555 40448",40936,""
FIX50SP2,AA,"146 555 40448",40937,""
FIX50SP2,AA,"146 555 40448",40938,""
FIX50SP2,AA,"146 555 40448",40939,""
FIX50SP2,AA,"146 555",40923,""
FIX50SP2,AA,"146 555",41335,""
FIX50SP2,AA,"146 555 41335",41316,""
FIX50SP2,AA,"146 555",41344,""
FIX50SP2,AA,"146 555 41344",41342,""
FIX50SP2,AA,"146 555 41344",42306,""
FIX50SP2,AA,"146 555",41467,""
FIX50SP2,AA,"146 555",41469,""
FIX50SP2,AA,"146 555",41471,""
FIX50SP2,AA,"146 555",41491,""
FIX50SP2,AA,"146 555",41512,""
FIX50SP2,AA,"146 555",41515,""
FIX50SP2,AA,"146 555",41527,""
FIX50SP2,AA,"146 555",41599,""
FIX50SP2,AA,"146 555 41599",41604,""
FIX50SP2,AA,"146 555",41607,""
FIX50SP2,AA,"146 555",41616,""
FIX50SP2,AA,"146 555 41616",41614,""
FIX50SP2,AA,"146 555 41616",41625,""
FIX50SP2,AA,"146 555 41616 41625",41633,""
FIX50SP2,AA,"146 555 41616",41635,""
FIX50SP2,AA,"146 555",42198,""
FIX50SP2,AA,"146 555",42200,""
FIX50SP2,AA,"146 555",42203,""
FIX50SP2,AA,"146 555",42388,""
FIX50SP2,AA,"146 555",42581,""
FIX50SP2,AA,"146",864,""
FIX50SP2,AA,"146",870,""
FIX50SP2,AA,"146",1018,""
FIX50SP2,AA,"146 1018",1052,""
FIX50SP2,AA,"146",1483,""
FIX50SP2,AA,"146 1483",1491,""
FIX50SP2,AA,"146 1483 1491",1494,""
FIX50SP2,AA,"146 1483",40997,""
FIX50SP2,AA,"146 1483 40997",41005,""
FIX50SP2,AA,"146 1483",41010,""
FIX50SP2,AA,"146 1483 41010",40994,""
FIX50SP2,AA,"146 1483 41010",41007,""
FIX50SP2,AA,"146 1483 41010",41031,""
FIX50SP2,AA,"146 1483",41013,""
FIX50SP2,AA,"146 1483",41018,""
FIX50SP2,AA,"146 1483",41029,""
FIX50SP2,AA,"146",1976,""
FIX50SP2,AA,"146",2304,""
FIX50SP2,AA,"146",2734,""
FIX50SP2,AA,"146",2746,""
FIX50SP2,AA,"146",40019,""
FIX50SP2,AA,"146 40019",40000,""
FIX50SP2,AA,"146",40022,""
FIX50SP2,AA,"146 40022",40277,""
FIX50SP2,AA,"146 40022",42214,""
FIX50SP2,AA,"146",40049,""
FIX50SP2,AA,"146 40049",40085,""
FIX50SP2,AA,"146 40049",40825,""
FIX50SP2,AA,"146 40049",40828,""
FIX50SP2,AA,"146 40049 40828",40868,""
FIX50SP2,AA,"146 40049 40828",40945,""
FIX50SP2,AA,"146 40049 40828",40977,""
FIX50SP2,AA,"146 40049 40828",41161,""
FIX50SP2,AA,"146 40049",40872,""
FIX50SP2,AA,"146 40049 40872",42696,""
FIX50SP2,AA,"146 40049 40872",42705,""
FIX50SP2,AA,"146 40049",40946,""
FIX50SP2,AA,"146 40049",40947,""
FIX50SP2,AA,"146 40049",40948,""
FIX50SP2,AA,"146 40049",40949,""
FIX50SP2,AA,"146 40049",40950,""
FIX50SP2,AA,"146 40049",40958,""
FIX50SP2,AA,"146 40049",40959,""
FIX50SP2,AA,"146 40049",40960,""
FIX50SP2,AA,"146 40049",40961,""
FIX50SP2,AA,"146 40049",41037,""
FIX50SP2,AA,"146 40049 41037",41051,""
FIX50SP2,AA,"146 40049 41037 41051",41054,""
FIX50SP2,AA,"146 40049",41081,""
FIX50SP2,AA,"146 40049",41085,""
FIX50SP2,AA,"146 40049",41192,""
FIX50SP2,AA,"146 40049",41220,""
FIX50SP2,AA,"146 40049",41224,""
FIX50SP2,AA,"146 40049",41227,""
FIX50SP2,AA,"146 40049",41237,""
FIX50SP2,AA,"146 40049",41241,""
FIX50SP2,AA,"146 40049",41249,""
FIX50SP2,AA,"146 40049",41277,""
FIX50SP2,AA,"146 40049",41280,""
FIX50SP2,AA,"146 40049",41289,""
FIX50SP2,AA,"146 40049 41289",41283,""
FIX50SP2,AA,"146 40049 41289 41283",41286,""
FIX50SP2,AA,"146 40049",42236,""
FIX50SP2,AA,"146 40049",42272,""
FIX50SP2,AA,"146 40049",42274,""
FIX50SP2,AA,"146 40049 42274",42294,""
FIX50SP2,AA,"146 40049",42606,""
FIX50SP2,AA,"146 40049",42620,""
FIX50SP2,AA,"146 40049",42660,""
FIX50SP2,AA,"146 40049",42683,""
FIX50SP2,AA,"146 40049",42735,""
FIX50SP2,AA,"146 40049 42735",42709,""
FIX50SP2,AA,"146 40049 42735 42709",42770,""
FIX50SP2,AA,"146 40049 42735 42709",42772,""
FIX50SP2,AA,"146 40049 42735",42731,""
FIX50SP2,AA,"146 40049 42735",42761,""
FIX50SP2,AA,"146 40049 42735",42765,""
FIX50SP2,AA,"146",40090,""
FIX50SP2,AA,"146 40090",40142,""
FIX50SP2,AA,"146 40090",40171,""
FIX50SP2,AA,"146 40090",40174,""
FIX50SP2,AA,"146 40090 40174",40178,""
FIX50SP2,AA,"146 40090",40952,""
FIX50SP2,AA,"146 40090",40953,""
FIX50SP2,AA,"146 40090",40954,""
FIX50SP2,AA,"146 40090",40955,""
FIX50SP2,AA,"146 40090",40956,""
FIX50SP2,AA,"146 40090",40957,""
FIX50SP2,AA,"146",40181,""
FIX50SP2,AA,"146 40181",40191,""
FIX50SP2,AA,"146 40181 40191",40199,""
FIX50SP2,AA,"146 40181",40201,""
FIX50SP2,AA,"146 40181",40951,""
FIX50SP2,AA,"146",40204,""
FIX50SP2,AA,"146 40204",40209,""
FIX50SP2,AA,"146",40278,""
FIX50SP2,AA,"146",41092,""
FIX50SP2,AA,"146",41094,""
FIX50SP2,AA,"146",41096,""
FIX50SP2,AA,"146",41116,""
FIX50SP2,AA,"146",41137,""
FIX50SP2,AA,"146",41140,""
FIX50SP2,AA,"146",41152,""
FIX50SP2,AA,"146",41230,""
FIX50SP2,AA,"146",42296,""
FIX50SP2,AA,"146",42775,""
FIX50SP2,AA,"",457,""
FIX50SP2,AA,"",887,""
FIX50SP2,AA,"",1058,""
FIX50SP2,AA,"1058",1062,""
FIX50SP2,AA,"",1218,""
FIX50SP2,AA,"",1286,""
FIX50SP2,AA,"",1292,""
FIX50SP2,AA,"1292",1296,""
FIX50SP2,AA,"",1310,""
FIX50SP2,AA,"1310",1201,""
FIX50SP2,AA,"1310 1201",1236,""
FIX50SP2,AA,"1310",1205,""
FIX50SP2,AA,"1310",1234,""
FIX50SP2,AA,"1310",1309,""
FIX50SP2,AA,"1310 1309",1141,""
FIX50SP2,AA,"1310 1309",1232,""
FIX50SP2,AA,"1310 1309",1235,""
FIX50SP2,AA,"1310 1309",1237,""
FIX50SP2,AA,"1310 1309",1239,""
FIX50SP2,AA,"1310 1309",2548,""
FIX50SP2,AA,"1310",1312,""
FIX50SP2,AA,"1310",2550,""
FIX50SP2,AA,"1310",2558,""
FIX50SP2,AA,"",1311,""
FIX50SP2,AA,"",1582,""
FIX50SP2,AA,"",1981,""
FIX50SP2,AA,"",2045,""
FIX50SP2,AA,"2045",2053,""
FIX50SP2,AA,"2045 2053",2056,""
FIX50SP2,AA,"2045",41716,""
FIX50SP2,AA,"2045 41716",41724,""
FIX50SP2,AA,"2045",41729,""
FIX50SP2,AA,"2045 41729",41713,""
FIX50SP2,AA,"2045 41729",41726,""
FIX50SP2,AA,"2045 41729",41750,""
FIX50SP2,AA,"2045",41732,""
FIX50SP2,AA,"2045",41737,""
FIX50SP2,AA,"2045",41748,""
FIX50SP2,AA,"",2080,""
FIX50SP2,AA,"",2312,""
FIX50SP2,AA,"",40540,""
FIX50SP2,AA,"40540",40656,""
FIX50SP2,AA,"40540",40659,""
FIX50SP2,AA,"40540",40664,""
FIX50SP2,AA,"40540 40664",40704,""
FIX50SP2,AA,"40540 40664",40966,""
FIX50SP2,AA,"40540 40664",40967,""
FIX50SP2,AA,"40540 40664",41878,""
FIX50SP2,AA,"40540",40708,""
FIX50SP2,AA,"40540 40708",42991,""
FIX50SP2,AA,"40540 40708",43000,""
FIX50SP2,AA,"40540",40968,""
FIX50SP2,AA,"40540",40969,""
FIX50SP2,AA,"40540",40970,""
FIX50SP2,AA,"40540",40971,""
FIX50SP2,AA,"40540",40972,""
FIX50SP2,AA,"40540",40973,""
FIX50SP2,AA,"40540",40974,""
FIX50SP2,AA,"40540",40975,""
FIX50SP2,AA,"40540",40976,""
FIX50SP2,AA,"40540",41756,""
FIX50SP2,AA,"40540 41756",41770,""
FIX50SP2,AA,"40540 41756 41770",41773,""
FIX50SP2,AA,"40540",41800,""
FIX50SP2,AA,"40540",41804,""
FIX50SP2,AA,"40540",41808,""
FIX50SP2,AA,"40540",41909,""
FIX50SP2,AA,"40540",41937,""
FIX50SP2,AA,"40540",41941,""
FIX50SP2,AA,"40540",41944,""
FIX50SP2,AA,"40540",41954,""
FIX50SP2,AA,"40540",41962,""
FIX50SP2,AA,"40540",41990,""
FIX50SP2,AA,"40540",41993,""
FIX50SP2,AA,"40540",42002,""
FIX50SP2,AA,"40540 42002",41996,""
FIX50SP2,AA,"40540 42002 41996",41999,""
FIX50SP2,AA,"40540",42799,""
FIX50SP2,AA,"40540",42853,""
FIX50SP2,AA,"40540",42862,""
FIX50SP2,AA,"40540 42862",42882,""
FIX50SP2,AA,"40540",42901,""
FIX50SP2,AA,"40540",42915,""
FIX50SP2,AA,"40540",42955,""
FIX50SP2,AA,"40540",42981,""
FIX50SP2,AA,"40540",43034,""
FIX50SP2,AA,"40540 43034",43008,""
FIX50SP2,AA,"40540 43034 43008",43069,""
FIX50SP2,AA,"40540 43034 43008",43071,""
FIX50SP2,AA,"40540 43034",43030,""
FIX50SP2,AA,"40540 43034",43060,""
FIX50SP2,AA,"40540 43034",43064,""
FIX50SP2,AA,"",40962,""
FIX50SP2,AA,"",41820,""
FIX50SP2,AA,"",41841,""
FIX50SP2,AA,"",41844,""
FIX50SP2,AA,"",41856,""
FIX50SP2,AA,"",41864,""
FIX50SP2,AA,"",41866,""
FIX50SP2,AA,"",41868,""
FIX50SP2,AA,"",41947,""
FIX50SP2,AA,"",42036,""
FIX50SP2,AA,"42036",41340,""
FIX50SP2,AA,"",42041,""
FIX50SP2,AA,"42041",42039,""
FIX50SP2,AA,"42041",42788,""
FIX50SP2,AA,"",42060,""
FIX50SP2,AA,"42060",42065,""
FIX50SP2,AA,"",42068,""
FIX50SP2,AA,"42068",42077,""
FIX50SP2,AA,"42068 42077",42085,""
FIX50SP2,AA,"42068",42087,""
FIX50SP2,AA,"42068",42090,""
FIX50SP2,AA,"",42149,""
FIX50SP2,AA,"42149",42099,""
FIX50SP2,AA,"42149",42112,""
FIX50SP2,AA,"42149",42173,""
FIX50SP2,AA,"42149 42173",42177,""
FIX50SP2,AA,"42149",42180,""
FIX50SP2,AA,"42149",42182,""
FIX50SP2,AA,"42149",42184,""
FIX50SP2,AA,"42149",42186,""
FIX50SP2,AA,"42149",42188,""
FIX50SP2,AA,"42149",42190,""
FIX50SP2,AA,"",42855,""
FIX50SP2,AA,"",42884,""
FIX50SP2,AA,"",43005,""
FIX50SP2,AA,"",43074,""
FIX50SP2,AB,"",78,""
FIX50SP2,AB,"78",948,""
FIX50SP2,AB,"78 948",952,""
FIX50SP2,AB,"",386,""
FIX50SP2,AB,"",453,""
FIX50SP2,AB,"453",802,""
FIX50SP2,AB,"",454,""
FIX50SP2,AB,"",555,""
FIX50SP2,AB,"555",539,""
FIX50SP2,AB,"555 539",804,""
FIX50SP2,AB,"555",604,""
FIX50SP2,AB,"555",670,""
FIX50SP2,AB,"555 670",756,""
FIX50SP2,AB,"555 670 756",806,""
FIX50SP2,AB,"555",683,""
FIX50SP2,AB,"555",2059,""
FIX50SP2,AB,"555",2076,""
FIX50SP2,AB,"555",2218,""
FIX50SP2,AB,"555 2218",2250,""
FIX50SP2,AB,"555 2218 2250",2253,""
FIX50SP2,AB,"555 2218",41366,""
FIX50SP2,AB,"555 2218 41366",41374,""
FIX50SP2,AB,"555 2218",41379,""
FIX50SP2,AB,"555 2218 41379",41363,""
FIX50SP2,AB,"555 2218 41379",41376,""
FIX50SP2,AB,"555 2218 41379",41400,""
FIX50SP2,AB,"555 2218",41382,""
FIX50SP2,AB,"555 2218",41387,""
FIX50SP2,AB,"555 2218",41398,""
FIX50SP2,AB,"555",2254,""
FIX50SP2,AB,"555 2254",2258,""
FIX50SP2,AB,"555",2308,""
FIX50SP2,AB,"555",40241,""
FIX50SP2,AB,"555 40241",40367,""
FIX50SP2,AB,"555 40241",40374,""
FIX50SP2,AB,"555 40241 40374",40414,""
FIX50SP2,AB,"555 40241 40374",40927,""
FIX50SP2,AB,"555 40241 40374",40928,""
FIX50SP2,AB,"555 40241 40374",41530,""
FIX50SP2,AB,"555 40241",40418,""
FIX50SP2,AB,"555 40241 40418",42495,""
FIX50SP2,AB,"555 40241 40418",42504,""
FIX50SP2,AB,"555 40241",40902,""
FIX50SP2,AB,"555 40241",40929,""
FIX50SP2,AB,"555 40241",40930,""
FIX50SP2,AB,"555 40241",40931,""
FIX50SP2,AB,"555 40241",40932,""
FIX50SP2,AB,"555 40241",40933,""
FIX50SP2,AB,"555 40241",40940,""
FIX50SP2,AB,"555 40241",40941,""
FIX50SP2,AB,"555 40241",40942,""
FIX50SP2,AB,"555 40241",40943,""
FIX50SP2,AB,"555 40241",41408,""
FIX50SP2,AB,"555 40241 41408",41422,""
FIX50SP2,AB,"555 40241 41408 41422",41425,""
FIX50SP2,AB,"555 40241",41452,""
FIX50SP2,AB,"555 40241",41456,""
FIX50SP2,AB,"555 40241",41460,""
FIX50SP2,AB,"555 40241",41561,""
FIX50SP2,AB,"555 40241",41589,""
FIX50SP2,AB,"555 40241",41593,""
FIX50SP2,AB,"555 40241",41596,""
FIX50SP2,AB,"555 40241",41638,""
FIX50SP2,AB,"555 40241",41646,""
FIX50SP2,AB,"555 40241",41674,""
FIX50SP2,AB,"555 40241",41677,""
FIX50SP2,AB,"555 40241",41686,""
FIX50SP2,AB,"555 40241 41686",41680,""
FIX50SP2,AB,"555 40241 41686 41680",41683,""
FIX50SP2,AB,"555 40241",42310,""
FIX50SP2,AB,"555 40241",42364,""
FIX50SP2,AB,"555 40241",42366,""
FIX50SP2,AB,"555 40241 42366",42386,""
FIX50SP2,AB,"555 40241",42405,""
FIX50SP2,AB,"555 40241",42419,""
FIX50SP2,AB,"555 40241",42459,""
FIX50SP2,AB,"555 40241",42485,""
FIX50SP2,AB,"555 40241",42534,""
FIX50SP2,AB,"555 40241 42534",42508,""
FIX50SP2,AB,"555 40241 42534 42508",42569,""
FIX50SP2,AB,"555 40241 42534 42508",42571,""
FIX50SP2,AB,"555 40241 42534",42530,""
FIX50SP2,AB,"555 40241 42534",42560,""
FIX50SP2,AB,"555 40241 42534",42564,""
FIX50SP2,AB,"555",40448,""
FIX50SP2,AB,"555 40448",40473,""
FIX50SP2,AB,"555 40448",40495,""
FIX50SP2,AB,"555 40448",40533,""
FIX50SP2,AB,"555 40448 40533",40537,""
FIX50SP2,AB,"555 40448",40934,""
FIX50SP2,AB,"555 40448",40935,""
FIX50SP2,AB,"555 40448",40936,""
FIX50SP2,AB,"555 40448",40937,""
FIX50SP2,AB,"555 40448",40938,""
FIX50SP2,AB,"555 40448",40939,""
FIX50SP2,AB,"555",40923,""
FIX50SP2,AB,"555",41335,""
FIX50SP2,AB,"555 41335",41316,""
FIX50SP2,AB,"555",41344,""
FIX50SP2,AB,"555 41344",41342,""
FIX50SP2,AB,"555 41344",42306,""
FIX50SP2,AB,"555",41467,""
FIX50SP2,AB,"555",41469,""
FIX50SP2,AB,"555",41471,""
FIX50SP2,AB,"555",41491,""
FIX50SP2,AB,"555",41512,""
FIX50SP2,AB,"555",41515,""
FIX50SP2,AB,"555",41527,""
FIX50SP2,AB,"555",41599,""
FIX50SP2,AB,"555 41599",41604,""
FIX50SP2,AB,"555",41607,""
FIX50SP2,AB,"555",41616,""
FIX50SP2,AB,"555 41616",41614,""
FIX50SP2,AB,"555 41616",41625,""
FIX50SP2,AB,"555 41616 41625",41633,""
FIX50SP2,AB,"555 41616",41635,""
FIX50SP2,AB,"555",42388,""
FIX50SP2,AB,"555",42581,""
FIX50SP2,AB,"",711,""
FIX50SP2,AB,"711",457,""
FIX50SP2,AB,"711",887,""
FIX50SP2,AB,"711",1058,""
FIX50SP2,AB,"711 1058",1062,""
FIX50SP2,AB,"711",1981,""
FIX50SP2,AB,"711",2045,""
FIX50SP2,AB,"711 2045",2053,""
FIX50SP2,AB,"711 2045 2053",2056,""
FIX50SP2,AB,"711 2045",41716,""
FIX50SP2,AB,"711 2045 41716",41724,""
FIX50SP2,AB,"711 2045",41729,""
FIX50SP2,AB,"711 2045 41729",41713,""
FIX50SP2,AB,"711 2045 41729",41726,""
FIX50SP2,AB,"711 2045 41729",41750,""
FIX50SP2,AB,"711 2045",41732,""
FIX50SP2,AB,"711 2045",41737,""
FIX50SP2,AB,"711 2045",41748,""
FIX50SP2,AB,"711",2080,""
FIX50SP2,AB,"711",2312,""
FIX50SP2,AB,"711",40540,""
FIX50SP2,AB,"711 40540",40656,""
FIX50SP2,AB,"711 40540",40659,""
FIX50SP2,AB,"711 40540",40664,""
FIX50SP2,AB,"711 40540 40664",40704,""
FIX50SP2,AB,"711 40540 40664",40966,""
FIX50SP2,AB,"711 40540 40664",40967,""
FIX50SP2,AB,"711 40540 40664",41878,""
FIX50SP2,AB,"711 40540",40708,""
FIX50SP2,AB,"711 40540 40708",42991,""
FIX50SP2,AB,"711 40540 40708",43000,""
FIX50SP2,AB,"711 40540",40968,""
FIX50SP2,AB,"711 40540",40969,""
FIX50SP2,AB,"711 40540",40970,""
FIX50SP2,AB,"711 40540",40971,""
FIX50SP2,AB,"711 40540",40972,""
FIX50SP2,AB,"711 40540",40973,""
FIX50SP2,AB,"711 40540",40974,""
FIX50SP2,AB,"711 40540",40975,""
FIX50SP2,AB,"711 40540",40976,""
FIX50SP2,AB,"711 40540",41756,""
FIX50SP2,AB,"711 40540 41756",41770,""
FIX50SP2,AB,"711 40540 41756 41770",41773,""
FIX50SP2,AB,"711 40540",41800,""
FIX50SP2,AB,"711 40540",41804,""
FIX50SP2,AB,"711 40540",41808,""
FIX50SP2,AB,"711 40540",41909,""
FIX50SP2,AB,"711 40540",41937,""
FIX50SP2,AB,"711 40540",41941,""
FIX50SP2,AB,"711 40540",41944,""
FIX50SP2,AB,"711 40540",41954,""
FIX50SP2,AB,"711 40540",41962,""
FIX50SP2,AB,"711 40540",41990,""
FIX50SP2,AB,"711 40540",41993,""
FIX50SP2,AB,"711 40540",42002,""
FIX50SP2,AB,"711 40540 42002",41996,""
FIX50SP2,AB,"711 40540 42002 41996",41999,""
FIX50SP2,AB,"711 40540",42799,""
FIX50SP2,AB,"711 40540",42853,""
FIX50SP2,AB,"711 40540",42862,""
FIX50SP2,AB,"711 40540 42862",42882,""
FIX50SP2,AB,"711 40540",42901,""
FIX50SP2,AB,"711 40540",42915,""
FIX50SP2,AB,"711 40540",42955,""
FIX50SP2,AB,"711 40540",42981,""
FIX50SP2,AB,"711 40540",43034,""
FIX50SP2,AB,"711 40540 43034",43008,""
FIX50SP2,AB,"711 40540 43034 43008",43069,""
FIX50SP2,AB,"711 40540 43034 43008",43071,""
FIX50SP2,AB,"711 40540 43034",43030,""
FIX50SP2,AB,"711 40540 43034",43060,""
FIX50SP2,AB,"711 40540 43034",43064,""
FIX50SP2,AB,"711",40962,""
FIX50SP2,AB,"711",41820,""
FIX50SP2,AB,"711",41841,""
FIX50SP2,AB,"711",41844,""
FIX50SP2,AB,"711",41856,""
FIX50SP2,AB,"711",41864,""
FIX50SP2,AB,"711",41866,""
FIX50SP2,AB,"711",41868,""
FIX50SP2,AB,"711",41947,""
FIX50SP2,AB,"711",42036,""
FIX50SP2,AB,"711 42036",41340,""
FIX50SP2,AB,"711",42041,""
FIX50SP2,AB,"711 42041",42039,""
FIX50SP2,AB,"711 42041",42788,""
FIX50SP2,AB,"711",42060,""
FIX50SP2,AB,"711 42060",42065,""
FIX50SP2,AB,"711",42068,""
FIX50SP2,AB,"711 42068",42077,""
FIX50SP2,AB,"711 42068 42077",42085,""
FIX50SP2,AB,"711 42068",42087,""
FIX50SP2,AB,"711 42068",42090,""
FIX50SP2,AB,"711",42149,""
FIX50SP2,AB,"711 42149",42099,""
FIX50SP2,AB,"711 42149",42112,""
FIX50SP2,AB,"711 42149",42173,""
FIX50SP2,AB,"711 42149 42173",42177,""
FIX50SP2,AB,"711 42149",42180,""
FIX50SP2,AB,"711 42149",42182,""
FIX50SP2,AB,"711 42149",42184,""
FIX50SP2,AB,"711 42149",42186,""
FIX50SP2,AB,"711 42149",42188,""
FIX50SP2,AB,"711 42149",42190,""
FIX50SP2,AB,"711",42855,""
FIX50SP2,AB,"711",42884,""
FIX50SP2,AB,"711",43005,""
FIX50SP2,AB,"711",43074,""
FIX50SP2,AB,"",864,""
FIX50SP2,AB,"",957,""
FIX50SP2,AB,"",1018,""
FIX50SP2,AB,"1018",1052,""
FIX50SP2,AB,"",1461,""
FIX50SP2,AB,"1461",2433,""
FIX50SP2,AB,"",1483,""
FIX50SP2,AB,"1483",1491,""
FIX50SP2,AB,"1483 1491",1494,""
FIX50SP2,AB,"1483",40997,""
FIX50SP2,AB,"1483 40997",41005,""
FIX50SP2,AB,"1483",41010,""
FIX50SP2,AB,"1483 41010",40994,""
FIX50SP2,AB,"1483 41010",41007,""
FIX50SP2,AB,"1483 41010",41031,""
FIX50SP2,AB,"1483",41013,""
FIX50SP2,AB,"1483",41018,""
FIX50SP2,AB,"1483",41029,""
FIX50SP2,AB,"",1624,""
FIX50SP2,AB,"",1812,""
FIX50SP2,AB,"",1868,""
FIX50SP2,AB,"",1976,""
FIX50SP2,AB,"",2304,""
FIX50SP2,AB,"",2593,""
FIX50SP2,AB,"",2639,""
FIX50SP2,AB,"",40019,""
FIX50SP2,AB,"40019",40000,""
FIX50SP2,AB,"",40022,""
FIX50SP2,AB,"40022",40277,""
FIX50SP2,AB,"40022",42214,""
FIX50SP2,AB,"",40049,""
FIX50SP2,AB,"40049",40085,""
FIX50SP2,AB,"40049",40825,""
FIX50SP2,AB,"40049",40828,""
FIX50SP2,AB,"40049 40828",40868,""
FIX50SP2,AB,"40049 40828",40945,""
FIX50SP2,AB,"40049 40828",40977,""
FIX50SP2,AB,"40049 40828",41161,""
FIX50SP2,AB,"40049",40872,""
FIX50SP2,AB,"40049 40872",42696,""
FIX50SP2,AB,"40049 40872",42705,""
FIX50SP2,AB,"40049",40946,""
FIX50SP2,AB,"40049",40947,""
FIX50SP2,AB,"40049",40948,""
FIX50SP2,AB,"40049",40949,""
FIX50SP2,AB,"40049",40950,""
FIX50SP2,AB,"40049",40958,""
FIX50SP2,AB,"40049",40959,""
FIX50SP2,AB,"40049",40960,""
FIX50SP2,AB,"40049",40961,""
FIX50SP2,AB,"40049",41037,""
FIX50SP2,AB,"40049 41037",41051,""
FIX50SP2,AB,"40049 41037 41051",41054,""
FIX50SP2,AB,"40049",41081,""
FIX50SP2,AB,"40049",41085,""
FIX50SP2,AB,"40049",41192,""
FIX50SP2,AB,"40049",41220,""
FIX50SP2,AB,"40049",41224,""
FIX50SP2,AB,"40049",41227,""
FIX50SP2,AB,"40049",41237,""
FIX50SP2,AB,"40049",41241,""
FIX50SP2,AB,"40049",41249,""
FIX50SP2,AB,"40049",41277,""
FIX50SP2,AB,"40049",41280,""
FIX50SP2,AB,"40049",41289,""
FIX50SP2,AB,"40049 41289",41283,""
FIX50SP2,AB,"40049 41289 41283",41286,""
FIX50SP2,AB,"40049",42236,""
FIX50SP2,AB,"40049",42272,""
FIX50SP2,AB,"40049",42274,""
FIX50SP2,AB,"40049 42274",42294,""
FIX50SP2,AB,"40049",42606,""
FIX50SP2,AB,"40049",42620,""
FIX50SP2,AB,"40049",42660,""
FIX50SP2,AB,"40049",42683,""
FIX50SP2,AB,"40049",42735,""
FIX50SP2,AB,"40049 42735",42709,""
FIX50SP2,AB,"40049 42735 42709",42770,""
FIX50SP2,AB,"40049 42735 42709",42772,""
FIX50SP2,AB,"40049 42735",42731,""
FIX50SP2,AB,"40049 42735",42761,""
FIX50SP2,AB,"40049 42735",42765,""
FIX50SP2,AB,"",40090,""
FIX50SP2,AB,"40090",40142,""
FIX50SP2,AB,"40090",40171,""
FIX50SP2,AB,"40090",40174,""
FIX50SP2,AB,"40090 40174",40178,""
FIX50SP2,AB,"40090",40952,""
FIX50SP2,AB,"40090",40953,""
FIX50SP2,AB,"40090",40954,""
FIX50SP2,AB,"40090",40955,""
FIX50SP2,AB,"40090",40956,""
FIX50SP2,AB,"40090",40957,""
FIX50SP2,AB,"",40181,""
FIX50SP2,AB,"40181",40191,""
FIX50SP2,AB,"40181 40191",40199,""
FIX50SP2,AB,"40181",40201,""
FIX50SP2,AB,"40181",40951,""
FIX50SP2,AB,"",40204,""
FIX50SP2,AB,"40204",40209,""
FIX50SP2,AB,"",40278,""
FIX50SP2,AB,"",41092,""
FIX50SP2,AB,"",41094,""
FIX50SP2,AB,"",41096,""
FIX50SP2,AB,"",41116,""
FIX50SP2,AB,"",41137,""
FIX50SP2,AB,"",41140,""
FIX50SP2,AB,"",41152,""
FIX50SP2,AB,"",41230,""
FIX50SP2,AB,"",42296,""
FIX50SP2,AB,"",42775,""
FIX50SP2,AC,"",78,""
FIX50SP2,AC,"78",948,""
FIX50SP2,AC,"78 948",952,""
FIX50SP2,AC,"",386,""
FIX50SP2,AC,"",453,""
FIX50SP2,AC,"453",802,""
FIX50SP2,AC,"",454,""
FIX50SP2,AC,"",555,""
FIX50SP2,AC,"555",539,""
FIX50SP2,AC,"555 539",804,""
FIX50SP2,AC,"555",604,""
FIX50SP2,AC,"555",670,""
FIX50SP2,AC,"555 670",756,""
FIX50SP2,AC,"555 670 756",806,""
FIX50SP2,AC,"555",683,""
FIX50SP2,AC,"555",2059,""
FIX50SP2,AC,"555",2076,""
FIX50SP2,AC,"555",2218,""
FIX50SP2,AC,"555 2218",2250,""
FIX50SP2,AC,"555 2218 2250",2253,""
FIX50SP2,AC,"555 2218",41366,""
FIX50SP2,AC,"555 2218 41366",41374,""
FIX50SP2,AC,"555 2218",41379,""
FIX50SP2,AC,"555 2218 41379",41363,""
FIX50SP2,AC,"555 2218 41379",41376,""
FIX50SP2,AC,"555 2218 41379",41400,""
FIX50SP2,AC,"555 2218",41382,""
FIX50SP2,AC,"555 2218",41387,""
FIX50SP2,AC,"555 2218",41398,""
FIX50SP2,AC,"555",2254,""
FIX50SP2,AC,"555 2254",2258,""
FIX50SP2,AC,"555",2308,""
FIX50SP2,AC,"555",40241,""
FIX50SP2,AC,"555 40241",40367,""
FIX50SP2,AC,"555 40241",40374,""
FIX50SP2,AC,"555 40241 40374",40414,""
FIX50SP2,AC,"555 40241 40374",40927,""
FIX50SP2,AC,"555 40241 40374",40928,""
FIX50SP2,AC,"555 40241 40374",41530,""
FIX50SP2,AC,"555 40241",40418,""
FIX50SP2,AC,"555 40241 40418",42495,""
FIX50SP2,AC,"555 40241 40418",42504,""
FIX50SP2,AC,"555 40241",40902,""
FIX50SP2,AC,"555 40241",40929,""
FIX50SP2,AC,"555 40241",40930,""
FIX50SP2,AC,"555 40241",40931,""
FIX50SP2,AC,"555 40241",40932,""
FIX50SP2,AC,"555 40241",40933,""
FIX50SP2,AC,"555 40241",40940,""
FIX50SP2,AC,"555 40241",40941,""
FIX50SP2,AC,"555 40241",40942,""
FIX50SP2,AC,"555 40241",40943,""
FIX50SP2,AC,"555 40241",41408,""
FIX50SP2,AC,"555 40241 41408",41422,""
FIX50SP2,AC,"555 40241 41408 41422",41425,""
FIX50SP2,AC,"555 40241",41452,""
FIX50SP2,AC,"555 40241",41456,""
FIX50SP2,AC,"555 40241",41460,""
FIX50SP2,AC,"555 40241",41561,""
FIX50SP2,AC,"555 40241",41589,""
FIX50SP2,AC,"555 40241",41593,""
FIX50SP2,AC,"555 40241",41596,""
FIX50SP2,AC,"555 40241",41638,""
FIX50SP2,AC,"555 40241",41646,""
FIX50SP2,AC,"555 40241",41674,""
FIX50SP2,AC,"555 40241",41677,""
FIX50SP2,AC,"555 40241",41686,""
FIX50SP2,AC,"555 40241 41686",41680,""
FIX50SP2,AC,"555 40241 41686 41680",41683,""
FIX50SP2,AC,"555 40241",42310,""
FIX50SP2,AC,"555 40241",42364,""
FIX50SP2,AC,"555 40241",42366,""
FIX50SP2,AC,"555 40241 42366",42386,""
FIX50SP2,AC,"555 40241",42405,""
FIX50SP2,AC,"555 40241",42419,""
FIX50SP2,AC,"555 40241",42459,""
FIX50SP2,AC,"555 40241",42485,""
FIX50SP2,AC,"555 40241",42534,""
FIX50SP2,AC,"555 40241 42534",42508,""
FIX50SP2,AC,"555 40241 42534 42508",42569,""
FIX50SP2,AC,"555 40241 42534 42508",42571,""
FIX50SP2,AC,"555 40241 42534",42530,""
FIX50SP2,AC,"555 40241 42534",42560,""
FIX50SP2,AC,"555 40241 42534",42564,""
FIX50SP2,AC,"555",40448,""
FIX50SP2,AC,"555 40448",40473,""
FIX50SP2,AC,"555 40448",40495,""
FIX50SP2,AC,"555 40448",40533,""
FIX50SP2,AC,"555 40448 40533",40537,""
FIX50SP2,AC,"555 40448",40934,""
FIX50SP2,AC,"555 40448",40935,""
FIX50SP2,AC,"555 40448",40936,""
FIX50SP2,AC,"555 40448",40937,""
FIX50SP2,AC,"555 40448",40938,""
FIX50SP2,AC,"555 40448",40939,""
FIX50SP2,AC,"555",40923,""
FIX50SP2,AC,"555",41335,""
FIX50SP2,AC,"555 41335",41316,""
FIX50SP2,AC,"555",41344,""
FIX50SP2,AC,"555 41344",41342,""
FIX50SP2,AC,"555 41344",42306,""
FIX50SP2,AC,"555",41467,""
FIX50SP2,AC,"555",41469,""
FIX50SP2,AC,"555",41471,""
FIX50SP2,AC,"555",41491,""
FIX50SP2,AC,"555",41512,""
FIX50SP2,AC,"555",41515,""
FIX50SP2,AC,"555",41527,""
FIX50SP2,AC,"555",41599,""
FIX50SP2,AC,"555 41599",41604,""
FIX50SP2,AC,"555",41607,""
FIX50SP2,AC,"555",41616,""
FIX50SP2,AC,"555 41616",41614,""
FIX50SP2,AC,"555 41616",41625,""
FIX50SP2,AC,"555 41616 41625",41633,""
FIX50SP2,AC,"555 41616",41635,""
FIX50SP2,AC,"555",42388,""
FIX50SP2,AC,"555",42581,""
FIX50SP2,AC,"",711,""
FIX50SP2,AC,"711",457,""
FIX50SP2,AC,"711",887,""
FIX50SP2,AC,"711",1058,""
FIX50SP2,AC,"711 1058",1062,""
FIX50SP2,AC,"711",1981,""
FIX50SP2,AC,"711",2045,""
FIX50SP2,AC,"711 2045",2053,""
FIX50SP2,AC,"711 2045 2053",2056,""
FIX50SP2,AC,"711 2045",41716,""
FIX50SP2,AC,"711 2045 41716",41724,""
FIX50SP2,AC,"711 2045",41729,""
FIX50SP2,AC,"711 2045 41729",41713,""
FIX50SP2,AC,"711 2045 41729",41726,""
FIX50SP2,AC,"711 2045 41729",41750,""
FIX50SP2,AC,"711 2045",41732,""
FIX50SP2,AC,"711 2045",41737,""
FIX50SP2,AC,"711 2045",41748,""
FIX50SP2,AC,"711",2080,""
FIX50SP2,AC,"711",2312,""
FIX50SP2,AC,"711",40540,""
FIX50SP2,AC,"711 40540",40656,""
FIX50SP2,AC,"711 40540",40659,""
FIX50SP2,AC,"711 40540",40664,""
FIX50SP2,AC,"711 40540 40664",40704,""
FIX50SP2,AC,"711 40540 40664",40966,""
FIX50SP2,AC,"711 40540 40664",40967,""
FIX50SP2,AC,"711 40540 40664",41878,""
FIX50SP2,AC,"711 40540",40708,""
FIX50SP2,AC,"711 40540 40708",42991,""
FIX50SP2,AC,"711 40540 40708",43000,""
FIX50SP2,AC,"711 40540",40968,""
FIX50SP2,AC,"711 40540",40969,""
FIX50SP2,AC,"711 40540",40970,""
FIX50SP2,AC,"711 40540",40971,""
FIX50SP2,AC,"711 40540",40972,""
FIX50SP2,AC,"711 40540",40973,""
FIX50SP2,AC,"711 40540",40974,""
FIX50SP2,AC,"711 40540",40975,""
FIX50SP2,AC,"711 40540",40976,""
FIX50SP2,AC,"711 40540",41756,""
FIX50SP2,AC,"711 40540 41756",41770,""
FIX50SP2,AC,"711 40540 41756 41770",41773,""
FIX50SP2,AC,"711 40540",41800,""
FIX50SP2,AC,"711 40540",41804,""
FIX50SP2,AC,"711 40540",41808,""
FIX50SP2,AC,"711 40540",41909,""
FIX50SP2,AC,"711 40540",41937,""
FIX50SP2,AC,"711 40540",41941,""
FIX50SP2,AC,"711 40540",41944,""
FIX50SP2,AC,"711 40540",41954,""
FIX50SP2,AC,"711 40540",41962,""
FIX50SP2,AC,"711 40540",41990,""
FIX50SP2,AC,"711 40540",41993,""
FIX50SP2,AC,"711 40540",42002,""
FIX50SP2,AC,"711 40540 42002",41996,""
FIX50SP2,AC,"711 40540 42002 41996",41999,""
FIX50SP2,AC,"711 40540",42799,""
FIX50SP2,AC,"711 40540",42853,""
FIX50SP2,AC,"711 40540",42862,""
FIX50SP2,AC,"711 40540 42862",42882,""
FIX50SP2,AC,"711 40540",42901,""
FIX50SP2,AC,"711 40540",42915,""
FIX50SP2,AC,"711 40540",42955,""
FIX50SP2,AC,"711 40540",42981,""
FIX50SP2,AC,"711 40540",43034,""
FIX50SP2,AC,"711 40540 43034",43008,""
FIX50SP2,AC,"711 40540 43034 43008",43069,""
FIX50SP2,AC,"711 40540 43034 43008",43071,""
FIX50SP2,AC,"711 40540 43034",43030,""
FIX50SP2,AC,"711 40540 43034",43060,""
FIX50SP2,AC,"711 40540 43034",43064,""
FIX50SP2,AC,"711",40962,""
FIX50SP2,AC,"711",41820,""
FIX50SP2,AC,"711",41841,""
FIX50SP2,AC,"711",41844,""
FIX50SP2,AC,"711",41856,""
FIX50SP2,AC,"711",41864,""
FIX50SP2,AC,"711",41866,""
FIX50SP2,AC,"711",41868,""
FIX50SP2,AC,"711",41947,""
FIX50SP2,AC,"711",42036,""
FIX50SP2,AC,"711 42036",41340,""
FIX50SP2,AC,"711",42041,""
FIX50SP2,AC,"711 42041",42039,""
FIX50SP2,AC,"711 42041",42788,""
FIX50SP2,AC,"711",42060,""
FIX50SP2,AC,"711 42060",42065,""
FIX50SP2,AC,"711",42068,""
FIX50SP2,AC,"711 42068",42077,""
FIX50SP2,AC,"711 42068 42077",42085,""
FIX50SP2,AC,"711 42068",42087,""
FIX50SP2,AC,"711 42068",42090,""
FIX50SP2,AC,"711",42149,""
FIX50SP2,AC,"711 42149",42099,""
FIX50SP2,AC,"711 42149",42112,""
FIX50SP2,AC,"711 42149",42173,""
FIX50SP2,AC,"711 42149 42173",42177,""
FIX50SP2,AC,"711 42149",42180,""
FIX50SP2,AC,"711 42149",42182,""
FIX50SP2,AC,"711 42149",42184,""
FIX50SP2,AC,"711 42149",42186,""
FIX50SP2,AC,"711 42149",42188,""
FIX50SP2,AC,"711 42149",42190,""
FIX50SP2,AC,"711",42855,""
FIX50SP2,AC,"711",42884,""
FIX50SP2,AC,"711",43005,""
FIX50SP2,AC,"711",43074,""
FIX50SP2,AC,"",864,""
FIX50SP2,AC,"",957,""
FIX50SP2,AC,"",1018,""
FIX50SP2,AC,"1018",1052,""
FIX50SP2,AC,"",1461,""
FIX50SP2,AC,"1461",2433,""
FIX50SP2,AC,"",1483,""
FIX50SP2,AC,"1483",1491,""
FIX50SP2,AC,"1483 1491",1494,""
FIX50SP2,AC,"1483",40997,""
FIX50SP2,AC,"1483 40997",41005,""
FIX50SP2,AC,"1483",41010,""
FIX50SP2,AC,"1483 41010",40994,""
FIX50SP2,AC,"1483 41010",41007,""
FIX50SP2,AC,"1483 41010",41031,""
FIX50SP2,AC,"1483",41013,""
FIX50SP2,AC,"1483",41018,""
FIX50SP2,AC,"1483",41029,""
FIX50SP2,AC,"",1624,""
FIX50SP2,AC,"",1812,""
FIX50SP2,AC,"",1868,""
FIX50SP2,AC,"",1976,""
FIX50SP2,AC,"",2304,""
FIX50SP2,AC,"",2593,""
FIX50SP2,AC,"",2639,""
FIX50SP2,AC,"",40019,""
FIX50SP2,AC,"40019",40000,""
FIX50SP2,AC,"",40022,""
FIX50SP2,AC,"40022",40277,""
FIX50SP2,AC,"40022",42214,""
FIX50SP2,AC,"",40049,""
FIX50SP2,AC,"40049",40085,""
FIX50SP2,AC,"40049",40825,""
FIX50SP2,AC,"40049",40828,""
FIX50SP2,AC,"40049 40828",40868,""
FIX50SP2,AC,"40049 40828",40945,""
FIX50SP2,AC,"40049 40828",40977,""
FIX50SP2,AC,"40049 40828",41161,""
FIX50SP2,AC,"40049",40872,""
FIX50SP2,AC,"40049 40872",42696,""
FIX50SP2,AC,"40049 40872",42705,""
FIX50SP2,AC,"40049",40946,""
FIX50SP2,AC,"40049",40947,""
FIX50SP2,AC,"40049",40948,""
FIX50SP2,AC,"40049",40949,""
FIX50SP2,AC,"40049",40950,""
FIX50SP2,AC,"40049",40958,""
FIX50SP2,AC,"40049",40959,""
FIX50SP2,AC,"40049",40960,""
FIX50SP2,AC,"40049",40961,""
FIX50SP2,AC,"40049",41037,""
FIX50SP2,AC,"40049 41037",41051,""
FIX50SP2,AC,"40049 41037 41051",41054,""
FIX50SP2,AC,"40049",41081,""
FIX50SP2,AC,"40049",41085,""
FIX50SP2,AC,"40049",41192,""
FIX50SP2,AC,"40049",41220,""
FIX50SP2,AC,"40049",41224,""
FIX50SP2,AC,"40049",41227,""
FIX50SP2,AC,"40049",41237,""
FIX50SP2,AC,"40049",41241,""
FIX50SP2,AC,"40049",41249,""
FIX50SP2,AC,"40049",41277,""
FIX50SP2,AC,"40049",41280,""
FIX50SP2,AC,"40049",41289,""
FIX50SP2,AC,"40049 41289",41283,""
FIX50SP2,AC,"40049 41289 41283",41286,""
FIX50SP2,AC,"40049",42236,""
FIX50SP2,AC,"40049",42272,""
FIX50SP2,AC,"40049",42274,""
FIX50SP2,AC,"40049 42274",42294,""
FIX50SP2,AC,"40049",42606,""
FIX50SP2,AC,"40049",42620,""
FIX50SP2,AC,"40049",42660,""
FIX50SP2,AC,"40049",42683,""
FIX50SP2,AC,"40049",42735,""
FIX50SP2,AC,"40049 42735",42709,""
FIX50SP2,AC,"40049 42735 42709",42770,""
FIX50SP2,AC,"40049 42735 42709",42772,""
FIX50SP2,AC,"40049 42735",42731,""
FIX50SP2,AC,"40049 42735",42761,""
FIX50SP2,AC,"40049 42735",42765,""
FIX50SP2,AC,"",40090,""
FIX50SP2,AC,"40090",40142,""
FIX50SP2,AC,"40090",40171,""
FIX50SP2,AC,"40090",40174,""
FIX50SP2,AC,"40090 40174",40178,""
FIX50SP2,AC,"40090",40952,""
FIX50SP2,AC,"40090",40953,""
FIX50SP2,AC,"40090",40954,""
FIX50SP2,AC,"40090",40955,""
FIX50SP2,AC,"40090",40956,""
FIX50SP2,AC,"40090",40957,""
FIX50SP2,AC,"",40181,""
FIX50SP2,AC,"40181",40191,""
FIX50SP2,AC,"40181 40191",40199,""
FIX50SP2,AC,"40181",40201,""
FIX50SP2,AC,"40181",40951,""
FIX50SP2,AC,"",40204,""
FIX50SP2,AC,"40204",40209,""
FIX50SP2,AC,"",40278,""
FIX50SP2,AC,"",41092,""
FIX50SP2,AC,"",41094,""
FIX50SP2,AC,"",41096,""
FIX50SP2,AC,"",41116,""
FIX50SP2,AC,"",41137,""
FIX50SP2,AC,"",41140,""
FIX50SP2,AC,"",41152,""
FIX50SP2,AC,"",41230,""
FIX50SP2,AC,"",42296,""
FIX50SP2,AC,"",42775,""
FIX50SP2,AD,"",453,""
FIX50SP2,AD,"453",802,""
FIX50SP2,AD,"",454,""
FIX50SP2,AD,"",555,""
FIX50SP2,AD,"555",604,""
FIX50SP2,AD,"555",2059,""
FIX50SP2,AD,"555",2076,""
FIX50SP2,AD,"555",2218,""
FIX50SP2,AD,"555 2218",2250,""
FIX50SP2,AD,"555 2218 2250",2253,""
FIX50SP2,AD,"555 2218",41366,""
FIX50SP2,AD,"555 2218 41366",41374,""
FIX50SP2,AD,"555 2218",41379,""
FIX50SP2,AD,"555 2218 41379",41363,""
FIX50SP2,AD,"555 2218 41379",41376,""
FIX50SP2,AD,"555 2218 41379",41400,""
FIX50SP2,AD,"555 2218",41382,""
FIX50SP2,AD,"555 2218",41387,""
FIX50SP2,AD,"555 2218",41398,""
FIX50SP2,AD,"555",2254,""
FIX50SP2,AD,"555 2254",2258,""
FIX50SP2,AD,"555",2308,""
FIX50SP2,AD,"555",40241,""
FIX50SP2,AD,"555 40241",40367,""
FIX50SP2,AD,"555 40241",40374,""
FIX50SP2,AD,"555 40241 40374",40414,""
FIX50SP2,AD,"555 40241 40374",40927,""
FIX50SP2,AD,"555 40241 40374",40928,""
FIX50SP2,AD,"555 40241 40374",41530,""
FIX50SP2,AD,"555 40241",40418,""
FIX50SP2,AD,"555 40241 40418",42495,""
FIX50SP2,AD,"555 40241 40418",42504,""
FIX50SP2,AD,"555 40241",40902,""
FIX50SP2,AD,"555 40241",40929,""
FIX50SP2,AD,"555 40241",40930,""
FIX50SP2,AD,"555 40241",40931,""
FIX50SP2,AD,"555 40241",40932,""
FIX50SP2,AD,"555 40241",40933,""
FIX50SP2,AD,"555 40241",40940,""
FIX50SP2,AD,"555 40241",40941,""
FIX50SP2,AD,"555 40241",40942,""
FIX50SP2,AD,"555 40241",40943,""
FIX50SP2,AD,"555 40241",41408,""
FIX50SP2,AD,"555 40241 41408",41422,""
FIX50SP2,AD,"555 40241 41408 41422",41425,""
FIX50SP2,AD,"555 40241",41452,""
FIX50SP2,AD,"555 40241",41456,""
FIX50SP2,AD,"555 40241",41460,""
FIX50SP2,AD,"555 40241",41561,""
FIX50SP2,AD,"555 40241",41589,""
FIX50SP2,AD,"555 40241",41593,""
FIX50SP2,AD,"555 40241",41596,""
FIX50SP2,AD,"555 40241",41638,""
FIX50SP2,AD,"555 40241",41646,""
FIX50SP2,AD,"555 40241",41674,""
FIX50SP2,AD,"555 40241",41677,""
FIX50SP2,AD,"555 40241",41686,""
FIX50SP2,AD,"555 40241 41686",41680,""
FIX50SP2,AD,"555 40241 41686 41680",41683,""
FIX50SP2,AD,"555 40241",42310,""
FIX50SP2,AD,"555 40241",42364,""
FIX50SP2,AD,"555 40241",42366,""
FIX50SP2,AD,"555 40241 42366",42386,""
FIX50SP2,AD,"555 40241",42405,""
FIX50SP2,AD,"555 40241",42419,""
FIX50SP2,AD,"555 40241",42459,""
FIX50SP2,AD,"555 40241",42485,""
FIX50SP2,AD,"555 40241",42534,""
FIX50SP2,AD,"555 40241 42534",42508,""
FIX50SP2,AD,"555 40241 42534 42508",42569,""
FIX50SP2,AD,"555 40241 42534 42508",42571,""
FIX50SP2,AD,"555 40241 42534",42530,""
FIX50SP2,AD,"555 40241 42534",42560,""
FIX50SP2,AD,"555 40241 42534",42564,""
FIX50SP2,AD,"555",40448,""
FIX50SP2,AD,"555 40448",40473,""
FIX50SP2,AD,"555 40448",40495,""
FIX50SP2,AD,"555 40448",40533,""
FIX50SP2,AD,"555 40448 40533",40537,""
FIX50SP2,AD,"555 40448",40934,""
FIX50SP2,AD,"555 40448",40935,""
FIX50SP2,AD,"555 40448",40936,""
FIX50SP2,AD,"555 40448",40937,""
FIX50SP2,AD,"555 40448",40938,""
FIX50SP2,AD,"555 40448",40939,""
FIX50SP2,AD,"555",40923,""
FIX50SP2,AD,"555",41335,""
FIX50SP2,AD,"555 41335",41316,""
FIX50SP2,AD,"555",41344,""
FIX50SP2,AD,"555 41344",41342,""
FIX50SP2,AD,"555 41344",42306,""
FIX50SP2,AD,"555",41467,""
FIX50SP2,AD,"555",41469,""
FIX50SP2,AD,"555",41471,""
FIX50SP2,AD,"555",41491,""
FIX50SP2,AD,"555",41512,""
FIX50SP2,AD,"555",41515,""
FIX50SP2,AD,"555",41527,""
FIX50SP2,AD,"555",41599,""
FIX50SP2,AD,"555 41599",41604,""
FIX50SP2,AD,"555",41607,""
FIX50SP2,AD,"555",41616,""
FIX50SP2,AD,"555 41616",41614,""
FIX50SP2,AD,"555 41616",41625,""
FIX50SP2,AD,"555 41616 41625",41633,""
FIX50SP2,AD,"555 41616",41635,""
FIX50SP2,AD,"555",42198,""
FIX50SP2,AD,"555",42200,""
FIX50SP2,AD,"555",42203,""
FIX50SP2,AD,"555",42388,""
FIX50SP2,AD,"555",42581,""
FIX50SP2,AD,"",580,""
FIX50SP2,AD,"",711,""
FIX50SP2,AD,"711",457,""
FIX50SP2,AD,"711",887,""
FIX50SP2,AD,"711",1058,""
FIX50SP2,AD,"711 1058",1062,""
FIX50SP2,AD,"711",1981,""
FIX50SP2,AD,"711",2045,""
FIX50SP2,AD,"711 2045",2053,""
FIX50SP2,AD,"711 2045 2053",2056,""
FIX50SP2,AD,"711 2045",41716,""
FIX50SP2,AD,"711 2045 41716",41724,""
FIX50SP2,AD,"711 2045",41729,""
FIX50SP2,AD,"711 2045 41729",41713,""
FIX50SP2,AD,"711 2045 41729",41726,""
FIX50SP2,AD,"711 2045 41729",41750,""
FIX50SP2,AD,"711 2045",41732,""
FIX50SP2,AD,"711 2045",41737,""
FIX50SP2,AD,"711 2045",41748,""
FIX50SP2,AD,"711",2080,""
FIX50SP2,AD,"711",2312,""
FIX50SP2,AD,"711",40540,""
FIX50SP2,AD,"711 40540",40656,""
FIX50SP2,AD,"711 40540",40659,""
FIX50SP2,AD,"711 40540",40664,""
FIX50SP2,AD,"711 40540 40664",40704,""
FIX50SP2,AD,"711 40540 40664",40966,""
FIX50SP2,AD,"711 40540 40664",40967,""
FIX50SP2,AD,"711 40540 40664",41878,""
FIX50SP2,AD,"711 40540",40708,""
FIX50SP2,AD,"711 40540 40708",42991,""
FIX50SP2,AD,"711 40540 40708",43000,""
FIX50SP2,AD,"711 40540",40968,""
FIX50SP2,AD,"711 40540",40969,""
FIX50SP2,AD,"711 40540",40970,""
FIX50SP2,AD,"711 40540",40971,""
FIX50SP2,AD,"711 40540",40972,""
FIX50SP2,AD,"711 40540",40973,""
FIX50SP2,AD,"711 40540",40974,""
FIX50SP2,AD,"711 40540",40975,""
FIX50SP2,AD,"711 40540",40976,""
FIX50SP2,AD,"711 40540",41756,""
FIX50SP2,AD,"711 40540 41756",41770,""
FIX50SP2,AD,"711 40540 41756 41770",41773,""
FIX50SP2,AD,"711 40540",41800,""
FIX50SP2,AD,"711 40540",41804,""
FIX50SP2,AD,"711 40540",41808,""
FIX50SP2,AD,"711 40540",41909,""
FIX50SP2,AD,"711 40540",41937,""
FIX50SP2,AD,"711 40540",41941,""
FIX50SP2,AD,"711 40540",41944,""
FIX50SP2,AD,"711 40540",41954,""
FIX50SP2,AD,"711 40540",41962,""
FIX50SP2,AD,"711 40540",41990,""
FIX50SP2,AD,"711 40540",41993,""
FIX50SP2,AD,"711 40540",42002,""
FIX50SP2,AD,"711 40540 42002",41996,""
FIX50SP2,AD,"711 40540 42002 41996",41999,""
FIX50SP2,AD,"711 40540",42799,""
FIX50SP2,AD,"711 40540",42853,""
FIX50SP2,AD,"711 40540",42862,""
FIX50SP2,AD,"711 40540 42862",42882,""
FIX50SP2,AD,"711 40540",42901,""
FIX50SP2,AD,"711 40540",42915,""
FIX50SP2,AD,"711 40540",42955,""
FIX50SP2,AD,"711 40540",42981,""
FIX50SP2,AD,"711 40540",43034,""
FIX50SP2,AD,"711 40540 43034",43008,""
FIX50SP2,AD,"711 40540 43034 43008",43069,""
FIX50SP2,AD,"711 40540 43034 43008",43071,""
FIX50SP2,AD,"711 40540 43034",43030,""
FIX50SP2,AD,"711 40540 43034",43060,""
FIX50SP2,AD,"711 40540 43034",43064,""
FIX50SP2,AD,"711",40962,""
FIX50SP2,AD,"711",41820,""
FIX50SP2,AD,"711",41841,""
FIX50SP2,AD,"711",41844,""
FIX50SP2,AD,"711",41856,""
FIX50SP2,AD,"711",41864,""
FIX50SP2,AD,"711",41866,""
FIX50SP2,AD,"711",41868,""
FIX50SP2,AD,"711",41947,""
FIX50SP2,AD,"711",42036,""
FIX50SP2,AD,"711 42036",41340,""
FIX50SP2,AD,"711",42041,""
FIX50SP2,AD,"711 42041",42039,""
FIX50SP2,AD,"711 42041",42788,""
FIX50SP2,AD,"711",42060,""
FIX50SP2,AD,"711 42060",42065,""
FIX50SP2,AD,"711",42068,""
FIX50SP2,AD,"711 42068",42077,""
FIX50SP2,AD,"711 42068 42077",42085,""
FIX50SP2,AD,"711 42068",42087,""
FIX50SP2,AD,"711 42068",42090,""
FIX50SP2,AD,"711",42149,""
FIX50SP2,AD,"711 42149",42099,""
FIX50SP2,AD,"711 42149",42112,""
FIX50SP2,AD,"711 42149",42173,""
FIX50SP2,AD,"711 42149 42173",42177,""
FIX50SP2,AD,"711 42149",42180,""
FIX50SP2,AD,"711 42149",42182,""
FIX50SP2,AD,"711 42149",42184,""
FIX50SP2,AD,"711 42149",42186,""
FIX50SP2,AD,"711 42149",42188,""
FIX50SP2,AD,"711 42149",42190,""
FIX50SP2,AD,"711",42855,""
FIX50SP2,AD,"711",42884,""
FIX50SP2,AD,"711",43005,""
FIX50SP2,AD,"711",43074,""
FIX50SP2,AD,"",864,""
FIX50SP2,AD,"",870,""
FIX50SP2,AD,"",1018,""
FIX50SP2,AD,"1018",1052,""
FIX50SP2,AD,"",1483,""
FIX50SP2,AD,"1483",1491,""
FIX50SP2,AD,"1483 1491",1494,""
FIX50SP2,AD,"1483",40997,""
FIX50SP2,AD,"1483 40997",41005,""
FIX50SP2,AD,"1483",41010,""
FIX50SP2,AD,"1483 41010",40994,""
FIX50SP2,AD,"1483 41010",41007,""
FIX50SP2,AD,"1483 41010",41031,""
FIX50SP2,AD,"1483",41013,""
FIX50SP2,AD,"1483",41018,""
FIX50SP2,AD,"1483",41029,""
FIX50SP2,AD,"",1976,""
FIX50SP2,AD,"",2304,""
FIX50SP2,AD,"",2734,""
FIX50SP2,AD,"",2746,""
FIX50SP2,AD,"",40019,""
FIX50SP2,AD,"40019",40000,""
FIX50SP2,AD,"",40022,""
FIX50SP2,AD,"40022",40277,""
FIX50SP2,AD,"40022",42214,""
FIX50SP2,AD,"",40040,""
FIX50SP2,AD,"",40042,""
FIX50SP2,AD,"",40046,""
FIX50SP2,AD,"",40049,""
FIX50SP2,AD,"40049",40085,""
FIX50SP2,AD,"40049",40825,""
FIX50SP2,AD,"40049",40828,""
FIX50SP2,AD,"40049 40828",40868,""
FIX50SP2,AD,"40049 40828",40945,""
FIX50SP2,AD,"40049 40828",40977,""
FIX50SP2,AD,"40049 40828",41161,""
FIX50SP2,AD,"40049",40872,""
FIX50SP2,AD,"40049 40872",42696,""
FIX50SP2,AD,"40049 40872",42705,""
FIX50SP2,AD,"40049",40946,""
FIX50SP2,AD,"40049",40947,""
FIX50SP2,AD,"40049",40948,""
FIX50SP2,AD,"40049",40949,""
FIX50SP2,AD,"40049",40950,""
FIX50SP2,AD,"40049",40958,""
FIX50SP2,AD,"40049",40959,""
FIX50SP2,AD,"40049",40960,""
FIX50SP2,AD,"40049",40961,""
FIX50SP2,AD,"40049",41037,""
FIX50SP2,AD,"40049 41037",41051,""
FIX50SP2,AD,"40049 41037 41051",41054,""
FIX50SP2,AD,"40049",41081,""
FIX50SP2,AD,"40049",41085,""
FIX50SP2,AD,"40049",41192,""
FIX50SP2,AD,"40049",41220,""
FIX50SP2,AD,"40049",41224,""
FIX50SP2,AD,"40049",41227,""
FIX50SP2,AD,"40049",41237,""
FIX50SP2,AD,"40049",41241,""
FIX50SP2,AD,"40049",41249,""
FIX50SP2,AD,"40049",41277,""
FIX50SP2,AD,"40049",41280,""
FIX50SP2,AD,"40049",41289,""
FIX50SP2,AD,"40049 41289",41283,""
FIX50SP2,AD,"40049 41289 41283",41286,""
FIX50SP2,AD,"40049",42236,""
FIX50SP2,AD,"40049",42272,""
FIX50SP2,AD,"40049",42274,""
FIX50SP2,AD,"40049 42274",42294,""
FIX50SP2,AD,"40049",42606,""
FIX50SP2,AD,"40049",42620,""
FIX50SP2,AD,"40049",42660,""
FIX50SP2,AD,"40049",42683,""
FIX50SP2,AD,"40049",42735,""
FIX50SP2,AD,"40049 42735",42709,""
FIX50SP2,AD,"40049 42735 42709",42770,""
FIX50SP2,AD,"40049 42735 42709",42772,""
FIX50SP2,AD,"40049 42735",42731,""
FIX50SP2,AD,"40049 42735",42761,""
FIX50SP2,AD,"40049 42735",42765,""
FIX50SP2,AD,"",40090,""
FIX50SP2,AD,"40090",40142,""
FIX50SP2,AD,"40090",40171,""
FIX50SP2,AD,"40090",40174,""
FIX50SP2,AD,"40090 40174",40178,""
FIX50SP2,AD,"40090",40952,""
FIX50SP2,AD,"40090",40953,""
FIX50SP2,AD,"40090",40954,""
FIX50SP2,AD,"40090",40955,""
FIX50SP2,AD,"40090",40956,""
FIX50SP2,AD,"40090",40957,""
FIX50SP2,AD,"",40181,""
FIX50SP2,AD,"40181",40191,""
FIX50SP2,AD,"40181 40191",40199,""
FIX50SP2,AD,"40181",40201,""
FIX50SP2,AD,"40181",40951,""
FIX50SP2,AD,"",40204,""
FIX50SP2,AD,"40204",40209,""
FIX50SP2,AD,"",40278,""
FIX50SP2,AD,"",41092,""
FIX50SP2,AD,"",41094,""
FIX50SP2,AD,"",41096,""
FIX50SP2,AD,"",41116,""
FIX50SP2,AD,"",41137,""
FIX50SP2,AD,"",41140,""
FIX50SP2,AD,"",41152,""
FIX50SP2,AD,"",41230,""
FIX50SP2,AD,"",42296,""
FIX50SP2,AD,"",42775,""
FIX50SP2,AE,"",454,""
FIX50SP2,AE,"",552,""
FIX50SP2,AE,"552",73,""
FIX50SP2,AE,"552",78,""
FIX50SP2,AE,"552 78",756,""
FIX50SP2,AE,"552 78 756",806,""
FIX50SP2,AE,"552 78",1844,""
FIX50SP2,AE,"552 78",1908,""
FIX50SP2,AE,"552 78",2653,""
FIX50SP2,AE,"552",136,""
FIX50SP2,AE,"552 136",2633,""
FIX50SP2,AE,"552",232,""
FIX50SP2,AE,"552",453,""
FIX50SP2,AE,"552 453",802,""
FIX50SP2,AE,"552",518,""
FIX50SP2,AE,"552",576,""
FIX50SP2,AE,"552",702,""
FIX50SP2,AE,"552",1016,""
FIX50SP2,AE,"552",1158,""
FIX50SP2,AE,"552 1158",781,""
FIX50SP2,AE,"552 1158 781",801,""
FIX50SP2,AE,"552",1624,""
FIX50SP2,AE,"552",1630,""
FIX50SP2,AE,"552",1671,""
FIX50SP2,AE,"552 1671",1516,""
FIX50SP2,AE,"552 1671 1516",1519,""
FIX50SP2,AE,"552 1671",1562,""
FIX50SP2,AE,"552 1671 1562",1514,""
FIX50SP2,AE,"552 1671 1562",1566,""
FIX50SP2,AE,"552 1671 1562",1569,""
FIX50SP2,AE,"552 1671 1562 1569",1572,""
FIX50SP2,AE,"552 1671",1694,""
FIX50SP2,AE,"552",1855,""
FIX50SP2,AE,"552",1861,""
FIX50SP2,AE,"552",1971,""
FIX50SP2,AE,"552",2593,""
FIX50SP2,AE,"552",2639,""
FIX50SP2,AE,"552",2691,""
FIX50SP2,AE,"552 2691",2864,""
FIX50SP2,AE,"",555,""
FIX50SP2,AE,"555",539,""
FIX50SP2,AE,"555 539",804,""
FIX50SP2,AE,"555",604,""
FIX50SP2,AE,"555",683,""
FIX50SP2,AE,"555",1342,""
FIX50SP2,AE,"555 1342",1334,""
FIX50SP2,AE,"555",1586,""
FIX50SP2,AE,"555",2059,""
FIX50SP2,AE,"555",2076,""
FIX50SP2,AE,"555",2218,""
FIX50SP2,AE,"555 2218",2250,""
FIX50SP2,AE,"555 2218 2250",2253,""
FIX50SP2,AE,"555 2218",41366,""
FIX50SP2,AE,"555 2218 41366",41374,""
FIX50SP2,AE,"555 2218",41379,""
FIX50SP2,AE,"555 2218 41379",41363,""
FIX50SP2,AE,"555 2218 41379",41376,""
FIX50SP2,AE,"555 2218 41379",41400,""
FIX50SP2,AE,"555 2218",41382,""
FIX50SP2,AE,"555 2218",41387,""
FIX50SP2,AE,"555 2218",41398,""
FIX50SP2,AE,"555",2254,""
FIX50SP2,AE,"555 2254",2258,""
FIX50SP2,AE,"555",2308,""
FIX50SP2,AE,"555",40241,""
FIX50SP2,AE,"555 40241",40367,""
FIX50SP2,AE,"555 40241",40374,""
FIX50SP2,AE,"555 40241 40374",40414,""
FIX50SP2,AE,"555 40241 40374",40927,""
FIX50SP2,AE,"555 40241 40374",40928,""
FIX50SP2,AE,"555 40241 40374",41530,""
FIX50SP2,AE,"555 40241",40418,""
FIX50SP2,AE,"555 40241 40418",42495,""
FIX50SP2,AE,"555 40241 40418",42504,""
FIX50SP2,AE,"555 40241",40902,""
FIX50SP2,AE,"555 40241",40929,""
FIX50SP2,AE,"555 40241",40930,""
FIX50SP2,AE,"555 40241",40931,""
FIX50SP2,AE,"555 40241",40932,""
FIX50SP2,AE,"555 40241",40933,""
FIX50SP2,AE,"555 40241",40940,""
FIX50SP2,AE,"555 40241",40941,""
FIX50SP2,AE,"555 40241",40942,""
FIX50SP2,AE,"555 40241",40943,""
FIX50SP2,AE,"555 40241",41408,""
FIX50SP2,AE,"555 40241 41408",41422,""
FIX50SP2,AE,"555 40241 41408 41422",41425,""
FIX50SP2,AE,"555 40241",41452,""
FIX50SP2,AE,"555 40241",41456,""
FIX50SP2,AE,"555 40241",41460,""
FIX50SP2,AE,"555 40241",41561,""
FIX50SP2,AE,"555 40241",41589,""
FIX50SP2,AE,"555 40241",41593,""
FIX50SP2,AE,"555 40241",41596,""
FIX50SP2,AE,"555 40241",41638,""
FIX50SP2,AE,"555 40241",41646,""
FIX50SP2,AE,"555 40241",41674,""
FIX50SP2,AE,"555 40241",41677,""
FIX50SP2,AE,"555 40241",41686,""
FIX50SP2,AE,"555 40241 41686",41680,""
FIX50SP2,AE,"555 40241 41686 41680",41683,""
FIX50SP2,AE,"555 40241",42310,""
FIX50SP2,AE,"555 40241",42364,""
FIX50SP2,AE,"555 40241",42366,""
FIX50SP2,AE,"555 40241 42366",42386,""
FIX50SP2,AE,"555 40241",42405,""
FIX50SP2,AE,"555 40241",42419,""
FIX50SP2,AE,"555 40241",42459,""
FIX50SP2,AE,"555 40241",42485,""
FIX50SP2,AE,"555 40241",42534,""
FIX50SP2,AE,"555 40241 42534",42508,""
FIX50SP2,AE,"555 40241 42534 42508",42569,""
FIX50SP2,AE,"555 40241 42534 42508",42571,""
FIX50SP2,AE,"555 40241 42534",42530,""
FIX50SP2,AE,"555 40241 42534",42560,""
FIX50SP2,AE,"555 40241 42534",42564,""
FIX50SP2,AE,"555",40448,""
FIX50SP2,AE,"555 40448",40473,""
FIX50SP2,AE,"555 40448",40495,""
FIX50SP2,AE,"555 40448",40533,""
FIX50SP2,AE,"555 40448 40533",40537,""
FIX50SP2,AE,"555 40448",40934,""
FIX50SP2,AE,"555 40448",40935,""
FIX50SP2,AE,"555 40448",40936,""
FIX50SP2,AE,"555 40448",40937,""
FIX50SP2,AE,"555 40448",40938,""
FIX50SP2,AE,"555 40448",40939,""
FIX50SP2,AE,"555",40923,""
FIX50SP2,AE,"555",41335,""
FIX50SP2,AE,"555 41335",41316,""
FIX50SP2,AE,"555",41344,""
FIX50SP2,AE,"555 41344",41342,""
FIX50SP2,AE,"555 41344",42306,""
FIX50SP2,AE,"555",41467,""
FIX50SP2,AE,"555",41469,""
FIX50SP2,AE,"555",41471,""
FIX50SP2,AE,"555",41491,""
FIX50SP2,AE,"555",41512,""
FIX50SP2,AE,"555",41515,""
FIX50SP2,AE,"555",41527,""
FIX50SP2,AE,"555",41599,""
FIX50SP2,AE,"555 41599",41604,""
FIX50SP2,AE,"555",41607,""
FIX50SP2,AE,"555",41616,""
FIX50SP2,AE,"555 41616",41614,""
FIX50SP2,AE,"555 41616",41625,""
FIX50SP2,AE,"555 41616 41625",41633,""
FIX50SP2,AE,"555 41616",41635,""
FIX50SP2,AE,"555",42198,""
FIX50SP2,AE,"555",42200,""
FIX50SP2,AE,"555",42203,""
FIX50SP2,AE,"555",42388,""
FIX50SP2,AE,"555",42581,""
FIX50SP2,AE,"",711,""
FIX50SP2,AE,"711",457,""
FIX50SP2,AE,"711",887,""
FIX50SP2,AE,"711",1058,""
FIX50SP2,AE,"711 1058",1062,""
FIX50SP2,AE,"711",1981,""
FIX50SP2,AE,"711",2045,""
FIX50SP2,AE,"711 2045",2053,""
FIX50SP2,AE,"711 2045 2053",2056,""
FIX50SP2,AE,"711 2045",41716,""
FIX50SP2,AE,"711 2045 41716",41724,""
FIX50SP2,AE,"711 2045",41729,""
FIX50SP2,AE,"711 2045 41729",41713,""
FIX50SP2,AE,"711 2045 41729",41726,""
FIX50SP2,AE,"711 2045 41729",41750,""
FIX50SP2,AE,"711 2045",41732,""
FIX50SP2,AE,"711 2045",41737,""
FIX50SP2,AE,"711 2045",41748,""
FIX50SP2,AE,"711",2080,""
FIX50SP2,AE,"711",2312,""
FIX50SP2,AE,"711",40540,""
FIX50SP2,AE,"711 40540",40656,""
FIX50SP2,AE,"711 40540",40659,""
FIX50SP2,AE,"711 40540",40664,""
FIX50SP2,AE,"711 40540 40664",40704,""
FIX50SP2,AE,"711 40540 40664",40966,""
FIX50SP2,AE,"711 40540 40664",40967,""
FIX50SP2,AE,"711 40540 40664",41878,""
FIX50SP2,AE,"711 40540",40708,""
FIX50SP2,AE,"711 40540 40708",42991,""
FIX50SP2,AE,"711 40540 40708",43000,""
FIX50SP2,AE,"711 40540",40968,""
FIX50SP2,AE,"711 40540",40969,""
FIX50SP2,AE,"711 40540",40970,""
FIX50SP2,AE,"711 40540",40971,""
FIX50SP2,AE,"711 40540",40972,""
FIX50SP2,AE,"711 40540",40973,""
FIX50SP2,AE,"711 40540",40974,""
FIX50SP2,AE,"711 40540",40975,""
FIX50SP2,AE,"711 40540",40976,""
FIX50SP2,AE,"711 40540",41756,""
FIX50SP2,AE,"711 40540 41756",41770,""
FIX50SP2,AE,"711 40540 41756 41770",41773,""
FIX50SP2,AE,"711 40540",41800,""
FIX50SP2,AE,"711 40540",41804,""
FIX50SP2,AE,"711 40540",41808,""
FIX50SP2,AE,"711 40540",41909,""
FIX50SP2,AE,"711 40540",41937,""
FIX50SP2,AE,"711 40540",41941,""
FIX50SP2,AE,"711 40540",41944,""
FIX50SP2,AE,"711 40540",41954,""
FIX50SP2,AE,"711 40540",41962,""
FIX50SP2,AE,"711 40540",41990,""
FIX50SP2,AE,"711 40540",41993,""
FIX50SP2,AE,"711 40540",42002,""
FIX50SP2,AE,"711 40540 42002",41996,""
FIX50SP2,AE,"711 40540 42002 41996",41999,""
FIX50SP2,AE,"711 40540",42799,""
FIX50SP2,AE,"711 40540",42853,""
FIX50SP2,AE,"711 40540",42862,""
FIX50SP2,AE,"711 40540 42862",42882,""
FIX50SP2,AE,"711 40540",42901,""
FIX50SP2,AE,"711 40540",42915,""
FIX50SP2,AE,"711 40540",42955,""
FIX50SP2,AE,"711 40540",42981,""
FIX50SP2,AE,"711 40540",43034,""
FIX50SP2,AE,"711 40540 43034",43008,""
FIX50SP2,AE,"711 40540 43034 43008",43069,""
FIX50SP2,AE,"711 40540 43034 43008",43071,""
FIX50SP2,AE,"711 40540 43034",43030,""
FIX50SP2,AE,"711 40540 43034",43060,""
FIX50SP2,AE,"711 40540 43034",43064,""
FIX50SP2,AE,"711",40962,""
FIX50SP2,AE,"711",41820,""
FIX50SP2,AE,"711",41841,""
FIX50SP2,AE,"711",41844,""
FIX50SP2,AE,"711",41856,""
FIX50SP2,AE,"711",41864,""
FIX50SP2,AE,"711",41866,""
FIX50SP2,AE,"711",41868,""
FIX50SP2,AE,"711",41947,""
FIX50SP2,AE,"711",42036,""
FIX50SP2,AE,"711 42036",41340,""
FIX50SP2,AE,"711",42041,""
FIX50SP2,AE,"711 42041",42039,""
FIX50SP2,AE,"711 42041",42788,""
FIX50SP2,AE,"711",42060,""
FIX50SP2,AE,"711 42060",42065,""
FIX50SP2,AE,"711",42068,""
FIX50SP2,AE,"711 42068",42077,""
FIX50SP2,AE,"711 42068 42077",42085,""
FIX50SP2,AE,"711 42068",42087,""
FIX50SP2,AE,"711 42068",42090,""
FIX50SP2,AE,"711",42149,""
FIX50SP2,AE,"711 42149",42099,""
FIX50SP2,AE,"711 42149",42112,""
FIX50SP2,AE,"711 42149",42173,""
FIX50SP2,AE,"711 42149 42173",42177,""
FIX50SP2,AE,"711 42149",42180,""
FIX50SP2,AE,"711 42149",42182,""
FIX50SP2,AE,"711 42149",42184,""
FIX50SP2,AE,"711 42149",42186,""
FIX50SP2,AE,"711 42149",42188,""
FIX50SP2,AE,"711 42149",42190,""
FIX50SP2,AE,"711",42855,""
FIX50SP2,AE,"711",42884,""
FIX50SP2,AE,"711",43005,""
FIX50SP2,AE,"711",43074,""
FIX50SP2,AE,"",753,""
FIX50SP2,AE,"",768,""
FIX50SP2,AE,"",864,""
FIX50SP2,AE,"",870,""
FIX50SP2,AE,"",1018,""
FIX50SP2,AE,"1018",1052,""
FIX50SP2,AE,"",1116,""
FIX50SP2,AE,"1116",1120,""
FIX50SP2,AE,"",1387,""
FIX50SP2,AE,"",1445,""
FIX50SP2,AE,"",1483,""
FIX50SP2,AE,"1483",1491,""
FIX50SP2,AE,"1483 1491",1494,""
FIX50SP2,AE,"1483",40997,""
FIX50SP2,AE,"1483 40997",41005,""
FIX50SP2,AE,"1483",41010,""
FIX50SP2,AE,"1483 41010",40994,""
FIX50SP2,AE,"1483 41010",41007,""
FIX50SP2,AE,"1483 41010",41031,""
FIX50SP2,AE,"1483",41013,""
FIX50SP2,AE,"1483",41018,""
FIX50SP2,AE,"1483",41029,""
FIX50SP2,AE,"",1647,""
FIX50SP2,AE,"",1703,""
FIX50SP2,AE,"1703",2845,""
FIX50SP2,AE,"",1838,""
FIX50SP2,AE,"",1841,""
FIX50SP2,AE,"",1907,""
FIX50SP2,AE,"",1976,""
FIX50SP2,AE,"",2104,""
FIX50SP2,AE,"2104",2113,""
FIX50SP2,AE,"",2304,""
FIX50SP2,AE,"",2668,""
FIX50SP2,AE,"",2709,""
FIX50SP2,AE,"",2734,""
FIX50SP2,AE,"",2746,""
FIX50SP2,AE,"",2871,""
FIX50SP2,AE,"",40019,""
FIX50SP2,AE,"40019",40000,""
FIX50SP2,AE,"",40022,""
FIX50SP2,AE,"40022",40277,""
FIX50SP2,AE,"40022",42214,""
FIX50SP2,AE,"",40040,""
FIX50SP2,AE,"",40042,""
FIX50SP2,AE,"",40046,""
FIX50SP2,AE,"",40049,""
FIX50SP2,AE,"40049",40085,""
FIX50SP2,AE,"40049",40825,""
FIX50SP2,AE,"40049",40828,""
FIX50SP2,AE,"40049 40828",40868,""
FIX50SP2,AE,"40049 40828",40945,""
FIX50SP2,AE,"40049 40828",40977,""
FIX50SP2,AE,"40049 40828",41161,""
FIX50SP2,AE,"40049",40872,""
FIX50SP2,AE,"40049 40872",42696,""
FIX50SP2,AE,"40049 40872",42705,""
FIX50SP2,AE,"40049",40946,""
FIX50SP2,AE,"40049",40947,""
FIX50SP2,AE,"40049",40948,""
FIX50SP2,AE,"40049",40949,""
FIX50SP2,AE,"40049",40950,""
FIX50SP2,AE,"40049",40958,""
FIX50SP2,AE,"40049",40959,""
FIX50SP2,AE,"40049",40960,""
FIX50SP2,AE,"40049",40961,""
FIX50SP2,AE,"40049",41037,""
FIX50SP2,AE,"40049 41037",41051,""
FIX50SP2,AE,"40049 41037 41051",41054,""
FIX50SP2,AE,"40049",41081,""
FIX50SP2,AE,"40049",41085,""
FIX50SP2,AE,"40049",41192,""
FIX50SP2,AE,"40049",41220,""
FIX50SP2,AE,"40049",41224,""
FIX50SP2,AE,"40049",41227,""
FIX50SP2,AE,"40049",41237,""
FIX50SP2,AE,"40049",41241,""
FIX50SP2,AE,"40049",41249,""
FIX50SP2,AE,"40049",41277,""
FIX50SP2,AE,"40049",41280,""
FIX50SP2,AE,"40049",41289,""
FIX50SP2,AE,"40049 41289",41283,""
FIX50SP2,AE,"40049 41289 41283",41286,""
FIX50SP2,AE,"40049",42236,""
FIX50SP2,AE,"40049",42272,""
FIX50SP2,AE,"40049",42274,""
FIX50SP2,AE,"40049 42274",42294,""
FIX50SP2,AE,"40049",42606,""
FIX50SP2,AE,"40049",42620,""
FIX50SP2,AE,"40049",42660,""
FIX50SP2,AE,"40049",42683,""
FIX50SP2,AE,"40049",42735,""
FIX50SP2,AE,"40049 42735",42709,""
FIX50SP2,AE,"40049 42735 42709",42770,""
FIX50SP2,AE,"40049 42735 42709",42772,""
FIX50SP2,AE,"40049 42735",42731,""
FIX50SP2,AE,"40049 42735",42761,""
FIX50SP2,AE,"40049 42735",42765,""
FIX50SP2,AE,"",40090,""
FIX50SP2,AE,"40090",40142,""
FIX50SP2,AE,"40090",40171,""
FIX50SP2,AE,"40090",40174,""
FIX50SP2,AE,"40090 40174",40178,""
FIX50SP2,AE,"40090",40952,""
FIX50SP2,AE,"40090",40953,""
FIX50SP2,AE,"40090",40954,""
FIX50SP2,AE,"40090",40955,""
FIX50SP2,AE,"40090",40956,""
FIX50SP2,AE,"40090",40957,""
FIX50SP2,AE,"",40181,""
FIX50SP2,AE,"40181",40191,""
FIX50SP2,AE,"40181 40191",40199,""
FIX50SP2,AE,"40181",40201,""
FIX50SP2,AE,"40181",40951,""
FIX50SP2,AE,"",40204,""
FIX50SP2,AE,"40204",40209,""
FIX50SP2,AE,"",40212,""
FIX50SP2,AE,"40212",40230,""
FIX50SP2,AE,"40212 40230",40233,""
FIX50SP2,AE,"40212 40230 40233",40238,""
FIX50SP2,AE,"40212",40944,""
FIX50SP2,AE,"",40278,""
FIX50SP2,AE,"",41092,""
FIX50SP2,AE,"",41094,""
FIX50SP2,AE,"",41096,""
FIX50SP2,AE,"",41116,""
FIX50SP2,AE,"",41137,""
FIX50SP2,AE,"",41140,""
FIX50SP2,AE,"",41152,""
FIX50SP2,AE,"",41230,""
FIX50SP2,AE,"",41312,""
FIX50SP2,AE,"",42296,""
FIX50SP2,AE,"",42775,""
FIX50SP2,AF,"",453,""
FIX50SP2,AF,"453",802,""
FIX50SP2,AF,"",454,""
FIX50SP2,AF,"",457,""
FIX50SP2,AF,"",864,""
FIX50SP2,AF,"",887,""
FIX50SP2,AF,"",1018,""
FIX50SP2,AF,"1018",1052,""
FIX50SP2,AF,"",1058,""
FIX50SP2,AF,"1058",1062,""
FIX50SP2,AF,"",1461,""
FIX50SP2,AF,"1461",2433,""
FIX50SP2,AF,"",1483,""
FIX50SP2,AF,"1483",1491,""
FIX50SP2,AF,"1483 1491",1494,""
FIX50SP2,AF,"1483",40997,""
FIX50SP2,AF,"1483 40997",41005,""
FIX50SP2,AF,"1483",41010,""
FIX50SP2,AF,"1483 41010",40994,""
FIX50SP2,AF,"1483 41010",41007,""
FIX50SP2,AF,"1483 41010",41031,""
FIX50SP2,AF,"1483",41013,""
FIX50SP2,AF,"1483",41018,""
FIX50SP2,AF,"1483",41029,""
FIX50SP2,AF,"",1976,""
FIX50SP2,AF,"",1981,""
FIX50SP2,AF,"",2045,""
FIX50SP2,AF,"2045",2053,""
FIX50SP2,AF,"2045 2053",2056,""
FIX50SP2,AF,"2045",41716,""
FIX50SP2,AF,"2045 41716",41724,""
FIX50SP2,AF,"2045",41729,""
FIX50SP2,AF,"2045 41729",41713,""
FIX50SP2,AF,"2045 41729",41726,""
FIX50SP2,AF,"2045 41729",41750,""
FIX50SP2,AF,"2045",41732,""
FIX50SP2,AF,"2045",41737,""
FIX50SP2,AF,"2045",41748,""
FIX50SP2,AF,"",2080,""
FIX50SP2,AF,"",2304,""
FIX50SP2,AF,"",2312,""
FIX50SP2,AF,"",40019,""
FIX50SP2,AF,"40019",40000,""
FIX50SP2,AF,"",40022,""
FIX50SP2,AF,"40022",40277,""
FIX50SP2,AF,"40022",42214,""
FIX50SP2,AF,"",40049,""
FIX50SP2,AF,"40049",40085,""
FIX50SP2,AF,"40049",40825,""
FIX50SP2,AF,"40049",40828,""
FIX50SP2,AF,"40049 40828",40868,""
FIX50SP2,AF,"40049 40828",40945,""
FIX50SP2,AF,"40049 40828",40977,""
FIX50SP2,AF,"40049 40828",41161,""
FIX50SP2,AF,"40049",40872,""
FIX50SP2,AF,"40049 40872",42696,""
FIX50SP2,AF,"40049 40872",42705,""
FIX50SP2,AF,"40049",40946,""
FIX50SP2,AF,"40049",40947,""
FIX50SP2,AF,"40049",40948,""
FIX50SP2,AF,"40049",40949,""
FIX50SP2,AF,"40049",40950,""
FIX50SP2,AF,"40049",40958,""
FIX50SP2,AF,"40049",40959,""
FIX50SP2,AF,"40049",40960,""
FIX50SP2,AF,"40049",40961,""
FIX50SP2,AF,"40049",41037,""
FIX50SP2,AF,"40049 41037",41051,""
FIX50SP2,AF,"40049 41037 41051",41054,""
FIX50SP2,AF,"40049",41081,""
FIX50SP2,AF,"40049",41085,""
FIX50SP2,AF,"40049",41192,""
FIX50SP2,AF,"40049",41220,""
FIX50SP2,AF,"40049",41224,""
FIX50SP2,AF,"40049",41227,""
FIX50SP2,AF,"40049",41237,""
FIX50SP2,AF,"40049",41241,""
FIX50SP2,AF,"40049",41249,""
FIX50SP2,AF,"40049",41277,""
FIX50SP2,AF,"40049",41280,""
FIX50SP2,AF,"40049",41289,""
FIX50SP2,AF,"40049 41289",41283,""
FIX50SP2,AF,"40049 41289 41283",41286,""
FIX50SP2,AF,"40049",42236,""
FIX50SP2,AF,"40049",42272,""
FIX50SP2,AF,"40049",42274,""
FIX50SP2,AF,"40049 42274",42294,""
FIX50SP2,AF,"40049",42606,""
FIX50SP2,AF,"40049",42620,""
FIX50SP2,AF,"40049",42660,""
FIX50SP2,AF,"40049",42683,""
FIX50SP2,AF,"40049",42735,""
FIX50SP2,AF,"40049 42735",42709,""
FIX50SP2,AF,"40049 42735 42709",42770,""
FIX50SP2,AF,"40049 42735 42709",42772,""
FIX50SP2,AF,"40049 42735",42731,""
FIX50SP2,AF,"40049 42735",42761,""
FIX50SP2,AF,"40049 42735",42765,""
FIX50SP2,AF,"",40090,""
FIX50SP2,AF,"40090",40142,""
FIX50SP2,AF,"40090",40171,""
FIX50SP2,AF,"40090",40174,""
FIX50SP2,AF,"40090 40174",40178,""
FIX50SP2,AF,"40090",40952,""
FIX50SP2,AF,"40090",40953,""
FIX50SP2,AF,"40090",40954,""
FIX50SP2,AF,"40090",40955,""
FIX50SP2,AF,"40090",40956,""
FIX50SP2,AF,"40090",40957,""
FIX50SP2,AF,"",40181,""
FIX50SP2,AF,"40181",40191,""
FIX50SP2,AF,"40181 40191",40199,""
FIX50SP2,AF,"40181",40201,""
FIX50SP2,AF,"40181",40951,""
FIX50SP2,AF,"",40204,""
FIX50SP2,AF,"40204",40209,""
FIX50SP2,AF,"",40278,""
FIX50SP2,AF,"",40540,""
FIX50SP2,AF,"40540",40656,""
FIX50SP2,AF,"40540",40659,""
FIX50SP2,AF,"40540",40664,""
FIX50SP2,AF,"40540 40664",40704,""
FIX50SP2,AF,"40540 40664",40966,""
FIX50SP2,AF,"40540 40664",40967,""
FIX50SP2,AF,"40540 40664",41878,""
FIX50SP2,AF,"40540",40708,""
FIX50SP2,AF,"40540 40708",42991,""
FIX50SP2,AF,"40540 40708",43000,""
FIX50SP2,AF,"40540",40968,""
FIX50SP2,AF,"40540",40969,""
FIX50SP2,AF,"40540",40970,""
FIX50SP2,AF,"40540",40971,""
FIX50SP2,AF,"40540",40972,""
FIX50SP2,AF,"40540",40973,""
FIX50SP2,AF,"40540",40974,""
FIX50SP2,AF,"40540",40975,""
FIX50SP2,AF,"40540",40976,""
FIX50SP2,AF,"40540",41756,""
FIX50SP2,AF,"40540 41756",41770,""
FIX50SP2,AF,"40540 41756 41770",41773,""
FIX50SP2,AF,"40540",41800,""
FIX50SP2,AF,"40540",41804,""
FIX50SP2,AF,"40540",41808,""
FIX50SP2,AF,"40540",41909,""
FIX50SP2,AF,"40540",41937,""
FIX50SP2,AF,"40540",41941,""
FIX50SP2,AF,"40540",41944,""
FIX50SP2,AF,"40540",41954,""
FIX50SP2,AF,"40540",41962,""
FIX50SP2,AF,"40540",41990,""
FIX50SP2,AF,"40540",41993,""
FIX50SP2,AF,"40540",42002,""
FIX50SP2,AF,"40540 42002",41996,""
FIX50SP2,AF,"40540 42002 41996",41999,""
FIX50SP2,AF,"40540",42799,""
FIX50SP2,AF,"40540",42853,""
FIX50SP2,AF,"40540",42862,""
FIX50SP2,AF,"40540 42862",42882,""
FIX50SP2,AF,"40540",42901,""
FIX50SP2,AF,"40540",42915,""
FIX50SP2,AF,"40540",42955,""
FIX50SP2,AF,"40540",42981,""
FIX50SP2,AF,"40540",43034,""
FIX50SP2,AF,"40540 43034",43008,""
FIX50SP2,AF,"40540 43034 43008",43069,""
FIX50SP2,AF,"40540 43034 43008",43071,""
FIX50SP2,AF,"40540 43034",43030,""
FIX50SP2,AF,"40540 43034",43060,""
FIX50SP2,AF,"40540 43034",43064,""
FIX50SP2,AF,"",40962,""
FIX50SP2,AF,"",41092,""
FIX50SP2,AF,"",41094,""
FIX50SP2,AF,"",41096,""
FIX50SP2,AF,"",41116,""
FIX50SP2,AF,"",41137,""
FIX50SP2,AF,"",41140,""
FIX50SP2,AF,"",41152,""
FIX50SP2,AF,"",41230,""
FIX50SP2,AF,"",41820,""
FIX50SP2,AF,"",41841,""
FIX50SP2,AF,"",41844,""
FIX50SP2,AF,"",41856,""
FIX50SP2,AF,"",41864,""
FIX50SP2,AF,"",41866,""
FIX50SP2,AF,"",41868,""
FIX50SP2,AF,"",41947,""
FIX50SP2,AF,"",42036,""
FIX50SP2,AF,"42036",41340,""
FIX50SP2,AF,"",42041,""
FIX50SP2,AF,"42041",42039,""
FIX50SP2,AF,"42041",42788,""
FIX50SP2,AF,"",42060,""
FIX50SP2,AF,"42060",42065,""
FIX50SP2,AF,"",42068,""
FIX50SP2,AF,"42068",42077,""
FIX50SP2,AF,"42068 42077",42085,""
FIX50SP2,AF,"42068",42087,""
FIX50SP2,AF,"42068",42090,""
FIX50SP2,AF,"",42149,""
FIX50SP2,AF,"42149",42099,""
FIX50SP2,AF,"42149",42112,""
FIX50SP2,AF,"42149",42173,""
FIX50SP2,AF,"42149 42173",42177,""
FIX50SP2,AF,"42149",42180,""
FIX50SP2,AF,"42149",42182,""
FIX50SP2,AF,"42149",42184,""
FIX50SP2,AF,"42149",42186,""
FIX50SP2,AF,"42149",42188,""
FIX50SP2,AF,"42149",42190,""
FIX50SP2,AF,"",42296,""
FIX50SP2,AF,"",42775,""
FIX50SP2,AF,"",42855,""
FIX50SP2,AF,"",42884,""
FIX50SP2,AF,"",43005,""
FIX50SP2,AF,"",43074,""
FIX50SP2,AG,"",146,""
FIX50SP2,AG,"146",232,""
FIX50SP2,AG,"146",453,""
FIX50SP2,AG,"146 453",802,""
FIX50SP2,AG,"146",454,""
FIX50SP2,AG,"146",555,""
FIX50SP2,AG,"146 555",539,""
FIX50SP2,AG,"146 555 539",804,""
FIX50SP2,AG,"146 555",604,""
FIX50SP2,AG,"146 555",683,""
FIX50SP2,AG,"146 555",2059,""
FIX50SP2,AG,"146 555",2076,""
FIX50SP2,AG,"146 555",2218,""
FIX50SP2,AG,"146 555 2218",2250,""
FIX50SP2,AG,"146 555 2218 2250",2253,""
FIX50SP2,AG,"146 555 2218",41366,""
FIX50SP2,AG,"146 555 2218 41366",41374,""
FIX50SP2,AG,"146 555 2218",41379,""
FIX50SP2,AG,"146 555 2218 41379",41363,""
FIX50SP2,AG,"146 555 2218 41379",41376,""
FIX50SP2,AG,"146 555 2218 41379",41400,""
FIX50SP2,AG,"146 555 2218",41382,""
FIX50SP2,AG,"146 555 2218",41387,""
FIX50SP2,AG,"146 555 2218",41398,""
FIX50SP2,AG,"146 555",2254,""
FIX50SP2,AG,"146 555 2254",2258,""
FIX50SP2,AG,"146 555",2308,""
FIX50SP2,AG,"146 555",40241,""
FIX50SP2,AG,"146 555 40241",40367,""
FIX50SP2,AG,"146 555 40241",40374,""
FIX50SP2,AG,"146 555 40241 40374",40414,""
FIX50SP2,AG,"146 555 40241 40374",40927,""
FIX50SP2,AG,"146 555 40241 40374",40928,""
FIX50SP2,AG,"146 555 40241 40374",41530,""
FIX50SP2,AG,"146 555 40241",40418,""
FIX50SP2,AG,"146 555 40241 40418",42495,""
FIX50SP2,AG,"146 555 40241 40418",42504,""
FIX50SP2,AG,"146 555 40241",40902,""
FIX50SP2,AG,"146 555 40241",40929,""
FIX50SP2,AG,"146 555 40241",40930,""
FIX50SP2,AG,"146 555 40241",40931,""
FIX50SP2,AG,"146 555 40241",40932,""
FIX50SP2,AG,"146 555 40241",40933,""
FIX50SP2,AG,"146 555 40241",40940,""
FIX50SP2,AG,"146 555 40241",40941,""
FIX50SP2,AG,"146 555 40241",40942,""
FIX50SP2,AG,"146 555 40241",40943,""
FIX50SP2,AG,"146 555 40241",41408,""
FIX50SP2,AG,"146 555 40241 41408",41422,""
FIX50SP2,AG,"146 555 40241 41408 41422",41425,""
FIX50SP2,AG,"146 555 40241",41452,""
FIX50SP2,AG,"146 555 40241",41456,""
FIX50SP2,AG,"146 555 40241",41460,""
FIX50SP2,AG,"146 555 40241",41561,""
FIX50SP2,AG,"146 555 40241",41589,""
FIX50SP2,AG,"146 555 40241",41593,""
FIX50SP2,AG,"146 555 40241",41596,""
FIX50SP2,AG,"146 555 40241",41638,""
FIX50SP2,AG,"146 555 40241",41646,""
FIX50SP2,AG,"146 555 40241",41674,""
FIX50SP2,AG,"146 555 40241",41677,""
FIX50SP2,AG,"146 555 40241",41686,""
FIX50SP2,AG,"146 555 40241 41686",41680,""
FIX50SP2,AG,"146 555 40241 41686 41680",41683,""
FIX50SP2,AG,"146 555 40241",42310,""
FIX50SP2,AG,"146 555 40241",42364,""
FIX50SP2,AG,"146 555 40241",42366,""
FIX50SP2,AG,"146 555 40241 42366",42386,""
FIX50SP2,AG,"146 555 40241",42405,""
FIX50SP2,AG,"146 555 40241",42419,""
FIX50SP2,AG,"146 555 40241",42459,""
FIX50SP2,AG,"146 555 40241",42485,""
FIX50SP2,AG,"146 555 40241",42534,""
FIX50SP2,AG,"146 555 40241 42534",42508,""
FIX50SP2,AG,"146 555 40241 42534 42508",42569,""
FIX50SP2,AG,"146 555 40241 42534 42508",42571,""
FIX50SP2,AG,"146 555 40241 42534",42530,""
FIX50SP2,AG,"146 555 40241 42534",42560,""
FIX50SP2,AG,"146 555 40241 42534",42564,""
FIX50SP2,AG,"146 555",40448,""
FIX50SP2,AG,"146 555 40448",40473,""
FIX50SP2,AG,"146 555 40448",40495,""
FIX50SP2,AG,"146 555 40448",40533,""
FIX50SP2,AG,"146 555 40448 40533",40537,""
FIX50SP2,AG,"146 555 40448",40934,""
FIX50SP2,AG,"146 555 40448",40935,""
FIX50SP2,AG,"146 555 40448",40936,""
FIX50SP2,AG,"146 555 40448",40937,""
FIX50SP2,AG,"146 555 40448",40938,""
FIX50SP2,AG,"146 555 40448",40939,""
FIX50SP2,AG,"146 555",40923,""
FIX50SP2,AG,"146 555",41335,""
FIX50SP2,AG,"146 555 41335",41316,""
FIX50SP2,AG,"146 555",41344,""
FIX50SP2,AG,"146 555 41344",41342,""
FIX50SP2,AG,"146 555 41344",42306,""
FIX50SP2,AG,"146 555",41467,""
FIX50SP2,AG,"146 555",41469,""
FIX50SP2,AG,"146 555",41471,""
FIX50SP2,AG,"146 555",41491,""
FIX50SP2,AG,"146 555",41512,""
FIX50SP2,AG,"146 555",41515,""
FIX50SP2,AG,"146 555",41527,""
FIX50SP2,AG,"146 555",41599,""
FIX50SP2,AG,"146 555 41599",41604,""
FIX50SP2,AG,"146 555",41607,""
FIX50SP2,AG,"146 555",41616,""
FIX50SP2,AG,"146 555 41616",41614,""
FIX50SP2,AG,"146 555 41616",41625,""
FIX50SP2,AG,"146 555 41616 41625",41633,""
FIX50SP2,AG,"146 555 41616",41635,""
FIX50SP2,AG,"146 555",42388,""
FIX50SP2,AG,"146 555",42581,""
FIX50SP2,AG,"146",711,""
FIX50SP2,AG,"146 711",457,""
FIX50SP2,AG,"146 711",887,""
FIX50SP2,AG,"146 711",1058,""
FIX50SP2,AG,"146 711 1058",1062,""
FIX50SP2,AG,"146 711",1981,""
FIX50SP2,AG,"146 711",2045,""
FIX50SP2,AG,"146 711 2045",2053,""
FIX50SP2,AG,"146 711 2045 2053",2056,""
FIX50SP2,AG,"146 711 2045",41716,""
FIX50SP2,AG,"146 711 2045 41716",41724,""
FIX50SP2,AG,"146 711 2045",41729,""
FIX50SP2,AG,"146 711 2045 41729",41713,""
FIX50SP2,AG,"146 711 2045 41729",41726,""
FIX50SP2,AG,"146 711 2045 41729",41750,""
FIX50SP2,AG,"146 711 2045",41732,""
FIX50SP2,AG,"146 711 2045",41737,""
FIX50SP2,AG,"146 711 2045",41748,""
FIX50SP2,AG,"146 711",2080,""
FIX50SP2,AG,"146 711",2312,""
FIX50SP2,AG,"146 711",40540,""
FIX50SP2,AG,"146 711 40540",40656,""
FIX50SP2,AG,"146 711 40540",40659,""
FIX50SP2,AG,"146 711 40540",40664,""
FIX50SP2,AG,"146 711 40540 40664",40704,""
FIX50SP2,AG,"146 711 40540 40664",40966,""
FIX50SP2,AG,"146 711 40540 40664",40967,""
FIX50SP2,AG,"146 711 40540 40664",41878,""
FIX50SP2,AG,"146 711 40540",40708,""
FIX50SP2,AG,"146 711 40540 40708",42991,""
FIX50SP2,AG,"146 711 40540 40708",43000,""
FIX50SP2,AG,"146 711 40540",40968,""
FIX50SP2,AG,"146 711 40540",40969,""
FIX50SP2,AG,"146 711 40540",40970,""
FIX50SP2,AG,"146 711 40540",40971,""
FIX50SP2,AG,"146 711 40540",40972,""
FIX50SP2,AG,"146 711 40540",40973,""
FIX50SP2,AG,"146 711 40540",40974,""
FIX50SP2,AG,"146 711 40540",40975,""
FIX50SP2,AG,"146 711 40540",40976,""
FIX50SP2,AG,"146 711 40540",41756,""
FIX50SP2,AG,"146 711 40540 41756",41770,""
FIX50SP2,AG,"146 711 40540 41756 41770",41773,""
FIX50SP2,AG,"146 711 40540",41800,""
FIX50SP2,AG,"146 711 40540",41804,""
FIX50SP2,AG,"146 711 40540",41808,""
FIX50SP2,AG,"146 711 40540",41909,""
FIX50SP2,AG,"146 711 40540",41937,""
FIX50SP2,AG,"146 711 40540",41941,""
FIX50SP2,AG,"146 711 40540",41944,""
FIX50SP2,AG,"146 711 40540",41954,""
FIX50SP2,AG,"146 711 40540",41962,""
FIX50SP2,AG,"146 711 40540",41990,""
FIX50SP2,AG,"146 711 40540",41993,""
FIX50SP2,AG,"146 711 40540",42002,""
FIX50SP2,AG,"146 711 40540 42002",41996,""
FIX50SP2,AG,"146 711 40540 42002 41996",41999,""
FIX50SP2,AG,"146 711 40540",42799,""
FIX50SP2,AG,"146 711 40540",42853,""
FIX50SP2,AG,"146 711 40540",42862,""
FIX50SP2,AG,"146 711 40540 42862",42882,""
FIX50SP2,AG,"146 711 40540",42901,""
FIX50SP2,AG,"146 711 40540",42915,""
FIX50SP2,AG,"146 711 40540",42955,""
FIX50SP2,AG,"146 711 40540",42981,""
FIX50SP2,AG,"146 711 40540",43034,""
FIX50SP2,AG,"146 711 40540 43034",43008,""
FIX50SP2,AG,"146 711 40540 43034 43008",43069,""
FIX50SP2,AG,"146 711 40540 43034 43008",43071,""
FIX50SP2,AG,"146 711 40540 43034",43030,""
FIX50SP2,AG,"146 711 40540 43034",43060,""
FIX50SP2,AG,"146 711 40540 43034",43064,""
FIX50SP2,AG,"146 711",40962,""
FIX50SP2,AG,"146 711",41820,""
FIX50SP2,AG,"146 711",41841,""
FIX50SP2,AG,"146 711",41844,""
FIX50SP2,AG,"146 711",41856,""
FIX50SP2,AG,"146 711",41864,""
FIX50SP2,AG,"146 711",41866,""
FIX50SP2,AG,"146 711",41868,""
FIX50SP2,AG,"146 711",41947,""
FIX50SP2,AG,"146 711",42036,""
FIX50SP2,AG,"146 711 42036",41340,""
FIX50SP2,AG,"146 711",42041,""
FIX50SP2,AG,"146 711 42041",42039,""
FIX50SP2,AG,"146 711 42041",42788,""
FIX50SP2,AG,"146 711",42060,""
FIX50SP2,AG,"146 711 42060",42065,""
FIX50SP2,AG,"146 711",42068,""
FIX50SP2,AG,"146 711 42068",42077,""
FIX50SP2,AG,"146 711 42068 42077",42085,""
FIX50SP2,AG,"146 711 42068",42087,""
FIX50SP2,AG,"146 711 42068",42090,""
FIX50SP2,AG,"146 711",42149,""
FIX50SP2,AG,"146 711 42149",42099,""
FIX50SP2,AG,"146 711 42149",42112,""
FIX50SP2,AG,"146 711 42149",42173,""
FIX50SP2,AG,"146 711 42149 42173",42177,""
FIX50SP2,AG,"146 711 42149",42180,""
FIX50SP2,AG,"146 711 42149",42182,""
FIX50SP2,AG,"146 711 42149",42184,""
FIX50SP2,AG,"146 711 42149",42186,""
FIX50SP2,AG,"146 711 42149",42188,""
FIX50SP2,AG,"146 711 42149",42190,""
FIX50SP2,AG,"146 711",42855,""
FIX50SP2,AG,"146 711",42884,""
FIX50SP2,AG,"146 711",43005,""
FIX50SP2,AG,"146 711",43074,""
FIX50SP2,AG,"146",735,""
FIX50SP2,AG,"146",864,""
FIX50SP2,AG,"146",1018,""
FIX50SP2,AG,"146 1018",1052,""
FIX50SP2,AG,"146",1483,""
FIX50SP2,AG,"146 1483",1491,""
FIX50SP2,AG,"146 1483 1491",1494,""
FIX50SP2,AG,"146 1483",40997,""
FIX50SP2,AG,"146 1483 40997",41005,""
FIX50SP2,AG,"146 1483",41010,""
FIX50SP2,AG,"146 1483 41010",40994,""
FIX50SP2,AG,"146 1483 41010",41007,""
FIX50SP2,AG,"146 1483 41010",41031,""
FIX50SP2,AG,"146 1483",41013,""
FIX50SP2,AG,"146 1483",41018,""
FIX50SP2,AG,"146 1483",41029,""
FIX50SP2,AG,"146",1976,""
FIX50SP2,AG,"146",2304,""
FIX50SP2,AG,"146",2709,""
FIX50SP2,AG,"146",40019,""
FIX50SP2,AG,"146 40019",40000,""
FIX50SP2,AG,"146",40022,""
FIX50SP2,AG,"146 40022",40277,""
FIX50SP2,AG,"146 40022",42214,""
FIX50SP2,AG,"146",40040,""
FIX50SP2,AG,"146",40042,""
FIX50SP2,AG,"146",40046,""
FIX50SP2,AG,"146",40049,""
FIX50SP2,AG,"146 40049",40085,""
FIX50SP2,AG,"146 40049",40825,""
FIX50SP2,AG,"146 40049",40828,""
FIX50SP2,AG,"146 40049 40828",40868,""
FIX50SP2,AG,"146 40049 40828",40945,""
FIX50SP2,AG,"146 40049 40828",40977,""
FIX50SP2,AG,"146 40049 40828",41161,""
FIX50SP2,AG,"146 40049",40872,""
FIX50SP2,AG,"146 40049 40872",42696,""
FIX50SP2,AG,"146 40049 40872",42705,""
FIX50SP2,AG,"146 40049",40946,""
FIX50SP2,AG,"146 40049",40947,""
FIX50SP2,AG,"146 40049",40948,""
FIX50SP2,AG,"146 40049",40949,""
FIX50SP2,AG,"146 40049",40950,""
FIX50SP2,AG,"146 40049",40958,""
FIX50SP2,AG,"146 40049",40959,""
FIX50SP2,AG,"146 40049",40960,""
FIX50SP2,AG,"146 40049",40961,""
FIX50SP2,AG,"146 40049",41037,""
FIX50SP2,AG,"146 40049 41037",41051,""
FIX50SP2,AG,"146 40049 41037 41051",41054,""
FIX50SP2,AG,"146 40049",41081,""
FIX50SP2,AG,"146 40049",41085,""
FIX50SP2,AG,"146 40049",41192,""
FIX50SP2,AG,"146 40049",41220,""
FIX50SP2,AG,"146 40049",41224,""
FIX50SP2,AG,"146 40049",41227,""
FIX50SP2,AG,"146 40049",41237,""
FIX50SP2,AG,"146 40049",41241,""
FIX50SP2,AG,"146 40049",41249,""
FIX50SP2,AG,"146 40049",41277,""
FIX50SP2,AG,"146 40049",41280,""
FIX50SP2,AG,"146 40049",41289,""
FIX50SP2,AG,"146 40049 41289",41283,""
FIX50SP2,AG,"146 40049 41289 41283",41286,""
FIX50SP2,AG,"146 40049",42236,""
FIX50SP2,AG,"146 40049",42272,""
FIX50SP2,AG,"146 40049",42274,""
FIX50SP2,AG,"146 40049 42274",42294,""
FIX50SP2,AG,"146 40049",42606,""
FIX50SP2,AG,"146 40049",42620,""
FIX50SP2,AG,"146 40049",42660,""
FIX50SP2,AG,"146 40049",42683,""
FIX50SP2,AG,"146 40049",42735,""
FIX50SP2,AG,"146 40049 42735",42709,""
FIX50SP2,AG,"146 40049 42735 42709",42770,""
FIX50SP2,AG,"146 40049 42735 42709",42772,""
FIX50SP2,AG,"146 40049 42735",42731,""
FIX50SP2,AG,"146 40049 42735",42761,""
FIX50SP2,AG,"146 40049 42735",42765,""
FIX50SP2,AG,"146",40090,""
FIX50SP2,AG,"146 40090",40142,""
FIX50SP2,AG,"146 40090",40171,""
FIX50SP2,AG,"146 40090",40174,""
FIX50SP2,AG,"146 40090 40174",40178,""
FIX50SP2,AG,"146 40090",40952,""
FIX50SP2,AG,"146 40090",40953,""
FIX50SP2,AG,"146 40090",40954,""
FIX50SP2,AG,"146 40090",40955,""
FIX50SP2,AG,"146 40090",40956,""
FIX50SP2,AG,"146 40090",40957,""
FIX50SP2,AG,"146",40181,""
FIX50SP2,AG,"146 40181",40191,""
FIX50SP2,AG,"146 40181 40191",40199,""
FIX50SP2,AG,"146 40181",40201,""
FIX50SP2,AG,"146 40181",40951,""
FIX50SP2,AG,"146",40204,""
FIX50SP2,AG,"146 40204",40209,""
FIX50SP2,AG,"146",40278,""
FIX50SP2,AG,"146",41092,""
FIX50SP2,AG,"146",41094,""
FIX50SP2,AG,"146",41096,""
FIX50SP2,AG,"146",41116,""
FIX50SP2,AG,"146",41137,""
FIX50SP2,AG,"146",41140,""
FIX50SP2,AG,"146",41152,""
FIX50SP2,AG,"146",41230,""
FIX50SP2,AG,"146",42296,""
FIX50SP2,AG,"146",42775,""
FIX50SP2,AG,"",1116,""
FIX50SP2,AG,"1116",1120,""
FIX50SP2,AH,"",146,""
FIX50SP2,AH,"146",454,""
FIX50SP2,AH,"146",555,""
FIX50SP2,AH,"146 555",604,""
FIX50SP2,AH,"146 555",2059,""
FIX50SP2,AH,"146 555",2076,""
FIX50SP2,AH,"146 555",2218,""
FIX50SP2,AH,"146 555 2218",2250,""
FIX50SP2,AH,"146 555 2218 2250",2253,""
FIX50SP2,AH,"146 555 2218",41366,""
FIX50SP2,AH,"146 555 2218 41366",41374,""
FIX50SP2,AH,"146 555 2218",41379,""
FIX50SP2,AH,"146 555 2218 41379",41363,""
FIX50SP2,AH,"146 555 2218 41379",41376,""
FIX50SP2,AH,"146 555 2218 41379",41400,""
FIX50SP2,AH,"146 555 2218",41382,""
FIX50SP2,AH,"146 555 2218",41387,""
FIX50SP2,AH,"146 555 2218",41398,""
FIX50SP2,AH,"146 555",2254,""
FIX50SP2,AH,"146 555 2254",2258,""
FIX50SP2,AH,"146 555",2308,""
FIX50SP2,AH,"146 555",40241,""
FIX50SP2,AH,"146 555 40241",40367,""
FIX50SP2,AH,"146 555 40241",40374,""
FIX50SP2,AH,"146 555 40241 40374",40414,""
FIX50SP2,AH,"146 555 40241 40374",40927,""
FIX50SP2,AH,"146 555 40241 40374",40928,""
FIX50SP2,AH,"146 555 40241 40374",41530,""
FIX50SP2,AH,"146 555 40241",40418,""
FIX50SP2,AH,"146 555 40241 40418",42495,""
FIX50SP2,AH,"146 555 40241 40418",42504,""
FIX50SP2,AH,"146 555 40241",40902,""
FIX50SP2,AH,"146 555 40241",40929,""
FIX50SP2,AH,"146 555 40241",40930,""
FIX50SP2,AH,"146 555 40241",40931,""
FIX50SP2,AH,"146 555 40241",40932,""
FIX50SP2,AH,"146 555 40241",40933,""
FIX50SP2,AH,"146 555 40241",40940,""
FIX50SP2,AH,"146 555 40241",40941,""
FIX50SP2,AH,"146 555 40241",40942,""
FIX50SP2,AH,"146 555 40241",40943,""
FIX50SP2,AH,"146 555 40241",41408,""
FIX50SP2,AH,"146 555 40241 41408",41422,""
FIX50SP2,AH,"146 555 40241 41408 41422",41425,""
FIX50SP2,AH,"146 555 40241",41452,""
FIX50SP2,AH,"146 555 40241",41456,""
FIX50SP2,AH,"146 555 40241",41460,""
FIX50SP2,AH,"146 555 40241",41561,""
FIX50SP2,AH,"146 555 40241",41589,""
FIX50SP2,AH,"146 555 40241",41593,""
FIX50SP2,AH,"146 555 40241",41596,""
FIX50SP2,AH,"146 555 40241",41638,""
FIX50SP2,AH,"146 555 40241",41646,""
FIX50SP2,AH,"146 555 40241",41674,""
FIX50SP2,AH,"146 555 40241",41677,""
FIX50SP2,AH,"146 555 40241",41686,""
FIX50SP2,AH,"146 555 40241 41686",41680,""
FIX50SP2,AH,"146 555 40241 41686 41680",41683,""
FIX50SP2,AH,"146 555 40241",42310,""
FIX50SP2,AH,"146 555 40241",42364,""
FIX50SP2,AH,"146 555 40241",42366,""
FIX50SP2,AH,"146 555 40241 42366",42386,""
FIX50SP2,AH,"146 555 40241",42405,""
FIX50SP2,AH,"146 555 40241",42419,""
FIX50SP2,AH,"146 555 40241",42459,""
FIX50SP2,AH,"146 555 40241",42485,""
FIX50SP2,AH,"146 555 40241",42534,""
FIX50SP2,AH,"146 555 40241 42534",42508,""
FIX50SP2,AH,"146 555 40241 42534 42508",42569,""
FIX50SP2,AH,"146 555 40241 42534 42508",42571,""
FIX50SP2,AH,"146 555 40241 42534",42530,""
FIX50SP2,AH,"146 555 40241 42534",42560,""
FIX50SP2,AH,"146 555 40241 42534",42564,""
FIX50SP2,AH,"146 555",40448,""
FIX50SP2,AH,"146 555 40448",40473,""
FIX50SP2,AH,"146 555 40448",40495,""
FIX50SP2,AH,"146 555 40448",40533,""
FIX50SP2,AH,"146 555 40448 40533",40537,""
FIX50SP2,AH,"146 555 40448",40934,""
FIX50SP2,AH,"146 555 40448",40935,""
FIX50SP2,AH,"146 555 40448",40936,""
FIX50SP2,AH,"146 555 40448",40937,""
FIX50SP2,AH,"146 555 40448",40938,""
FIX50SP2,AH,"146 555 40448",40939,""
FIX50SP2,AH,"146 555",40923,""
FIX50SP2,AH,"146 555",41335,""
FIX50SP2,AH,"146 555 41335",41316,""
FIX50SP2,AH,"146 555",41344,""
FIX50SP2,AH,"146 555 41344",41342,""
FIX50SP2,AH,"146 555 41344",42306,""
FIX50SP2,AH,"146 555",41467,""
FIX50SP2,AH,"146 555",41469,""
FIX50SP2,AH,"146 555",41471,""
FIX50SP2,AH,"146 555",41491,""
FIX50SP2,AH,"146 555",41512,""
FIX50SP2,AH,"146 555",41515,""
FIX50SP2,AH,"146 555",41527,""
FIX50SP2,AH,"146 555",41599,""
FIX50SP2,AH,"146 555 41599",41604,""
FIX50SP2,AH,"146 555",41607,""
FIX50SP2,AH,"146 555",41616,""
FIX50SP2,AH,"146 555 41616",41614,""
FIX50SP2,AH,"146 555 41616",41625,""
FIX50SP2,AH,"146 555 41616 41625",41633,""
FIX50SP2,AH,"146 555 41616",41635,""
FIX50SP2,AH,"146 555",42198,""
FIX50SP2,AH,"146 555",42200,""
FIX50SP2,AH,"146 555",42203,""
FIX50SP2,AH,"146 555",42388,""
FIX50SP2,AH,"146 555",42581,""
FIX50SP2,AH,"146",711,""
FIX50SP2,AH,"146 711",457,""
FIX50SP2,AH,"146 711",887,""
FIX50SP2,AH,"146 711",1058,""
FIX50SP2,AH,"146 711 1058",1062,""
FIX50SP2,AH,"146 711",1981,""
FIX50SP2,AH,"146 711",2045,""
FIX50SP2,AH,"146 711 2045",2053,""
FIX50SP2,AH,"146 711 2045 2053",2056,""
FIX50SP2,AH,"146 711 2045",41716,""
FIX50SP2,AH,"146 711 2045 41716",41724,""
FIX50SP2,AH,"146 711 2045",41729,""
FIX50SP2,AH,"146 711 2045 41729",41713,""
FIX50SP2,AH,"146 711 2045 41729",41726,""
FIX50SP2,AH,"146 711 2045 41729",41750,""
FIX50SP2,AH,"146 711 2045",41732,""
FIX50SP2,AH,"146 711 2045",41737,""
FIX50SP2,AH,"146 711 2045",41748,""
FIX50SP2,AH,"146 711",2080,""
FIX50SP2,AH,"146 711",2312,""
FIX50SP2,AH,"146 711",40540,""
FIX50SP2,AH,"146 711 40540",40656,""
FIX50SP2,AH,"146 711 40540",40659,""
FIX50SP2,AH,"146 711 40540",40664,""
FIX50SP2,AH,"146 711 40540 40664",40704,""
FIX50SP2,AH,"146 711 40540 40664",40966,""
FIX50SP2,AH,"146 711 40540 40664",40967,""
FIX50SP2,AH,"146 711 40540 40664",41878,""
FIX50SP2,AH,"146 711 40540",40708,""
FIX50SP2,AH,"146 711 40540 40708",42991,""
FIX50SP2,AH,"146 711 40540 40708",43000,""
FIX50SP2,AH,"146 711 40540",40968,""
FIX50SP2,AH,"146 711 40540",40969,""
FIX50SP2,AH,"146 711 40540",40970,""
FIX50SP2,AH,"146 711 40540",40971,""
FIX50SP2,AH,"146 711 40540",40972,""
FIX50SP2,AH,"146 711 40540",40973,""
FIX50SP2,AH,"146 711 40540",40974,""
FIX50SP2,AH,"146 711 40540",40975,""
FIX50SP2,AH,"146 711 40540",40976,""
FIX50SP2,AH,"146 711 40540",41756,""
FIX50SP2,AH,"146 711 40540 41756",41770,""
FIX50SP2,AH,"146 711 40540 41756 41770",41773,""
FIX50SP2,AH,"146 711 40540",41800,""
FIX50SP2,AH,"146 711 40540",41804,""
FIX50SP2,AH,"146 711 40540",41808,""
FIX50SP2,AH,"146 711 40540",41909,""
FIX50SP2,AH,"146 711 40540",41937,""
FIX50SP2,AH,"146 711 40540",41941,""
FIX50SP2,AH,"146 711 40540",41944,""
FIX50SP2,AH,"146 711 40540",41954,""
FIX50SP2,AH,"146 711 40540",41962,""
FIX50SP2,AH,"146 711 40540",41990,""
FIX50SP2,AH,"146 711 40540",41993,""
FIX50SP2,AH,"146 711 40540",42002,""
FIX50SP2,AH,"146 711 40540 42002",41996,""
FIX50SP2,AH,"146 711 40540 42002 41996",41999,""
FIX50SP2,AH,"146 711 40540",42799,""
FIX50SP2,AH,"146 711 40540",42853,""
FIX50SP2,AH,"146 711 40540",42862,""
FIX50SP2,AH,"146 711 40540 42862",42882,""
FIX50SP2,AH,"146 711 40540",42901,""
FIX50SP2,AH,"146 711 40540",42915,""
FIX50SP2,AH,"146 711 40540",42955,""
FIX50SP2,AH,"146 711 40540",42981,""
FIX50SP2,AH,"146 711 40540",43034,""
FIX50SP2,AH,"146 711 40540 43034",43008,""
FIX50SP2,AH,"146 711 40540 43034 43008",43069,""
FIX50SP2,AH,"146 711 40540 43034 43008",43071,""
FIX50SP2,AH,"146 711 40540 43034",43030,""
FIX50SP2,AH,"146 711 40540 43034",43060,""
FIX50SP2,AH,"146 711 40540 43034",43064,""
FIX50SP2,AH,"146 711",40962,""
FIX50SP2,AH,"146 711",41820,""
FIX50SP2,AH,"146 711",41841,""
FIX50SP2,AH,"146 711",41844,""
FIX50SP2,AH,"146 711",41856,""
FIX50SP2,AH,"146 711",41864,""
FIX50SP2,AH,"146 711",41866,""
FIX50SP2,AH,"146 711",41868,""
FIX50SP2,AH,"146 711",41947,""
FIX50SP2,AH,"146 711",42036,""
FIX50SP2,AH,"146 711 42036",41340,""
FIX50SP2,AH,"146 711",42041,""
FIX50SP2,AH,"146 711 42041",42039,""
FIX50SP2,AH,"146 711 42041",42788,""
FIX50SP2,AH,"146 711",42060,""
FIX50SP2,AH,"146 711 42060",42065,""
FIX50SP2,AH,"146 711",42068,""
FIX50SP2,AH,"146 711 42068",42077,""
FIX50SP2,AH,"146 711 42068 42077",42085,""
FIX50SP2,AH,"146 711 42068",42087,""
FIX50SP2,AH,"146 711 42068",42090,""
FIX50SP2,AH,"146 711",42149,""
FIX50SP2,AH,"146 711 42149",42099,""
FIX50SP2,AH,"146 711 42149",42112,""
FIX50SP2,AH,"146 711 42149",42173,""
FIX50SP2,AH,"146 711 42149 42173",42177,""
FIX50SP2,AH,"146 711 42149",42180,""
FIX50SP2,AH,"146 711 42149",42182,""
FIX50SP2,AH,"146 711 42149",42184,""
FIX50SP2,AH,"146 711 42149",42186,""
FIX50SP2,AH,"146 711 42149",42188,""
FIX50SP2,AH,"146 711 42149",42190,""
FIX50SP2,AH,"146 711",42855,""
FIX50SP2,AH,"146 711",42884,""
FIX50SP2,AH,"146 711",43005,""
FIX50SP2,AH,"146 711",43074,""
FIX50SP2,AH,"146",864,""
FIX50SP2,AH,"146",1018,""
FIX50SP2,AH,"146 1018",1052,""
FIX50SP2,AH,"146",1483,""
FIX50SP2,AH,"146 1483",1491,""
FIX50SP2,AH,"146 1483 1491",1494,""
FIX50SP2,AH,"146 1483",40997,""
FIX50SP2,AH,"146 1483 40997",41005,""
FIX50SP2,AH,"146 1483",41010,""
FIX50SP2,AH,"146 1483 41010",40994,""
FIX50SP2,AH,"146 1483 41010",41007,""
FIX50SP2,AH,"146 1483 41010",41031,""
FIX50SP2,AH,"146 1483",41013,""
FIX50SP2,AH,"146 1483",41018,""
FIX50SP2,AH,"146 1483",41029,""
FIX50SP2,AH,"146",1976,""
FIX50SP2,AH,"146",2304,""
FIX50SP2,AH,"146",40019,""
FIX50SP2,AH,"146 40019",40000,""
FIX50SP2,AH,"146",40022,""
FIX50SP2,AH,"146 40022",40277,""
FIX50SP2,AH,"146 40022",42214,""
FIX50SP2,AH,"146",40049,""
FIX50SP2,AH,"146 40049",40085,""
FIX50SP2,AH,"146 40049",40825,""
FIX50SP2,AH,"146 40049",40828,""
FIX50SP2,AH,"146 40049 40828",40868,""
FIX50SP2,AH,"146 40049 40828",40945,""
FIX50SP2,AH,"146 40049 40828",40977,""
FIX50SP2,AH,"146 40049 40828",41161,""
FIX50SP2,AH,"146 40049",40872,""
FIX50SP2,AH,"146 40049 40872",42696,""
FIX50SP2,AH,"146 40049 40872",42705,""
FIX50SP2,AH,"146 40049",40946,""
FIX50SP2,AH,"146 40049",40947,""
FIX50SP2,AH,"146 40049",40948,""
FIX50SP2,AH,"146 40049",40949,""
FIX50SP2,AH,"146 40049",40950,""
FIX50SP2,AH,"146 40049",40958,""
FIX50SP2,AH,"146 40049",40959,""
FIX50SP2,AH,"146 40049",40960,""
FIX50SP2,AH,"146 40049",40961,""
FIX50SP2,AH,"146 40049",41037,""
FIX50SP2,AH,"146 40049 41037",41051,""
FIX50SP2,AH,"146 40049 41037 41051",41054,""
FIX50SP2,AH,"146 40049",41081,""
FIX50SP2,AH,"146 40049",41085,""
FIX50SP2,AH,"146 40049",41192,""
FIX50SP2,AH,"146 40049",41220,""
FIX50SP2,AH,"146 40049",41224,""
FIX50SP2,AH,"146 40049",41227,""
FIX50SP2,AH,"146 40049",41237,""
FIX50SP2,AH,"146 40049",41241,""
FIX50SP2,AH,"146 40049",41249,""
FIX50SP2,AH,"146 40049",41277,""
FIX50SP2,AH,"146 40049",41280,""
FIX50SP2,AH,"146 40049",41289,""
FIX50SP2,AH,"146 40049 41289",41283,""
FIX50SP2,AH,"146 40049 41289 41283",41286,""
FIX50SP2,AH,"146 40049",42236,""
FIX50SP2,AH,"146 40049",42272,""
FIX50SP2,AH,"146 40049",42274,""
FIX50SP2,AH,"146 40049 42274",42294,""
FIX50SP2,AH,"146 40049",42606,""
FIX50SP2,AH,"146 40049",42620,""
FIX50SP2,AH,"146 40049",42660,""
FIX50SP2,AH,"146 40049",42683,""
FIX50SP2,AH,"146 40049",42735,""
FIX50SP2,AH,"146 40049 42735",42709,""
FIX50SP2,AH,"146 40049 42735 42709",42770,""
FIX50SP2,AH,"146 40049 42735 42709",42772,""
FIX50SP2,AH,"146 40049 42735",42731,""
FIX50SP2,AH,"146 40049 42735",42761,""
FIX50SP2,AH,"146 40049 42735",42765,""
FIX50SP2,AH,"146",40090,""
FIX50SP2,AH,"146 40090",40142,""
FIX50SP2,AH,"146 40090",40171,""
FIX50SP2,AH,"146 40090",40174,""
FIX50SP2,AH,"146 40090 40174",40178,""
FIX50SP2,AH,"146 40090",40952,""
FIX50SP2,AH,"146 40090",40953,""
FIX50SP2,AH,"146 40090",40954,""
FIX50SP2,AH,"146 40090",40955,""
FIX50SP2,AH,"146 40090",40956,""
FIX50SP2,AH,"146 40090",40957,""
FIX50SP2,AH,"146",40181,""
FIX50SP2,AH,"146 40181",40191,""
FIX50SP2,AH,"146 40181 40191",40199,""
FIX50SP2,AH,"146 40181",40201,""
FIX50SP2,AH,"146 40181",40951,""
FIX50SP2,AH,"146",40204,""
FIX50SP2,AH,"146 40204",40209,""
FIX50SP2,AH,"146",40278,""
FIX50SP2,AH,"146",41092,""
FIX50SP2,AH,"146",41094,""
FIX50SP2,AH,"146",41096,""
FIX50SP2,AH,"146",41116,""
FIX50SP2,AH,"146",41137,""
FIX50SP2,AH,"146",41140,""
FIX50SP2,AH,"146",41152,""
FIX50SP2,AH,"146",41230,""
FIX50SP2,AH,"146",42296,""
FIX50SP2,AH,"146",42775,""
FIX50SP2,AH,"",453,""
FIX50SP2,AH,"453",802,""
FIX50SP2,AI,"",232,""
FIX50SP2,AI,"",453,""
FIX50SP2,AI,"453",802,""
FIX50SP2,AI,"",454,""
FIX50SP2,AI,"",555,""
FIX50SP2,AI,"555",539,""
FIX50SP2,AI,"555 539",804,""
FIX50SP2,AI,"555",604,""
FIX50SP2,AI,"555",683,""
FIX50SP2,AI,"555",2059,""
FIX50SP2,AI,"555",2076,""
FIX50SP2,AI,"555",2218,""
FIX50SP2,AI,"555 2218",2250,""
FIX50SP2,AI,"555 2218 2250",2253,""
FIX50SP2,AI,"555 2218",41366,""
FIX50SP2,AI,"555 2218 41366",41374,""
FIX50SP2,AI,"555 2218",41379,""
FIX50SP2,AI,"555 2218 41379",41363,""
FIX50SP2,AI,"555 2218 41379",41376,""
FIX50SP2,AI,"555 2218 41379",41400,""
FIX50SP2,AI,"555 2218",41382,""
FIX50SP2,AI,"555 2218",41387,""
FIX50SP2,AI,"555 2218",41398,""
FIX50SP2,AI,"555",2254,""
FIX50SP2,AI,"555 2254",2258,""
FIX50SP2,AI,"555",2308,""
FIX50SP2,AI,"555",40241,""
FIX50SP2,AI,"555 40241",40367,""
FIX50SP2,AI,"555 40241",40374,""
FIX50SP2,AI,"555 40241 40374",40414,""
FIX50SP2,AI,"555 40241 40374",40927,""
FIX50SP2,AI,"555 40241 40374",40928,""
FIX50SP2,AI,"555 40241 40374",41530,""
FIX50SP2,AI,"555 40241",40418,""
FIX50SP2,AI,"555 40241 40418",42495,""
FIX50SP2,AI,"555 40241 40418",42504,""
FIX50SP2,AI,"555 40241",40902,""
FIX50SP2,AI,"555 40241",40929,""
FIX50SP2,AI,"555 40241",40930,""
FIX50SP2,AI,"555 40241",40931,""
FIX50SP2,AI,"555 40241",40932,""
FIX50SP2,AI,"555 40241",40933,""
FIX50SP2,AI,"555 40241",40940,""
FIX50SP2,AI,"555 40241",40941,""
FIX50SP2,AI,"555 40241",40942,""
FIX50SP2,AI,"555 40241",40943,""
FIX50SP2,AI,"555 40241",41408,""
FIX50SP2,AI,"555 40241 41408",41422,""
FIX50SP2,AI,"555 40241 41408 41422",41425,""
FIX50SP2,AI,"555 40241",41452,""
FIX50SP2,AI,"555 40241",41456,""
FIX50SP2,AI,"555 40241",41460,""
FIX50SP2,AI,"555 40241",41561,""
FIX50SP2,AI,"555 40241",41589,""
FIX50SP2,AI,"555 40241",41593,""
FIX50SP2,AI,"555 40241",41596,""
FIX50SP2,AI,"555 40241",41638,""
FIX50SP2,AI,"555 40241",41646,""
FIX50SP2,AI,"555 40241",41674,""
FIX50SP2,AI,"555 40241",41677,""
FIX50SP2,AI,"555 40241",41686,""
FIX50SP2,AI,"555 40241 41686",41680,""
FIX50SP2,AI,"555 40241 41686 41680",41683,""
FIX50SP2,AI,"555 40241",42310,""
FIX50SP2,AI,"555 40241",42364,""
FIX50SP2,AI,"555 40241",42366,""
FIX50SP2,AI,"555 40241 42366",42386,""
FIX50SP2,AI,"555 40241",42405,""
FIX50SP2,AI,"555 40241",42419,""
FIX50SP2,AI,"555 40241",42459,""
FIX50SP2,AI,"555 40241",42485,""
FIX50SP2,AI,"555 40241",42534,""
FIX50SP2,AI,"555 40241 42534",42508,""
FIX50SP2,AI,"555 40241 42534 42508",42569,""
FIX50SP2,AI,"555 40241 42534 42508",42571,""
FIX50SP2,AI,"555 40241 42534",42530,""
FIX50SP2,AI,"555 40241 42534",42560,""
FIX50SP2,AI,"555 40241 42534",42564,""
FIX50SP2,AI,"555",40448,""
FIX50SP2,AI,"555 40448",40473,""
FIX50SP2,AI,"555 40448",40495,""
FIX50SP2,AI,"555 40448",40533,""
FIX50SP2,AI,"555 40448 40533",40537,""
FIX50SP2,AI,"555 40448",40934,""
FIX50SP2,AI,"555 40448",40935,""
FIX50SP2,AI,"555 40448",40936,""
FIX50SP2,AI,"555 40448",40937,""
FIX50SP2,AI,"555 40448",40938,""
FIX50SP2,AI,"555 40448",40939,""
FIX50SP2,AI,"555",40923,""
FIX50SP2,AI,"555",41335,""
FIX50SP2,AI,"555 41335",41316,""
FIX50SP2,AI,"555",41344,""
FIX50SP2,AI,"555 41344",41342,""
FIX50SP2,AI,"555 41344",42306,""
FIX50SP2,AI,"555",41467,""
FIX50SP2,AI,"555",41469,""
FIX50SP2,AI,"555",41471,""
FIX50SP2,AI,"555",41491,""
FIX50SP2,AI,"555",41512,""
FIX50SP2,AI,"555",41515,""
FIX50SP2,AI,"555",41527,""
FIX50SP2,AI,"555",41599,""
FIX50SP2,AI,"555 41599",41604,""
FIX50SP2,AI,"555",41607,""
FIX50SP2,AI,"555",41616,""
FIX50SP2,AI,"555 41616",41614,""
FIX50SP2,AI,"555 41616",41625,""
FIX50SP2,AI,"555 41616 41625",41633,""
FIX50SP2,AI,"555 41616",41635,""
FIX50SP2,AI,"555",42388,""
FIX50SP2,AI,"555",42581,""
FIX50SP2,AI,"",711,""
FIX50SP2,AI,"711",457,""
FIX50SP2,AI,"711",887,""
FIX50SP2,AI,"711",1058,""
FIX50SP2,AI,"711 1058",1062,""
FIX50SP2,AI,"711",1981,""
FIX50SP2,AI,"711",2045,""
FIX50SP2,AI,"711 2045",2053,""
FIX50SP2,AI,"711 2045 2053",2056,""
FIX50SP2,AI,"711 2045",41716,""
FIX50SP2,AI,"711 2045 41716",41724,""
FIX50SP2,AI,"711 2045",41729,""
FIX50SP2,AI,"711 2045 41729",41713,""
FIX50SP2,AI,"711 2045 41729",41726,""
FIX50SP2,AI,"711 2045 41729",41750,""
FIX50SP2,AI,"711 2045",41732,""
FIX50SP2,AI,"711 2045",41737,""
FIX50SP2,AI,"711 2045",41748,""
FIX50SP2,AI,"711",2080,""
FIX50SP2,AI,"711",2312,""
FIX50SP2,AI,"711",40540,""
FIX50SP2,AI,"711 40540",40656,""
FIX50SP2,AI,"711 40540",40659,""
FIX50SP2,AI,"711 40540",40664,""
FIX50SP2,AI,"711 40540 40664",40704,""
FIX50SP2,AI,"711 40540 40664",40966,""
FIX50SP2,AI,"711 40540 40664",40967,""
FIX50SP2,AI,"711 40540 40664",41878,""
FIX50SP2,AI,"711 40540",40708,""
FIX50SP2,AI,"711 40540 40708",42991,""
FIX50SP2,AI,"711 40540 40708",43000,""
FIX50SP2,AI,"711 40540",40968,""
FIX50SP2,AI,"711 40540",40969,""
FIX50SP2,AI,"711 40540",40970,""
FIX50SP2,AI,"711 40540",40971,""
FIX50SP2,AI,"711 40540",40972,""
FIX50SP2,AI,"711 40540",40973,""
FIX50SP2,AI,"711 40540",40974,""
FIX50SP2,AI,"711 40540",40975,""
FIX50SP2,AI,"711 40540",40976,""
FIX50SP2,AI,"711 40540",41756,""
FIX50SP2,AI,"711 40540 41756",41770,""
FIX50SP2,AI,"711 40540 41756 41770",41773,""
FIX50SP2,AI,"711 40540",41800,""
FIX50SP2,AI,"711 40540",41804,""
FIX50SP2,AI,"711 40540",41808,""
FIX50SP2,AI,"711 40540",41909,""
FIX50SP2,AI,"711 40540",41937,""
FIX50SP2,AI,"711 40540",41941,""
FIX50SP2,AI,"711 40540",41944,""
FIX50SP2,AI,"711 40540",41954,""
FIX50SP2,AI,"711 40540",41962,""
FIX50SP2,AI,"711 40540",41990,""
FIX50SP2,AI,"711 40540",41993,""
FIX50SP2,AI,"711 40540",42002,""
FIX50SP2,AI,"711 40540 42002",41996,""
FIX50SP2,AI,"711 40540 42002 41996",41999,""
FIX50SP2,AI,"711 40540",42799,""
FIX50SP2,AI,"711 40540",42853,""
FIX50SP2,AI,"711 40540",42862,""
FIX50SP2,AI,"711 40540 42862",42882,""
FIX50SP2,AI,"711 40540",42901,""
FIX50SP2,AI,"711 40540",42915,""
FIX50SP2,AI,"711 40540",42955,""
FIX50SP2,AI,"711 40540",42981,""
FIX50SP2,AI,"711 40540",43034,""
FIX50SP2,AI,"711 40540 43034",43008,""
FIX50SP2,AI,"711 40540 43034 43008",43069,""
FIX50SP2,AI,"711 40540 43034 43008",43071,""
FIX50SP2,AI,"711 40540 43034",43030,""
FIX50SP2,AI,"711 40540 43034",43060,""
FIX50SP2,AI,"711 40540 43034",43064,""
FIX50SP2,AI,"711",40962,""
FIX50SP2,AI,"711",41820,""
FIX50SP2,AI,"711",41841,""
FIX50SP2,AI,"711",41844,""
FIX50SP2,AI,"711",41856,""
FIX50SP2,AI,"711",41864,""
FIX50SP2,AI,"711",41866,""
FIX50SP2,AI,"711",41868,""
FIX50SP2,AI,"711",41947,""
FIX50SP2,AI,"711",42036,""
FIX50SP2,AI,"711 42036",41340,""
FIX50SP2,AI,"711",42041,""
FIX50SP2,AI,"711 42041",42039,""
FIX50SP2,AI,"711 42041",42788,""
FIX50SP2,AI,"711",42060,""
FIX50SP2,AI,"711 42060",42065,""
FIX50SP2,AI,"711",42068,""
FIX50SP2,AI,"711 42068",42077,""
FIX50SP2,AI,"711 42068 42077",42085,""
FIX50SP2,AI,"711 42068",42087,""
FIX50SP2,AI,"711 42068",42090,""
FIX50SP2,AI,"711",42149,""
FIX50SP2,AI,"711 42149",42099,""
FIX50SP2,AI,"711 42149",42112,""
FIX50SP2,AI,"711 42149",42173,""
FIX50SP2,AI,"711 42149 42173",42177,""
FIX50SP2,AI,"711 42149",42180,""
FIX50SP2,AI,"711 42149",42182,""
FIX50SP2,AI,"711 42149",42184,""
FIX50SP2,AI,"711 42149",42186,""
FIX50SP2,AI,"711 42149",42188,""
FIX50SP2,AI,"711 42149",42190,""
FIX50SP2,AI,"711",42855,""
FIX50SP2,AI,"711",42884,""
FIX50SP2,AI,"711",43005,""
FIX50SP2,AI,"711",43074,""
FIX50SP2,AI,"",735,""
FIX50SP2,AI,"",768,""
FIX50SP2,AI,"",864,""
FIX50SP2,AI,"",1018,""
FIX50SP2,AI,"1018",1052,""
FIX50SP2,AI,"",1461,""
FIX50SP2,AI,"1461",2433,""
FIX50SP2,AI,"",1483,""
FIX50SP2,AI,"1483",1491,""
FIX50SP2,AI,"1483 1491",1494,""
FIX50SP2,AI,"1483",40997,""
FIX50SP2,AI,"1483 40997",41005,""
FIX50SP2,AI,"1483",41010,""
FIX50SP2,AI,"1483 41010",40994,""
FIX50SP2,AI,"1483 41010",41007,""
FIX50SP2,AI,"1483 41010",41031,""
FIX50SP2,AI,"1483",41013,""
FIX50SP2,AI,"1483",41018,""
FIX50SP2,AI,"1483",41029,""
FIX50SP2,AI,"",1976,""
FIX50SP2,AI,"",2304,""
FIX50SP2,AI,"",2706,""
FIX50SP2,AI,"",2709,""
FIX50SP2,AI,"",40019,""
FIX50SP2,AI,"40019",40000,""
FIX50SP2,AI,"",40022,""
FIX50SP2,AI,"40022",40277,""
FIX50SP2,AI,"40022",42214,""
FIX50SP2,AI,"",40040,""
FIX50SP2,AI,"",40042,""
FIX50SP2,AI,"",40046,""
FIX50SP2,AI,"",40049,""
FIX50SP2,AI,"40049",40085,""
FIX50SP2,AI,"40049",40825,""
FIX50SP2,AI,"40049",40828,""
FIX50SP2,AI,"40049 40828",40868,""
FIX50SP2,AI,"40049 40828",40945,""
FIX50SP2,AI,"40049 40828",40977,""
FIX50SP2,AI,"40049 40828",41161,""
FIX50SP2,AI,"40049",40872,""
FIX50SP2,AI,"40049 40872",42696,""
FIX50SP2,AI,"40049 40872",42705,""
FIX50SP2,AI,"40049",40946,""
FIX50SP2,AI,"40049",40947,""
FIX50SP2,AI,"40049",40948,""
FIX50SP2,AI,"40049",40949,""
FIX50SP2,AI,"40049",40950,""
FIX50SP2,AI,"40049",40958,""
FIX50SP2,AI,"40049",40959,""
FIX50SP2,AI,"40049",40960,""
FIX50SP2,AI,"40049",40961,""
FIX50SP2,AI,"40049",41037,""
FIX50SP2,AI,"40049 41037",41051,""
FIX50SP2,AI,"40049 41037 41051",41054,""
FIX50SP2,AI,"40049",41081,""
FIX50SP2,AI,"40049",41085,""
FIX50SP2,AI,"40049",41192,""
FIX50SP2,AI,"40049",41220,""
FIX50SP2,AI,"40049",41224,""
FIX50SP2,AI,"40049",41227,""
FIX50SP2,AI,"40049",41237,""
FIX50SP2,AI,"40049",41241,""
FIX50SP2,AI,"40049",41249,""
FIX50SP2,AI,"40049",41277,""
FIX50SP2,AI,"40049",41280,""
FIX50SP2,AI,"40049",41289,""
FIX50SP2,AI,"40049 41289",41283,""
FIX50SP2,AI,"40049 41289 41283",41286,""
FIX50SP2,AI,"40049",42236,""
FIX50SP2,AI,"40049",42272,""
FIX50SP2,AI,"40049",42274,""
FIX50SP2,AI,"40049 42274",42294,""
FIX50SP2,AI,"40049",42606,""
FIX50SP2,AI,"40049",42620,""
FIX50SP2,AI,"40049",42660,""
FIX50SP2,AI,"40049",42683,""
FIX50SP2,AI,"40049",42735,""
FIX50SP2,AI,"40049 42735",42709,""
FIX50SP2,AI,"40049 42735 42709",42770,""
FIX50SP2,AI,"40049 42735 42709",42772,""
FIX50SP2,AI,"40049 42735",42731,""
FIX50SP2,AI,"40049 42735",42761,""
FIX50SP2,AI,"40049 42735",42765,""
FIX50SP2,AI,"",40090,""
FIX50SP2,AI,"40090",40142,""
FIX50SP2,AI,"40090",40171,""
FIX50SP2,AI,"40090",40174,""
FIX50SP2,AI,"40090 40174",40178,""
FIX50SP2,AI,"40090",40952,""
FIX50SP2,AI,"40090",40953,""
FIX50SP2,AI,"40090",40954,""
FIX50SP2,AI,"40090",40955,""
FIX50SP2,AI,"40090",40956,""
FIX50SP2,AI,"40090",40957,""
FIX50SP2,AI,"",40181,""
FIX50SP2,AI,"40181",40191,""
FIX50SP2,AI,"40181 40191",40199,""
FIX50SP2,AI,"40181",40201,""
FIX50SP2,AI,"40181",40951,""
FIX50SP2,AI,"",40204,""
FIX50SP2,AI,"40204",40209,""
FIX50SP2,AI,"",40278,""
FIX50SP2,AI,"",41092,""
FIX50SP2,AI,"",41094,""
FIX50SP2,AI,"",41096,""
FIX50SP2,AI,"",41116,""
FIX50SP2,AI,"",41137,""
FIX50SP2,AI,"",41140,""
FIX50SP2,AI,"",41152,""
FIX50SP2,AI,"",41230,""
FIX50SP2,AI,"",42296,""
FIX50SP2,AI,"",42775,""
FIX50SP2,AJ,"",232,""
FIX50SP2,AJ,"",453,""
FIX50SP2,AJ,"453",802,""
FIX50SP2,AJ,"",454,""
FIX50SP2,AJ,"",555,""
FIX50SP2,AJ,"555",539,""
FIX50SP2,AJ,"555 539",804,""
FIX50SP2,AJ,"555",604,""
FIX50SP2,AJ,"555",683,""
FIX50SP2,AJ,"555",2059,""
FIX50SP2,AJ,"555",2076,""
FIX50SP2,AJ,"555",2218,""
FIX50SP2,AJ,"555 2218",2250,""
FIX50SP2,AJ,"555 2218 2250",2253,""
FIX50SP2,AJ,"555 2218",41366,""
FIX50SP2,AJ,"555 2218 41366",41374,""
FIX50SP2,AJ,"555 2218",41379,""
FIX50SP2,AJ,"555 2218 41379",41363,""
FIX50SP2,AJ,"555 2218 41379",41376,""
FIX50SP2,AJ,"555 2218 41379",41400,""
FIX50SP2,AJ,"555 2218",41382,""
FIX50SP2,AJ,"555 2218",41387,""
FIX50SP2,AJ,"555 2218",41398,""
FIX50SP2,AJ,"555",2254,""
FIX50SP2,AJ,"555 2254",2258,""
FIX50SP2,AJ,"555",2308,""
FIX50SP2,AJ,"555",40241,""
FIX50SP2,AJ,"555 40241",40367,""
FIX50SP2,AJ,"555 40241",40374,""
FIX50SP2,AJ,"555 40241 40374",40414,""
FIX50SP2,AJ,"555 40241 40374",40927,""
FIX50SP2,AJ,"555 40241 40374",40928,""
FIX50SP2,AJ,"555 40241 40374",41530,""
FIX50SP2,AJ,"555 40241",40418,""
FIX50SP2,AJ,"555 40241 40418",42495,""
FIX50SP2,AJ,"555 40241 40418",42504,""
FIX50SP2,AJ,"555 40241",40902,""
FIX50SP2,AJ,"555 40241",40929,""
FIX50SP2,AJ,"555 40241",40930,""
FIX50SP2,AJ,"555 40241",40931,""
FIX50SP2,AJ,"555 40241",40932,""
FIX50SP2,AJ,"555 40241",40933,""
FIX50SP2,AJ,"555 40241",40940,""
FIX50SP2,AJ,"555 40241",40941,""
FIX50SP2,AJ,"555 40241",40942,""
FIX50SP2,AJ,"555 40241",40943,""
FIX50SP2,AJ,"555 40241",41408,""
FIX50SP2,AJ,"555 40241 41408",41422,""
FIX50SP2,AJ,"555 40241 41408 41422",41425,""
FIX50SP2,AJ,"555 40241",41452,""
FIX50SP2,AJ,"555 40241",41456,""
FIX50SP2,AJ,"555 40241",41460,""
FIX50SP2,AJ,"555 40241",41561,""
FIX50SP2,AJ,"555 40241",41589,""
FIX50SP2,AJ,"555 40241",41593,""
FIX50SP2,AJ,"555 40241",41596,""
FIX50SP2,AJ,"555 40241",41638,""
FIX50SP2,AJ,"555 40241",41646,""
FIX50SP2,AJ,"555 40241",41674,""
FIX50SP2,AJ,"555 40241",41677,""
FIX50SP2,AJ,"555 40241",41686,""
FIX50SP2,AJ,"555 40241 41686",41680,""
FIX50SP2,AJ,"555 40241 41686 41680",41683,""
FIX50SP2,AJ,"555 40241",42310,""
FIX50SP2,AJ,"555 40241",42364,""
FIX50SP2,AJ,"555 40241",42366,""
FIX50SP2,AJ,"555 40241 42366",42386,""
FIX50SP2,AJ,"555 40241",42405,""
FIX50SP2,AJ,"555 40241",42419,""
FIX50SP2,AJ,"555 40241",42459,""
FIX50SP2,AJ,"555 40241",42485,""
FIX50SP2,AJ,"555 40241",42534,""
FIX50SP2,AJ,"555 40241 42534",42508,""
FIX50SP2,AJ,"555 40241 42534 42508",42569,""
FIX50SP2,AJ,"555 40241 42534 42508",42571,""
FIX50SP2,AJ,"555 40241 42534",42530,""
FIX50SP2,AJ,"555 40241 42534",42560,""
FIX50SP2,AJ,"555 40241 42534",42564,""
FIX50SP2,AJ,"555",40448,""
FIX50SP2,AJ,"555 40448",40473,""
FIX50SP2,AJ,"555 40448",40495,""
FIX50SP2,AJ,"555 40448",40533,""
FIX50SP2,AJ,"555 40448 40533",40537,""
FIX50SP2,AJ,"555 40448",40934,""
FIX50SP2,AJ,"555 40448",40935,""
FIX50SP2,AJ,"555 40448",40936,""
FIX50SP2,AJ,"555 40448",40937,""
FIX50SP2,AJ,"555 40448",40938,""
FIX50SP2,AJ,"555 40448",40939,""
FIX50SP2,AJ,"555",40923,""
FIX50SP2,AJ,"555",41335,""
FIX50SP2,AJ,"555 41335",41316,""
FIX50SP2,AJ,"555",41344,""
FIX50SP2,AJ,"555 41344",41342,""
FIX50SP2,AJ,"555 41344",42306,""
FIX50SP2,AJ,"555",41467,""
FIX50SP2,AJ,"555",41469,""
FIX50SP2,AJ,"555",41471,""
FIX50SP2,AJ,"555",41491,""
FIX50SP2,AJ,"555",41512,""
FIX50SP2,AJ,"555",41515,""
FIX50SP2,AJ,"555",41527,""
FIX50SP2,AJ,"555",41599,""
FIX50SP2,AJ,"555 41599",41604,""
FIX50SP2,AJ,"555",41607,""
FIX50SP2,AJ,"555",41616,""
FIX50SP2,AJ,"555 41616",41614,""
FIX50SP2,AJ,"555 41616",41625,""
FIX50SP2,AJ,"555 41616 41625",41633,""
FIX50SP2,AJ,"555 41616",41635,""
FIX50SP2,AJ,"555",42388,""
FIX50SP2,AJ,"555",42581,""
FIX50SP2,AJ,"",711,""
FIX50SP2,AJ,"711",457,""
FIX50SP2,AJ,"711",887,""
FIX50SP2,AJ,"711",1058,""
FIX50SP2,AJ,"711 1058",1062,""
FIX50SP2,AJ,"711",1981,""
FIX50SP2,AJ,"711",2045,""
FIX50SP2,AJ,"711 2045",2053,""
FIX50SP2,AJ,"711 2045 2053",2056,""
FIX50SP2,AJ,"711 2045",41716,""
FIX50SP2,AJ,"711 2045 41716",41724,""
FIX50SP2,AJ,"711 2045",41729,""
FIX50SP2,AJ,"711 2045 41729",41713,""
FIX50SP2,AJ,"711 2045 41729",41726,""
FIX50SP2,AJ,"711 2045 41729",41750,""
FIX50SP2,AJ,"711 2045",41732,""
FIX50SP2,AJ,"711 2045",41737,""
FIX50SP2,AJ,"711 2045",41748,""
FIX50SP2,AJ,"711",2080,""
FIX50SP2,AJ,"711",2312,""
FIX50SP2,AJ,"711",40540,""
FIX50SP2,AJ,"711 40540",40656,""
FIX50SP2,AJ,"711 40540",40659,""
FIX50SP2,AJ,"711 40540",40664,""
FIX50SP2,AJ,"711 40540 40664",40704,""
FIX50SP2,AJ,"711 40540 40664",40966,""
FIX50SP2,AJ,"711 40540 40664",40967,""
FIX50SP2,AJ,"711 40540 40664",41878,""
FIX50SP2,AJ,"711 40540",40708,""
FIX50SP2,AJ,"711 40540 40708",42991,""
FIX50SP2,AJ,"711 40540 40708",43000,""
FIX50SP2,AJ,"711 40540",40968,""
FIX50SP2,AJ,"711 40540",40969,""
FIX50SP2,AJ,"711 40540",40970,""
FIX50SP2,AJ,"711 40540",40971,""
FIX50SP2,AJ,"711 40540",40972,""
FIX50SP2,AJ,"711 40540",40973,""
FIX50SP2,AJ,"711 40540",40974,""
FIX50SP2,AJ,"711 40540",40975,""
FIX50SP2,AJ,"711 40540",40976,""
FIX50SP2,AJ,"711 40540",41756,""
FIX50SP2,AJ,"711 40540 41756",41770,""
FIX50SP2,AJ,"711 40540 41756 41770",41773,""
FIX50SP2,AJ,"711 40540",41800,""
FIX50SP2,AJ,"711 40540",41804,""
FIX50SP2,AJ,"711 40540",41808,""
FIX50SP2,AJ,"711 40540",41909,""
FIX50SP2,AJ,"711 40540",41937,""
FIX50SP2,AJ,"711 40540",41941,""
FIX50SP2,AJ,"711 40540",41944,""
FIX50SP2,AJ,"711 40540",41954,""
FIX50SP2,AJ,"711 40540",41962,""
FIX50SP2,AJ,"711 40540",41990,""
FIX50SP2,AJ,"711 40540",41993,""
FIX50SP2,AJ,"711 40540",42002,""
FIX50SP2,AJ,"711 40540 42002",41996,""
FIX50SP2,AJ,"711 40540 42002 41996",41999,""
FIX50SP2,AJ,"711 40540",42799,""
FIX50SP2,AJ,"711 40540",42853,""
FIX50SP2,AJ,"711 40540",42862,""
FIX50SP2,AJ,"711 40540 42862",42882,""
FIX50SP2,AJ,"711 40540",42901,""
FIX50SP2,AJ,"711 40540",42915,""
FIX50SP2,AJ,"711 40540",42955,""
FIX50SP2,AJ,"711 40540",42981,""
FIX50SP2,AJ,"711 40540",43034,""
FIX50SP2,AJ,"711 40540 43034",43008,""
FIX50SP2,AJ,"711 40540 43034 43008",43069,""
FIX50SP2,AJ,"711 40540 43034 43008",43071,""
FIX50SP2,AJ,"711 40540 43034",43030,""
FIX50SP2,AJ,"711 40540 43034",43060,""
FIX50SP2,AJ,"711 40540 43034",43064,""
FIX50SP2,AJ,"711",40962,""
FIX50SP2,AJ,"711",41820,""
FIX50SP2,AJ,"711",41841,""
FIX50SP2,AJ,"711",41844,""
FIX50SP2,AJ,"711",41856,""
FIX50SP2,AJ,"711",41864,""
FIX50SP2,AJ,"711",41866,""
FIX50SP2,AJ,"711",41868,""
FIX50SP2,AJ,"711",41947,""
FIX50SP2,AJ,"711",42036,""
FIX50SP2,AJ,"711 42036",41340,""
FIX50SP2,AJ,"711",42041,""
FIX50SP2,AJ,"711 42041",42039,""
FIX50SP2,AJ,"711 42041",42788,""
FIX50SP2,AJ,"711",42060,""
FIX50SP2,AJ,"711 42060",42065,""
FIX50SP2,AJ,"711",42068,""
FIX50SP2,AJ,"711 42068",42077,""
FIX50SP2,AJ,"711 42068 42077",42085,""
FIX50SP2,AJ,"711 42068",42087,""
FIX50SP2,AJ,"711 42068",42090,""
FIX50SP2,AJ,"711",42149,""
FIX50SP2,AJ,"711 42149",42099,""
FIX50SP2,AJ,"711 42149",42112,""
FIX50SP2,AJ,"711 42149",42173,""
FIX50SP2,AJ,"711 42149 42173",42177,""
FIX50SP2,AJ,"711 42149",42180,""
FIX50SP2,AJ,"711 42149",42182,""
FIX50SP2,AJ,"711 42149",42184,""
FIX50SP2,AJ,"711 42149",42186,""
FIX50SP2,AJ,"711 42149",42188,""
FIX50SP2,AJ,"711 42149",42190,""
FIX50SP2,AJ,"711",42855,""
FIX50SP2,AJ,"711",42884,""
FIX50SP2,AJ,"711",43005,""
FIX50SP2,AJ,"711",43074,""
FIX50SP2,AJ,"",735,""
FIX50SP2,AJ,"",864,""
FIX50SP2,AJ,"",1018,""
FIX50SP2,AJ,"1018",1052,""
FIX50SP2,AJ,"",1483,""
FIX50SP2,AJ,"1483",1491,""
FIX50SP2,AJ,"1483 1491",1494,""
FIX50SP2,AJ,"1483",40997,""
FIX50SP2,AJ,"1483 40997",41005,""
FIX50SP2,AJ,"1483",41010,""
FIX50SP2,AJ,"1483 41010",40994,""
FIX50SP2,AJ,"1483 41010",41007,""
FIX50SP2,AJ,"1483 41010",41031,""
FIX50SP2,AJ,"1483",41013,""
FIX50SP2,AJ,"1483",41018,""
FIX50SP2,AJ,"1483",41029,""
FIX50SP2,AJ,"",1976,""
FIX50SP2,AJ,"",2304,""
FIX50SP2,AJ,"",2709,""
FIX50SP2,AJ,"",40019,""
FIX50SP2,AJ,"40019",40000,""
FIX50SP2,AJ,"",40022,""
FIX50SP2,AJ,"40022",40277,""
FIX50SP2,AJ,"40022",42214,""
FIX50SP2,AJ,"",40040,""
FIX50SP2,AJ,"",40042,""
FIX50SP2,AJ,"",40046,""
FIX50SP2,AJ,"",40049,""
FIX50SP2,AJ,"40049",40085,""
FIX50SP2,AJ,"40049",40825,""
FIX50SP2,AJ,"40049",40828,""
FIX50SP2,AJ,"40049 40828",40868,""
FIX50SP2,AJ,"40049 40828",40945,""
FIX50SP2,AJ,"40049 40828",40977,""
FIX50SP2,AJ,"40049 40828",41161,""
FIX50SP2,AJ,"40049",40872,""
FIX50SP2,AJ,"40049 40872",42696,""
FIX50SP2,AJ,"40049 40872",42705,""
FIX50SP2,AJ,"40049",40946,""
FIX50SP2,AJ,"40049",40947,""
FIX50SP2,AJ,"40049",40948,""
FIX50SP2,AJ,"40049",40949,""
FIX50SP2,AJ,"40049",40950,""
FIX50SP2,AJ,"40049",40958,""
FIX50SP2,AJ,"40049",40959,""
FIX50SP2,AJ,"40049",40960,""
FIX50SP2,AJ,"40049",40961,""
FIX50SP2,AJ,"40049",41037,""
FIX50SP2,AJ,"40049 41037",41051,""
FIX50SP2,AJ,"40049 41037 41051",41054,""
FIX50SP2,AJ,"40049",41081,""
FIX50SP2,AJ,"40049",41085,""
FIX50SP2,AJ,"40049",41192,""
FIX50SP2,AJ,"40049",41220,""
FIX50SP2,AJ,"40049",41224,""
FIX50SP2,AJ,"40049",41227,""
FIX50SP2,AJ,"40049",41237,""
FIX50SP2,AJ,"40049",41241,""
FIX50SP2,AJ,"40049",41249,""
FIX50SP2,AJ,"40049",41277,""
FIX50SP2,AJ,"40049",41280,""
FIX50SP2,AJ,"40049",41289,""
FIX50SP2,AJ,"40049 41289",41283,""
FIX50SP2,AJ,"40049 41289 41283",41286,""
FIX50SP2,AJ,"40049",42236,""
FIX50SP2,AJ,"40049",42272,""
FIX50SP2,AJ,"40049",42274,""
FIX50SP2,AJ,"40049 42274",42294,""
FIX50SP2,AJ,"40049",42606,""
FIX50SP2,AJ,"40049",42620,""
FIX50SP2,AJ,"40049",42660,""
FIX50SP2,AJ,"40049",42683,""
FIX50SP2,AJ,"40049",42735,""
FIX50SP2,AJ,"40049 42735",42709,""
FIX50SP2,AJ,"40049 42735 42709",42770,""
FIX50SP2,AJ,"40049 42735 42709",42772,""
FIX50SP2,AJ,"40049 42735",42731,""
FIX50SP2,AJ,"40049 42735",42761,""
FIX50SP2,AJ,"40049 42735",42765,""
FIX50SP2,AJ,"",40090,""
FIX50SP2,AJ,"40090",40142,""
FIX50SP2,AJ,"40090",40171,""
FIX50SP2,AJ,"40090",40174,""
FIX50SP2,AJ,"40090 40174",40178,""
FIX50SP2,AJ,"40090",40952,""
FIX50SP2,AJ,"40090",40953,""
FIX50SP2,AJ,"40090",40954,""
FIX50SP2,AJ,"40090",40955,""
FIX50SP2,AJ,"40090",40956,""
FIX50SP2,AJ,"40090",40957,""
FIX50SP2,AJ,"",40181,""
FIX50SP2,AJ,"40181",40191,""
FIX50SP2,AJ,"40181 40191",40199,""
FIX50SP2,AJ,"40181",40201,""
FIX50SP2,AJ,"40181",40951,""
FIX50SP2,AJ,"",40204,""
FIX50SP2,AJ,"40204",40209,""
FIX50SP2,AJ,"",40278,""
FIX50SP2,AJ,"",41092,""
FIX50SP2,AJ,"",41094,""
FIX50SP2,AJ,"",41096,""
FIX50SP2,AJ,"",41116,""
FIX50SP2,AJ,"",41137,""
FIX50SP2,AJ,"",41140,""
FIX50SP2,AJ,"",41152,""
FIX50SP2,AJ,"",41230,""
FIX50SP2,AJ,"",42296,""
FIX50SP2,AJ,"",42775,""
FIX50SP2,AK,"",73,""
FIX50SP2,AK,"73",756,""
FIX50SP2,AK,"73 756",806,""
FIX50SP2,AK,"",85,""
FIX50SP2,AK,"85",781,""
FIX50SP2,AK,"85 781",801,""
FIX50SP2,AK,"",124,""
FIX50SP2,AK,"124",1838,""
FIX50SP2,AK,"124",2668,""
FIX50SP2,AK,"",136,""
FIX50SP2,AK,"136",2633,""
FIX50SP2,AK,"",232,""
FIX50SP2,AK,"",453,""
FIX50SP2,AK,"453",802,""
FIX50SP2,AK,"",454,""
FIX50SP2,AK,"",555,""
FIX50SP2,AK,"555",604,""
FIX50SP2,AK,"555",2059,""
FIX50SP2,AK,"555",2076,""
FIX50SP2,AK,"555",2218,""
FIX50SP2,AK,"555 2218",2250,""
FIX50SP2,AK,"555 2218 2250",2253,""
FIX50SP2,AK,"555 2218",41366,""
FIX50SP2,AK,"555 2218 41366",41374,""
FIX50SP2,AK,"555 2218",41379,""
FIX50SP2,AK,"555 2218 41379",41363,""
FIX50SP2,AK,"555 2218 41379",41376,""
FIX50SP2,AK,"555 2218 41379",41400,""
FIX50SP2,AK,"555 2218",41382,""
FIX50SP2,AK,"555 2218",41387,""
FIX50SP2,AK,"555 2218",41398,""
FIX50SP2,AK,"555",2254,""
FIX50SP2,AK,"555 2254",2258,""
FIX50SP2,AK,"555",2308,""
FIX50SP2,AK,"555",40241,""
FIX50SP2,AK,"555 40241",40367,""
FIX50SP2,AK,"555 40241",40374,""
FIX50SP2,AK,"555 40241 40374",40414,""
FIX50SP2,AK,"555 40241 40374",40927,""
FIX50SP2,AK,"555 40241 40374",40928,""
FIX50SP2,AK,"555 40241 40374",41530,""
FIX50SP2,AK,"555 40241",40418,""
FIX50SP2,AK,"555 40241 40418",42495,""
FIX50SP2,AK,"555 40241 40418",42504,""
FIX50SP2,AK,"555 40241",40902,""
FIX50SP2,AK,"555 40241",40929,""
FIX50SP2,AK,"555 40241",40930,""
FIX50SP2,AK,"555 40241",40931,""
FIX50SP2,AK,"555 40241",40932,""
FIX50SP2,AK,"555 40241",40933,""
FIX50SP2,AK,"555 40241",40940,""
FIX50SP2,AK,"555 40241",40941,""
FIX50SP2,AK,"555 40241",40942,""
FIX50SP2,AK,"555 40241",40943,""
FIX50SP2,AK,"555 40241",41408,""
FIX50SP2,AK,"555 40241 41408",41422,""
FIX50SP2,AK,"555 40241 41408 41422",41425,""
FIX50SP2,AK,"555 40241",41452,""
FIX50SP2,AK,"555 40241",41456,""
FIX50SP2,AK,"555 40241",41460,""
FIX50SP2,AK,"555 40241",41561,""
FIX50SP2,AK,"555 40241",41589,""
FIX50SP2,AK,"555 40241",41593,""
FIX50SP2,AK,"555 40241",41596,""
FIX50SP2,AK,"555 40241",41638,""
FIX50SP2,AK,"555 40241",41646,""
FIX50SP2,AK,"555 40241",41674,""
FIX50SP2,AK,"555 40241",41677,""
FIX50SP2,AK,"555 40241",41686,""
FIX50SP2,AK,"555 40241 41686",41680,""
FIX50SP2,AK,"555 40241 41686 41680",41683,""
FIX50SP2,AK,"555 40241",42310,""
FIX50SP2,AK,"555 40241",42364,""
FIX50SP2,AK,"555 40241",42366,""
FIX50SP2,AK,"555 40241 42366",42386,""
FIX50SP2,AK,"555 40241",42405,""
FIX50SP2,AK,"555 40241",42419,""
FIX50SP2,AK,"555 40241",42459,""
FIX50SP2,AK,"555 40241",42485,""
FIX50SP2,AK,"555 40241",42534,""
FIX50SP2,AK,"555 40241 42534",42508,""
FIX50SP2,AK,"555 40241 42534 42508",42569,""
FIX50SP2,AK,"555 40241 42534 42508",42571,""
FIX50SP2,AK,"555 40241 42534",42530,""
FIX50SP2,AK,"555 40241 42534",42560,""
FIX50SP2,AK,"555 40241 42534",42564,""
FIX50SP2,AK,"555",40448,""
FIX50SP2,AK,"555 40448",40473,""
FIX50SP2,AK,"555 40448",40495,""
FIX50SP2,AK,"555 40448",40533,""
FIX50SP2,AK,"555 40448 40533",40537,""
FIX50SP2,AK,"555 40448",40934,""
FIX50SP2,AK,"555 40448",40935,""
FIX50SP2,AK,"555 40448",40936,""
FIX50SP2,AK,"555 40448",40937,""
FIX50SP2,AK,"555 40448",40938,""
FIX50SP2,AK,"555 40448",40939,""
FIX50SP2,AK,"555",40923,""
FIX50SP2,AK,"555",41335,""
FIX50SP2,AK,"555 41335",41316,""
FIX50SP2,AK,"555",41344,""
FIX50SP2,AK,"555 41344",41342,""
FIX50SP2,AK,"555 41344",42306,""
FIX50SP2,AK,"555",41467,""
FIX50SP2,AK,"555",41469,""
FIX50SP2,AK,"555",41471,""
FIX50SP2,AK,"555",41491,""
FIX50SP2,AK,"555",41512,""
FIX50SP2,AK,"555",41515,""
FIX50SP2,AK,"555",41527,""
FIX50SP2,AK,"555",41599,""
FIX50SP2,AK,"555 41599",41604,""
FIX50SP2,AK,"555",41607,""
FIX50SP2,AK,"555",41616,""
FIX50SP2,AK,"555 41616",41614,""
FIX50SP2,AK,"555 41616",41625,""
FIX50SP2,AK,"555 41616 41625",41633,""
FIX50SP2,AK,"555 41616",41635,""
FIX50SP2,AK,"555",42198,""
FIX50SP2,AK,"555",42200,""
FIX50SP2,AK,"555",42203,""
FIX50SP2,AK,"555",42388,""
FIX50SP2,AK,"555",42581,""
FIX50SP2,AK,"",711,""
FIX50SP2,AK,"711",457,""
FIX50SP2,AK,"711",887,""
FIX50SP2,AK,"711",1058,""
FIX50SP2,AK,"711 1058",1062,""
FIX50SP2,AK,"711",1981,""
FIX50SP2,AK,"711",2045,""
FIX50SP2,AK,"711 2045",2053,""
FIX50SP2,AK,"711 2045 2053",2056,""
FIX50SP2,AK,"711 2045",41716,""
FIX50SP2,AK,"711 2045 41716",41724,""
FIX50SP2,AK,"711 2045",41729,""
FIX50SP2,AK,"711 2045 41729",41713,""
FIX50SP2,AK,"711 2045 41729",41726,""
FIX50SP2,AK,"711 2045 41729",41750,""
FIX50SP2,AK,"711 2045",41732,""
FIX50SP2,AK,"711 2045",41737,""
FIX50SP2,AK,"711 2045",41748,""
FIX50SP2,AK,"711",2080,""
FIX50SP2,AK,"711",2312,""
FIX50SP2,AK,"711",40540,""
FIX50SP2,AK,"711 40540",40656,""
FIX50SP2,AK,"711 40540",40659,""
FIX50SP2,AK,"711 40540",40664,""
FIX50SP2,AK,"711 40540 40664",40704,""
FIX50SP2,AK,"711 40540 40664",40966,""
FIX50SP2,AK,"711 40540 40664",40967,""
FIX50SP2,AK,"711 40540 40664",41878,""
FIX50SP2,AK,"711 40540",40708,""
FIX50SP2,AK,"711 40540 40708",42991,""
FIX50SP2,AK,"711 40540 40708",43000,""
FIX50SP2,AK,"711 40540",40968,""
FIX50SP2,AK,"711 40540",40969,""
FIX50SP2,AK,"711 40540",40970,""
FIX50SP2,AK,"711 40540",40971,""
FIX50SP2,AK,"711 40540",40972,""
FIX50SP2,AK,"711 40540",40973,""
FIX50SP2,AK,"711 40540",40974,""
FIX50SP2,AK,"711 40540",40975,""
FIX50SP2,AK,"711 40540",40976,""
FIX50SP2,AK,"711 40540",41756,""
FIX50SP2,AK,"711 40540 41756",41770,""
FIX50SP2,AK,"711 40540 41756 41770",41773,""
FIX50SP2,AK,"711 40540",41800,""
FIX50SP2,AK,"711 40540",41804,""
FIX50SP2,AK,"711 40540",41808,""
FIX50SP2,AK,"711 40540",41909,""
FIX50SP2,AK,"711 40540",41937,""
FIX50SP2,AK,"711 40540",41941,""
FIX50SP2,AK,"711 40540",41944,""
FIX50SP2,AK,"711 40540",41954,""
FIX50SP2,AK,"711 40540",41962,""
FIX50SP2,AK,"711 40540",41990,""
FIX50SP2,AK,"711 40540",41993,""
FIX50SP2,AK,"711 40540",42002,""
FIX50SP2,AK,"711 40540 42002",41996,""
FIX50SP2,AK,"711 40540 42002 41996",41999,""
FIX50SP2,AK,"711 40540",42799,""
FIX50SP2,AK,"711 40540",42853,""
FIX50SP2,AK,"711 40540",42862,""
FIX50SP2,AK,"711 40540 42862",42882,""
FIX50SP2,AK,"711 40540",42901,""
FIX50SP2,AK,"711 40540",42915,""
FIX50SP2,AK,"711 40540",42955,""
FIX50SP2,AK,"711 40540",42981,""
FIX50SP2,AK,"711 40540",43034,""
FIX50SP2,AK,"711 40540 43034",43008,""
FIX50SP2,AK,"711 40540 43034 43008",43069,""
FIX50SP2,AK,"711 40540 43034 43008",43071,""
FIX50SP2,AK,"711 40540 43034",43030,""
FIX50SP2,AK,"711 40540 43034",43060,""
FIX50SP2,AK,"711 40540 43034",43064,""
FIX50SP2,AK,"711",40962,""
FIX50SP2,AK,"711",41820,""
FIX50SP2,AK,"711",41841,""
FIX50SP2,AK,"711",41844,""
FIX50SP2,AK,"711",41856,""
FIX50SP2,AK,"711",41864,""
FIX50SP2,AK,"711",41866,""
FIX50SP2,AK,"711",41868,""
FIX50SP2,AK,"711",41947,""
FIX50SP2,AK,"711",42036,""
FIX50SP2,AK,"711 42036",41340,""
FIX50SP2,AK,"711",42041,""
FIX50SP2,AK,"711 42041",42039,""
FIX50SP2,AK,"711 42041",42788,""
FIX50SP2,AK,"711",42060,""
FIX50SP2,AK,"711 42060",42065,""
FIX50SP2,AK,"711",42068,""
FIX50SP2,AK,"711 42068",42077,""
FIX50SP2,AK,"711 42068 42077",42085,""
FIX50SP2,AK,"711 42068",42087,""
FIX50SP2,AK,"711 42068",42090,""
FIX50SP2,AK,"711",42149,""
FIX50SP2,AK,"711 42149",42099,""
FIX50SP2,AK,"711 42149",42112,""
FIX50SP2,AK,"711 42149",42173,""
FIX50SP2,AK,"711 42149 42173",42177,""
FIX50SP2,AK,"711 42149",42180,""
FIX50SP2,AK,"711 42149",42182,""
FIX50SP2,AK,"711 42149",42184,""
FIX50SP2,AK,"711 42149",42186,""
FIX50SP2,AK,"711 42149",42188,""
FIX50SP2,AK,"711 42149",42190,""
FIX50SP2,AK,"711",42855,""
FIX50SP2,AK,"711",42884,""
FIX50SP2,AK,"711",43005,""
FIX50SP2,AK,"711",43074,""
FIX50SP2,AK,"",768,""
FIX50SP2,AK,"",862,""
FIX50SP2,AK,"",864,""
FIX50SP2,AK,"",870,""
FIX50SP2,AK,"",1018,""
FIX50SP2,AK,"1018",1052,""
FIX50SP2,AK,"",1483,""
FIX50SP2,AK,"1483",1491,""
FIX50SP2,AK,"1483 1491",1494,""
FIX50SP2,AK,"1483",40997,""
FIX50SP2,AK,"1483 40997",41005,""
FIX50SP2,AK,"1483",41010,""
FIX50SP2,AK,"1483 41010",40994,""
FIX50SP2,AK,"1483 41010",41007,""
FIX50SP2,AK,"1483 41010",41031,""
FIX50SP2,AK,"1483",41013,""
FIX50SP2,AK,"1483",41018,""
FIX50SP2,AK,"1483",41029,""
FIX50SP2,AK,"",1907,""
FIX50SP2,AK,"",1976,""
FIX50SP2,AK,"",2304,""
FIX50SP2,AK,"",2639,""
FIX50SP2,AK,"",2709,""
FIX50SP2,AK,"",2734,""
FIX50SP2,AK,"",2746,""
FIX50SP2,AK,"",2772,""
FIX50SP2,AK,"",2781,""
FIX50SP2,AK,"",40019,""
FIX50SP2,AK,"40019",40000,""
FIX50SP2,AK,"",40022,""
FIX50SP2,AK,"40022",40277,""
FIX50SP2,AK,"40022",42214,""
FIX50SP2,AK,"",40040,""
FIX50SP2,AK,"",40042,""
FIX50SP2,AK,"",40046,""
FIX50SP2,AK,"",40049,""
FIX50SP2,AK,"40049",40085,""
FIX50SP2,AK,"40049",40825,""
FIX50SP2,AK,"40049",40828,""
FIX50SP2,AK,"40049 40828",40868,""
FIX50SP2,AK,"40049 40828",40945,""
FIX50SP2,AK,"40049 40828",40977,""
FIX50SP2,AK,"40049 40828",41161,""
FIX50SP2,AK,"40049",40872,""
FIX50SP2,AK,"40049 40872",42696,""
FIX50SP2,AK,"40049 40872",42705,""
FIX50SP2,AK,"40049",40946,""
FIX50SP2,AK,"40049",40947,""
FIX50SP2,AK,"40049",40948,""
FIX50SP2,AK,"40049",40949,""
FIX50SP2,AK,"40049",40950,""
FIX50SP2,AK,"40049",40958,""
FIX50SP2,AK,"40049",40959,""
FIX50SP2,AK,"40049",40960,""
FIX50SP2,AK,"40049",40961,""
FIX50SP2,AK,"40049",41037,""
FIX50SP2,AK,"40049 41037",41051,""
FIX50SP2,AK,"40049 41037 41051",41054,""
FIX50SP2,AK,"40049",41081,""
FIX50SP2,AK,"40049",41085,""
FIX50SP2,AK,"40049",41192,""
FIX50SP2,AK,"40049",41220,""
FIX50SP2,AK,"40049",41224,""
FIX50SP2,AK,"40049",41227,""
FIX50SP2,AK,"40049",41237,""
FIX50SP2,AK,"40049",41241,""
FIX50SP2,AK,"40049",41249,""
FIX50SP2,AK,"40049",41277,""
FIX50SP2,AK,"40049",41280,""
FIX50SP2,AK,"40049",41289,""
FIX50SP2,AK,"40049 41289",41283,""
FIX50SP2,AK,"40049 41289 41283",41286,""
FIX50SP2,AK,"40049",42236,""
FIX50SP2,AK,"40049",42272,""
FIX50SP2,AK,"40049",42274,""
FIX50SP2,AK,"40049 42274",42294,""
FIX50SP2,AK,"40049",42606,""
FIX50SP2,AK,"40049",42620,""
FIX50SP2,AK,"40049",42660,""
FIX50SP2,AK,"40049",42683,""
FIX50SP2,AK,"40049",42735,""
FIX50SP2,AK,"40049 42735",42709,""
FIX50SP2,AK,"40049 42735 42709",42770,""
FIX50SP2,AK,"40049 42735 42709",42772,""
FIX50SP2,AK,"40049 42735",42731,""
FIX50SP2,AK,"40049 42735",42761,""
FIX50SP2,AK,"40049 42735",42765,""
FIX50SP2,AK,"",40090,""
FIX50SP2,AK,"40090",40142,""
FIX50SP2,AK,"40090",40171,""
FIX50SP2,AK,"40090",40174,""
FIX50SP2,AK,"40090 40174",40178,""
FIX50SP2,AK,"40090",40952,""
FIX50SP2,AK,"40090",40953,""
FIX50SP2,AK,"40090",40954,""
FIX50SP2,AK,"40090",40955,""
FIX50SP2,AK,"40090",40956,""
FIX50SP2,AK,"40090",40957,""
FIX50SP2,AK,"",40181,""
FIX50SP2,AK,"40181",40191,""
FIX50SP2,AK,"40181 40191",40199,""
FIX50SP2,AK,"40181",40201,""
FIX50SP2,AK,"40181",40951,""
FIX50SP2,AK,"",40204,""
FIX50SP2,AK,"40204",40209,""
FIX50SP2,AK,"",40278,""
FIX50SP2,AK,"",41092,""
FIX50SP2,AK,"",41094,""
FIX50SP2,AK,"",41096,""
FIX50SP2,AK,"",41116,""
FIX50SP2,AK,"",41137,""
FIX50SP2,AK,"",41140,""
FIX50SP2,AK,"",41152,""
FIX50SP2,AK,"",41230,""
FIX50SP2,AK,"",42296,""
FIX50SP2,AK,"",42775,""
FIX50SP2,AL,"",386,""
FIX50SP2,AL,"",453,""
FIX50SP2,AL,"453",802,""
FIX50SP2,AL,"",454,""
FIX50SP2,AL,"",555,""
FIX50SP2,AL,"555",604,""
FIX50SP2,AL,"555",2059,""
FIX50SP2,AL,"555",2076,""
FIX50SP2,AL,"555",2218,""
FIX50SP2,AL,"555 2218",2250,""
FIX50SP2,AL,"555 2218 2250",2253,""
FIX50SP2,AL,"555 2218",41366,""
FIX50SP2,AL,"555 2218 41366",41374,""
FIX50SP2,AL,"555 2218",41379,""
FIX50SP2,AL,"555 2218 41379",41363,""
FIX50SP2,AL,"555 2218 41379",41376,""
FIX50SP2,AL,"555 2218 41379",41400,""
FIX50SP2,AL,"555 2218",41382,""
FIX50SP2,AL,"555 2218",41387,""
FIX50SP2,AL,"555 2218",41398,""
FIX50SP2,AL,"555",2254,""
FIX50SP2,AL,"555 2254",2258,""
FIX50SP2,AL,"555",2308,""
FIX50SP2,AL,"555",40241,""
FIX50SP2,AL,"555 40241",40367,""
FIX50SP2,AL,"555 40241",40374,""
FIX50SP2,AL,"555 40241 40374",40414,""
FIX50SP2,AL,"555 40241 40374",40927,""
FIX50SP2,AL,"555 40241 40374",40928,""
FIX50SP2,AL,"555 40241 40374",41530,""
FIX50SP2,AL,"555 40241",40418,""
FIX50SP2,AL,"555 40241 40418",42495,""
FIX50SP2,AL,"555 40241 40418",42504,""
FIX50SP2,AL,"555 40241",40902,""
FIX50SP2,AL,"555 40241",40929,""
FIX50SP2,AL,"555 40241",40930,""
FIX50SP2,AL,"555 40241",40931,""
FIX50SP2,AL,"555 40241",40932,""
FIX50SP2,AL,"555 40241",40933,""
FIX50SP2,AL,"555 40241",40940,""
FIX50SP2,AL,"555 40241",40941,""
FIX50SP2,AL,"555 40241",40942,""
FIX50SP2,AL,"555 40241",40943,""
FIX50SP2,AL,"555 40241",41408,""
FIX50SP2,AL,"555 40241 41408",41422,""
FIX50SP2,AL,"555 40241 41408 41422",41425,""
FIX50SP2,AL,"555 40241",41452,""
FIX50SP2,AL,"555 40241",41456,""
FIX50SP2,AL,"555 40241",41460,""
FIX50SP2,AL,"555 40241",41561,""
FIX50SP2,AL,"555 40241",41589,""
FIX50SP2,AL,"555 40241",41593,""
FIX50SP2,AL,"555 40241",41596,""
FIX50SP2,AL,"555 40241",41638,""
FIX50SP2,AL,"555 40241",41646,""
FIX50SP2,AL,"555 40241",41674,""
FIX50SP2,AL,"555 40241",41677,""
FIX50SP2,AL,"555 40241",41686,""
FIX50SP2,AL,"555 40241 41686",41680,""
FIX50SP2,AL,"555 40241 41686 41680",41683,""
FIX50SP2,AL,"555 40241",42310,""
FIX50SP2,AL,"555 40241",42364,""
FIX50SP2,AL,"555 40241",42366,""
FIX50SP2,AL,"555 40241 42366",42386,""
FIX50SP2,AL,"555 40241",42405,""
FIX50SP2,AL,"555 40241",42419,""
FIX50SP2,AL,"555 40241",42459,""
FIX50SP2,AL,"555 40241",42485,""
FIX50SP2,AL,"555 40241",42534,""
FIX50SP2,AL,"555 40241 42534",42508,""
FIX50SP2,AL,"555 40241 42534 42508",42569,""
FIX50SP2,AL,"555 40241 42534 42508",42571,""
FIX50SP2,AL,"555 40241 42534",42530,""
FIX50SP2,AL,"555 40241 42534",42560,""
FIX50SP2,AL,"555 40241 42534",42564,""
FIX50SP2,AL,"555",40448,""
FIX50SP2,AL,"555 40448",40473,""
FIX50SP2,AL,"555 40448",40495,""
FIX50SP2,AL,"555 40448",40533,""
FIX50SP2,AL,"555 40448 40533",40537,""
FIX50SP2,AL,"555 40448",40934,""
FIX50SP2,AL,"555 40448",40935,""
FIX50SP2,AL,"555 40448",40936,""
FIX50SP2,AL,"555 40448",40937,""
FIX50SP2,AL,"555 40448",40938,""
FIX50SP2,AL,"555 40448",40939,""
FIX50SP2,AL,"555",40923,""
FIX50SP2,AL,"555",41335,""
FIX50SP2,AL,"555 41335",41316,""
FIX50SP2,AL,"555",41344,""
FIX50SP2,AL,"555 41344",41342,""
FIX50SP2,AL,"555 41344",42306,""
FIX50SP2,AL,"555",41467,""
FIX50SP2,AL,"555",41469,""
FIX50SP2,AL,"555",41471,""
FIX50SP2,AL,"555",41491,""
FIX50SP2,AL,"555",41512,""
FIX50SP2,AL,"555",41515,""
FIX50SP2,AL,"555",41527,""
FIX50SP2,AL,"555",41599,""
FIX50SP2,AL,"555 41599",41604,""
FIX50SP2,AL,"555",41607,""
FIX50SP2,AL,"555",41616,""
FIX50SP2,AL,"555 41616",41614,""
FIX50SP2,AL,"555 41616",41625,""
FIX50SP2,AL,"555 41616 41625",41633,""
FIX50SP2,AL,"555 41616",41635,""
FIX50SP2,AL,"555",42198,""
FIX50SP2,AL,"555",42200,""
FIX50SP2,AL,"555",42203,""
FIX50SP2,AL,"555",42388,""
FIX50SP2,AL,"555",42581,""
FIX50SP2,AL,"",702,""
FIX50SP2,AL,"702",539,""
FIX50SP2,AL,"702 539",804,""
FIX50SP2,AL,"",711,""
FIX50SP2,AL,"711",457,""
FIX50SP2,AL,"711",887,""
FIX50SP2,AL,"711",1058,""
FIX50SP2,AL,"711 1058",1062,""
FIX50SP2,AL,"711",1981,""
FIX50SP2,AL,"711",2045,""
FIX50SP2,AL,"711 2045",2053,""
FIX50SP2,AL,"711 2045 2053",2056,""
FIX50SP2,AL,"711 2045",41716,""
FIX50SP2,AL,"711 2045 41716",41724,""
FIX50SP2,AL,"711 2045",41729,""
FIX50SP2,AL,"711 2045 41729",41713,""
FIX50SP2,AL,"711 2045 41729",41726,""
FIX50SP2,AL,"711 2045 41729",41750,""
FIX50SP2,AL,"711 2045",41732,""
FIX50SP2,AL,"711 2045",41737,""
FIX50SP2,AL,"711 2045",41748,""
FIX50SP2,AL,"711",2080,""
FIX50SP2,AL,"711",2312,""
FIX50SP2,AL,"711",40540,""
FIX50SP2,AL,"711 40540",40656,""
FIX50SP2,AL,"711 40540",40659,""
FIX50SP2,AL,"711 40540",40664,""
FIX50SP2,AL,"711 40540 40664",40704,""
FIX50SP2,AL,"711 40540 40664",40966,""
FIX50SP2,AL,"711 40540 40664",40967,""
FIX50SP2,AL,"711 40540 40664",41878,""
FIX50SP2,AL,"711 40540",40708,""
FIX50SP2,AL,"711 40540 40708",42991,""
FIX50SP2,AL,"711 40540 40708",43000,""
FIX50SP2,AL,"711 40540",40968,""
FIX50SP2,AL,"711 40540",40969,""
FIX50SP2,AL,"711 40540",40970,""
FIX50SP2,AL,"711 40540",40971,""
FIX50SP2,AL,"711 40540",40972,""
FIX50SP2,AL,"711 40540",40973,""
FIX50SP2,AL,"711 40540",40974,""
FIX50SP2,AL,"711 40540",40975,""
FIX50SP2,AL,"711 40540",40976,""
FIX50SP2,AL,"711 40540",41756,""
FIX50SP2,AL,"711 40540 41756",41770,""
FIX50SP2,AL,"711 40540 41756 41770",41773,""
FIX50SP2,AL,"711 40540",41800,""
FIX50SP2,AL,"711 40540",41804,""
FIX50SP2,AL,"711 40540",41808,""
FIX50SP2,AL,"711 40540",41909,""
FIX50SP2,AL,"711 40540",41937,""
FIX50SP2,AL,"711 40540",41941,""
FIX50SP2,AL,"711 40540",41944,""
FIX50SP2,AL,"711 40540",41954,""
FIX50SP2,AL,"711 40540",41962,""
FIX50SP2,AL,"711 40540",41990,""
FIX50SP2,AL,"711 40540",41993,""
FIX50SP2,AL,"711 40540",42002,""
FIX50SP2,AL,"711 40540 42002",41996,""
FIX50SP2,AL,"711 40540 42002 41996",41999,""
FIX50SP2,AL,"711 40540",42799,""
FIX50SP2,AL,"711 40540",42853,""
FIX50SP2,AL,"711 40540",42862,""
FIX50SP2,AL,"711 40540 42862",42882,""
FIX50SP2,AL,"711 40540",42901,""
FIX50SP2,AL,"711 40540",42915,""
FIX50SP2,AL,"711 40540",42955,""
FIX50SP2,AL,"711 40540",42981,""
FIX50SP2,AL,"711 40540",43034,""
FIX50SP2,AL,"711 40540 43034",43008,""
FIX50SP2,AL,"711 40540 43034 43008",43069,""
FIX50SP2,AL,"711 40540 43034 43008",43071,""
FIX50SP2,AL,"711 40540 43034",43030,""
FIX50SP2,AL,"711 40540 43034",43060,""
FIX50SP2,AL,"711 40540 43034",43064,""
FIX50SP2,AL,"711",40962,""
FIX50SP2,AL,"711",41820,""
FIX50SP2,AL,"711",41841,""
FIX50SP2,AL,"711",41844,""
FIX50SP2,AL,"711",41856,""
FIX50SP2,AL,"711",41864,""
FIX50SP2,AL,"711",41866,""
FIX50SP2,AL,"711",41868,""
FIX50SP2,AL,"711",41947,""
FIX50SP2,AL,"711",42036,""
FIX50SP2,AL,"711 42036",41340,""
FIX50SP2,AL,"711",42041,""
FIX50SP2,AL,"711 42041",42039,""
FIX50SP2,AL,"711 42041",42788,""
FIX50SP2,AL,"711",42060,""
FIX50SP2,AL,"711 42060",42065,""
FIX50SP2,AL,"711",42068,""
FIX50SP2,AL,"711 42068",42077,""
FIX50SP2,AL,"711 42068 42077",42085,""
FIX50SP2,AL,"711 42068",42087,""
FIX50SP2,AL,"711 42068",42090,""
FIX50SP2,AL,"711",42149,""
FIX50SP2,AL,"711 42149",42099,""
FIX50SP2,AL,"711 42149",42112,""
FIX50SP2,AL,"711 42149",42173,""
FIX50SP2,AL,"711 42149 42173",42177,""
FIX50SP2,AL,"711 42149",42180,""
FIX50SP2,AL,"711 42149",42182,""
FIX50SP2,AL,"711 42149",42184,""
FIX50SP2,AL,"711 42149",42186,""
FIX50SP2,AL,"711 42149",42188,""
FIX50SP2,AL,"711 42149",42190,""
FIX50SP2,AL,"711",42855,""
FIX50SP2,AL,"711",42884,""
FIX50SP2,AL,"711",43005,""
FIX50SP2,AL,"711",43074,""
FIX50SP2,AL,"",753,""
FIX50SP2,AL,"",864,""
FIX50SP2,AL,"",1018,""
FIX50SP2,AL,"1018",1052,""
FIX50SP2,AL,"",1483,""
FIX50SP2,AL,"1483",1491,""
FIX50SP2,AL,"1483 1491",1494,""
FIX50SP2,AL,"1483",40997,""
FIX50SP2,AL,"1483 40997",41005,""
FIX50SP2,AL,"1483",41010,""
FIX50SP2,AL,"1483 41010",40994,""
FIX50SP2,AL,"1483 41010",41007,""
FIX50SP2,AL,"1483 41010",41031,""
FIX50SP2,AL,"1483",41013,""
FIX50SP2,AL,"1483",41018,""
FIX50SP2,AL,"1483",41029,""
FIX50SP2,AL,"",1647,""
FIX50SP2,AL,"",1976,""
FIX50SP2,AL,"",2304,""
FIX50SP2,AL,"",40019,""
FIX50SP2,AL,"40019",40000,""
FIX50SP2,AL,"",40022,""
FIX50SP2,AL,"40022",40277,""
FIX50SP2,AL,"40022",42214,""
FIX50SP2,AL,"",40049,""
FIX50SP2,AL,"40049",40085,""
FIX50SP2,AL,"40049",40825,""
FIX50SP2,AL,"40049",40828,""
FIX50SP2,AL,"40049 40828",40868,""
FIX50SP2,AL,"40049 40828",40945,""
FIX50SP2,AL,"40049 40828",40977,""
FIX50SP2,AL,"40049 40828",41161,""
FIX50SP2,AL,"40049",40872,""
FIX50SP2,AL,"40049 40872",42696,""
FIX50SP2,AL,"40049 40872",42705,""
FIX50SP2,AL,"40049",40946,""
FIX50SP2,AL,"40049",40947,""
FIX50SP2,AL,"40049",40948,""
FIX50SP2,AL,"40049",40949,""
FIX50SP2,AL,"40049",40950,""
FIX50SP2,AL,"40049",40958,""
FIX50SP2,AL,"40049",40959,""
FIX50SP2,AL,"40049",40960,""
FIX50SP2,AL,"40049",40961,""
FIX50SP2,AL,"40049",41037,""
FIX50SP2,AL,"40049 41037",41051,""
FIX50SP2,AL,"40049 41037 41051",41054,""
FIX50SP2,AL,"40049",41081,""
FIX50SP2,AL,"40049",41085,""
FIX50SP2,AL,"40049",41192,""
FIX50SP2,AL,"40049",41220,""
FIX50SP2,AL,"40049",41224,""
FIX50SP2,AL,"40049",41227,""
FIX50SP2,AL,"40049",41237,""
FIX50SP2,AL,"40049",41241,""
FIX50SP2,AL,"40049",41249,""
FIX50SP2,AL,"40049",41277,""
FIX50SP2,AL,"40049",41280,""
FIX50SP2,AL,"40049",41289,""
FIX50SP2,AL,"40049 41289",41283,""
FIX50SP2,AL,"40049 41289 41283",41286,""
FIX50SP2,AL,"40049",42236,""
FIX50SP2,AL,"40049",42272,""
FIX50SP2,AL,"40049",42274,""
FIX50SP2,AL,"40049 42274",42294,""
FIX50SP2,AL,"40049",42606,""
FIX50SP2,AL,"40049",42620,""
FIX50SP2,AL,"40049",42660,""
FIX50SP2,AL,"40049",42683,""
FIX50SP2,AL,"40049",42735,""
FIX50SP2,AL,"40049 42735",42709,""
FIX50SP2,AL,"40049 42735 42709",42770,""
FIX50SP2,AL,"40049 42735 42709",42772,""
FIX50SP2,AL,"40049 42735",42731,""
FIX50SP2,AL,"40049 42735",42761,""
FIX50SP2,AL,"40049 42735",42765,""
FIX50SP2,AL,"",40090,""
FIX50SP2,AL,"40090",40142,""
FIX50SP2,AL,"40090",40171,""
FIX50SP2,AL,"40090",40174,""
FIX50SP2,AL,"40090 40174",40178,""
FIX50SP2,AL,"40090",40952,""
FIX50SP2,AL,"40090",40953,""
FIX50SP2,AL,"40090",40954,""
FIX50SP2,AL,"40090",40955,""
FIX50SP2,AL,"40090",40956,""
FIX50SP2,AL,"40090",40957,""
FIX50SP2,AL,"",40181,""
FIX50SP2,AL,"40181",40191,""
FIX50SP2,AL,"40181 40191",40199,""
FIX50SP2,AL,"40181",40201,""
FIX50SP2,AL,"40181",40951,""
FIX50SP2,AL,"",40204,""
FIX50SP2,AL,"40204",40209,""
FIX50SP2,AL,"",40278,""
FIX50SP2,AL,"",41092,""
FIX50SP2,AL,"",41094,""
FIX50SP2,AL,"",41096,""
FIX50SP2,AL,"",41116,""
FIX50SP2,AL,"",41137,""
FIX50SP2,AL,"",41140,""
FIX50SP2,AL,"",41152,""
FIX50SP2,AL,"",41230,""
FIX50SP2,AL,"",42296,""
FIX50SP2,AL,"",42775,""
FIX50SP2,AM,"",386,""
FIX50SP2,AM,"",453,""
FIX50SP2,AM,"453",802,""
FIX50SP2,AM,"",454,""
FIX50SP2,AM,"",555,""
FIX50SP2,AM,"555",604,""
FIX50SP2,AM,"555",2059,""
FIX50SP2,AM,"555",2076,""
FIX50SP2,AM,"555",2218,""
FIX50SP2,AM,"555 2218",2250,""
FIX50SP2,AM,"555 2218 2250",2253,""
FIX50SP2,AM,"555 2218",41366,""
FIX50SP2,AM,"555 2218 41366",41374,""
FIX50SP2,AM,"555 2218",41379,""
FIX50SP2,AM,"555 2218 41379",41363,""
FIX50SP2,AM,"555 2218 41379",41376,""
FIX50SP2,AM,"555 2218 41379",41400,""
FIX50SP2,AM,"555 2218",41382,""
FIX50SP2,AM,"555 2218",41387,""
FIX50SP2,AM,"555 2218",41398,""
FIX50SP2,AM,"555",2254,""
FIX50SP2,AM,"555 2254",2258,""
FIX50SP2,AM,"555",2308,""
FIX50SP2,AM,"555",40241,""
FIX50SP2,AM,"555 40241",40367,""
FIX50SP2,AM,"555 40241",40374,""
FIX50SP2,AM,"555 40241 40374",40414,""
FIX50SP2,AM,"555 40241 40374",40927,""
FIX50SP2,AM,"555 40241 40374",40928,""
FIX50SP2,AM,"555 40241 40374",41530,""
FIX50SP2,AM,"555 40241",40418,""
FIX50SP2,AM,"555 40241 40418",42495,""
FIX50SP2,AM,"555 40241 40418",42504,""
FIX50SP2,AM,"555 40241",40902,""
FIX50SP2,AM,"555 40241",40929,""
FIX50SP2,AM,"555 40241",40930,""
FIX50SP2,AM,"555 40241",40931,""
FIX50SP2,AM,"555 40241",40932,""
FIX50SP2,AM,"555 40241",40933,""
FIX50SP2,AM,"555 40241",40940,""
FIX50SP2,AM,"555 40241",40941,""
FIX50SP2,AM,"555 40241",40942,""
FIX50SP2,AM,"555 40241",40943,""
FIX50SP2,AM,"555 40241",41408,""
FIX50SP2,AM,"555 40241 41408",41422,""
FIX50SP2,AM,"555 40241 41408 41422",41425,""
FIX50SP2,AM,"555 40241",41452,""
FIX50SP2,AM,"555 40241",41456,""
FIX50SP2,AM,"555 40241",41460,""
FIX50SP2,AM,"555 40241",41561,""
FIX50SP2,AM,"555 40241",41589,""
FIX50SP2,AM,"555 40241",41593,""
FIX50SP2,AM,"555 40241",41596,""
FIX50SP2,AM,"555 40241",41638,""
FIX50SP2,AM,"555 40241",41646,""
FIX50SP2,AM,"555 40241",41674,""
FIX50SP2,AM,"555 40241",41677,""
FIX50SP2,AM,"555 40241",41686,""
FIX50SP2,AM,"555 40241 41686",41680,""
FIX50SP2,AM,"555 40241 41686 41680",41683,""
FIX50SP2,AM,"555 40241",42310,""
FIX50SP2,AM,"555 40241",42364,""
FIX50SP2,AM,"555 40241",42366,""
FIX50SP2,AM,"555 40241 42366",42386,""
FIX50SP2,AM,"555 40241",42405,""
FIX50SP2,AM,"555 40241",42419,""
FIX50SP2,AM,"555 40241",42459,""
FIX50SP2,AM,"555 40241",42485,""
FIX50SP2,AM,"555 40241",42534,""
FIX50SP2,AM,"555 40241 42534",42508,""
FIX50SP2,AM,"555 40241 42534 42508",42569,""
FIX50SP2,AM,"555 40241 42534 42508",42571,""
FIX50SP2,AM,"555 40241 42534",42530,""
FIX50SP2,AM,"555 40241 42534",42560,""
FIX50SP2,AM,"555 40241 42534",42564,""
FIX50SP2,AM,"555",40448,""
FIX50SP2,AM,"555 40448",40473,""
FIX50SP2,AM,"555 40448",40495,""
FIX50SP2,AM,"555 40448",40533,""
FIX50SP2,AM,"555 40448 40533",40537,""
FIX50SP2,AM,"555 40448",40934,""
FIX50SP2,AM,"555 40448",40935,""
FIX50SP2,AM,"555 40448",40936,""
FIX50SP2,AM,"555 40448",40937,""
FIX50SP2,AM,"555 40448",40938,""
FIX50SP2,AM,"555 40448",40939,""
FIX50SP2,AM,"555",40923,""
FIX50SP2,AM,"555",41335,""
FIX50SP2,AM,"555 41335",41316,""
FIX50SP2,AM,"555",41344,""
FIX50SP2,AM,"555 41344",41342,""
FIX50SP2,AM,"555 41344",42306,""
FIX50SP2,AM,"555",41467,""
FIX50SP2,AM,"555",41469,""
FIX50SP2,AM,"555",41471,""
FIX50SP2,AM,"555",41491,""
FIX50SP2,AM,"555",41512,""
FIX50SP2,AM,"555",41515,""
FIX50SP2,AM,"555",41527,""
FIX50SP2,AM,"555",41599,""
FIX50SP2,AM,"555 41599",41604,""
FIX50SP2,AM,"555",41607,""
FIX50SP2,AM,"555",41616,""
FIX50SP2,AM,"555 41616",41614,""
FIX50SP2,AM,"555 41616",41625,""
FIX50SP2,AM,"555 41616 41625",41633,""
FIX50SP2,AM,"555 41616",41635,""
FIX50SP2,AM,"555",42198,""
FIX50SP2,AM,"555",42200,""
FIX50SP2,AM,"555",42203,""
FIX50SP2,AM,"555",42388,""
FIX50SP2,AM,"555",42581,""
FIX50SP2,AM,"",702,""
FIX50SP2,AM,"702",539,""
FIX50SP2,AM,"702 539",804,""
FIX50SP2,AM,"",711,""
FIX50SP2,AM,"711",457,""
FIX50SP2,AM,"711",887,""
FIX50SP2,AM,"711",1058,""
FIX50SP2,AM,"711 1058",1062,""
FIX50SP2,AM,"711",1981,""
FIX50SP2,AM,"711",2045,""
FIX50SP2,AM,"711 2045",2053,""
FIX50SP2,AM,"711 2045 2053",2056,""
FIX50SP2,AM,"711 2045",41716,""
FIX50SP2,AM,"711 2045 41716",41724,""
FIX50SP2,AM,"711 2045",41729,""
FIX50SP2,AM,"711 2045 41729",41713,""
FIX50SP2,AM,"711 2045 41729",41726,""
FIX50SP2,AM,"711 2045 41729",41750,""
FIX50SP2,AM,"711 2045",41732,""
FIX50SP2,AM,"711 2045",41737,""
FIX50SP2,AM,"711 2045",41748,""
FIX50SP2,AM,"711",2080,""
FIX50SP2,AM,"711",2312,""
FIX50SP2,AM,"711",40540,""
FIX50SP2,AM,"711 40540",40656,""
FIX50SP2,AM,"711 40540",40659,""
FIX50SP2,AM,"711 40540",40664,""
FIX50SP2,AM,"711 40540 40664",40704,""
FIX50SP2,AM,"711 40540 40664",40966,""
FIX50SP2,AM,"711 40540 40664",40967,""
FIX50SP2,AM,"711 40540 40664",41878,""
FIX50SP2,AM,"711 40540",40708,""
FIX50SP2,AM,"711 40540 40708",42991,""
FIX50SP2,AM,"711 40540 40708",43000,""
FIX50SP2,AM,"711 40540",40968,""
FIX50SP2,AM,"711 40540",40969,""
FIX50SP2,AM,"711 40540",40970,""
FIX50SP2,AM,"711 40540",40971,""
FIX50SP2,AM,"711 40540",40972,""
FIX50SP2,AM,"711 40540",40973,""
FIX50SP2,AM,"711 40540",40974,""
FIX50SP2,AM,"711 40540",40975,""
FIX50SP2,AM,"711 40540",40976,""
FIX50SP2,AM,"711 40540",41756,""
FIX50SP2,AM,"711 40540 41756",41770,""
FIX50SP2,AM,"711 40540 41756 41770",41773,""
FIX50SP2,AM,"711 40540",41800,""
FIX50SP2,AM,"711 40540",41804,""
FIX50SP2,AM,"711 40540",41808,""
FIX50SP2,AM,"711 40540",41909,""
FIX50SP2,AM,"711 40540",41937,""
FIX50SP2,AM,"711 40540",41941,""
FIX50SP2,AM,"711 40540",41944,""
FIX50SP2,AM,"711 40540",41954,""
FIX50SP2,AM,"711 40540",41962,""
FIX50SP2,AM,"711 40540",41990,""
FIX50SP2,AM,"711 40540",41993,""
FIX50SP2,AM,"711 40540",42002,""
FIX50SP2,AM,"711 40540 42002",41996,""
FIX50SP2,AM,"711 40540 42002 41996",41999,""
FIX50SP2,AM,"711 40540",42799,""
FIX50SP2,AM,"711 40540",42853,""
FIX50SP2,AM,"711 40540",42862,""
FIX50SP2,AM,"711 40540 42862",42882,""
FIX50SP2,AM,"711 40540",42901,""
FIX50SP2,AM,"711 40540",42915,""
FIX50SP2,AM,"711 40540",42955,""
FIX50SP2,AM,"711 40540",42981,""
FIX50SP2,AM,"711 40540",43034,""
FIX50SP2,AM,"711 40540 43034",43008,""
FIX50SP2,AM,"711 40540 43034 43008",43069,""
FIX50SP2,AM,"711 40540 43034 43008",43071,""
FIX50SP2,AM,"711 40540 43034",43030,""
FIX50SP2,AM,"711 40540 43034",43060,""
FIX50SP2,AM,"711 40540 43034",43064,""
FIX50SP2,AM,"711",40962,""
FIX50SP2,AM,"711",41820,""
FIX50SP2,AM,"711",41841,""
FIX50SP2,AM,"711",41844,""
FIX50SP2,AM,"711",41856,""
FIX50SP2,AM,"711",41864,""
FIX50SP2,AM,"711",41866,""
FIX50SP2,AM,"711",41868,""
FIX50SP2,AM,"711",41947,""
FIX50SP2,AM,"711",42036,""
FIX50SP2,AM,"711 42036",41340,""
FIX50SP2,AM,"711",42041,""
FIX50SP2,AM,"711 42041",42039,""
FIX50SP2,AM,"711 42041",42788,""
FIX50SP2,AM,"711",42060,""
FIX50SP2,AM,"711 42060",42065,""
FIX50SP2,AM,"711",42068,""
FIX50SP2,AM,"711 42068",42077,""
FIX50SP2,AM,"711 42068 42077",42085,""
FIX50SP2,AM,"711 42068",42087,""
FIX50SP2,AM,"711 42068",42090,""
FIX50SP2,AM,"711",42149,""
FIX50SP2,AM,"711 42149",42099,""
FIX50SP2,AM,"711 42149",42112,""
FIX50SP2,AM,"711 42149",42173,""
FIX50SP2,AM,"711 42149 42173",42177,""
FIX50SP2,AM,"711 42149",42180,""
FIX50SP2,AM,"711 42149",42182,""
FIX50SP2,AM,"711 42149",42184,""
FIX50SP2,AM,"711 42149",42186,""
FIX50SP2,AM,"711 42149",42188,""
FIX50SP2,AM,"711 42149",42190,""
FIX50SP2,AM,"711",42855,""
FIX50SP2,AM,"711",42884,""
FIX50SP2,AM,"711",43005,""
FIX50SP2,AM,"711",43074,""
FIX50SP2,AM,"",753,""
FIX50SP2,AM,"",864,""
FIX50SP2,AM,"",1018,""
FIX50SP2,AM,"1018",1052,""
FIX50SP2,AM,"",1483,""
FIX50SP2,AM,"1483",1491,""
FIX50SP2,AM,"1483 1491",1494,""
FIX50SP2,AM,"1483",40997,""
FIX50SP2,AM,"1483 40997",41005,""
FIX50SP2,AM,"1483",41010,""
FIX50SP2,AM,"1483 41010",40994,""
FIX50SP2,AM,"1483 41010",41007,""
FIX50SP2,AM,"1483 41010",41031,""
FIX50SP2,AM,"1483",41013,""
FIX50SP2,AM,"1483",41018,""
FIX50SP2,AM,"1483",41029,""
FIX50SP2,AM,"",1647,""
FIX50SP2,AM,"",1855,""
FIX50SP2,AM,"",1907,""
FIX50SP2,AM,"",1976,""
FIX50SP2,AM,"",2304,""
FIX50SP2,AM,"",40019,""
FIX50SP2,AM,"40019",40000,""
FIX50SP2,AM,"",40022,""
FIX50SP2,AM,"40022",40277,""
FIX50SP2,AM,"40022",42214,""
FIX50SP2,AM,"",40049,""
FIX50SP2,AM,"40049",40085,""
FIX50SP2,AM,"40049",40825,""
FIX50SP2,AM,"40049",40828,""
FIX50SP2,AM,"40049 40828",40868,""
FIX50SP2,AM,"40049 40828",40945,""
FIX50SP2,AM,"40049 40828",40977,""
FIX50SP2,AM,"40049 40828",41161,""
FIX50SP2,AM,"40049",40872,""
FIX50SP2,AM,"40049 40872",42696,""
FIX50SP2,AM,"40049 40872",42705,""
FIX50SP2,AM,"40049",40946,""
FIX50SP2,AM,"40049",40947,""
FIX50SP2,AM,"40049",40948,""
FIX50SP2,AM,"40049",40949,""
FIX50SP2,AM,"40049",40950,""
FIX50SP2,AM,"40049",40958,""
FIX50SP2,AM,"40049",40959,""
FIX50SP2,AM,"40049",40960,""
FIX50SP2,AM,"40049",40961,""
FIX50SP2,AM,"40049",41037,""
FIX50SP2,AM,"40049 41037",41051,""
FIX50SP2,AM,"40049 41037 41051",41054,""
FIX50SP2,AM,"40049",41081,""
FIX50SP2,AM,"40049",41085,""
FIX50SP2,AM,"40049",41192,""
FIX50SP2,AM,"40049",41220,""
FIX50SP2,AM,"40049",41224,""
FIX50SP2,AM,"40049",41227,""
FIX50SP2,AM,"40049",41237,""
FIX50SP2,AM,"40049",41241,""
FIX50SP2,AM,"40049",41249,""
FIX50SP2,AM,"40049",41277,""
FIX50SP2,AM,"40049",41280,""
FIX50SP2,AM,"40049",41289,""
FIX50SP2,AM,"40049 41289",41283,""
FIX50SP2,AM,"40049 41289 41283",41286,""
FIX50SP2,AM,"40049",42236,""
FIX50SP2,AM,"40049",42272,""
FIX50SP2,AM,"40049",42274,""
FIX50SP2,AM,"40049 42274",42294,""
FIX50SP2,AM,"40049",42606,""
FIX50SP2,AM,"40049",42620,""
FIX50SP2,AM,"40049",42660,""
FIX50SP2,AM,"40049",42683,""
FIX50SP2,AM,"40049",42735,""
FIX50SP2,AM,"40049 42735",42709,""
FIX50SP2,AM,"40049 42735 42709",42770,""
FIX50SP2,AM,"40049 42735 42709",42772,""
FIX50SP2,AM,"40049 42735",42731,""
FIX50SP2,AM,"40049 42735",42761,""
FIX50SP2,AM,"40049 42735",42765,""
FIX50SP2,AM,"",40090,""
FIX50SP2,AM,"40090",40142,""
FIX50SP2,AM,"40090",40171,""
FIX50SP2,AM,"40090",40174,""
FIX50SP2,AM,"40090 40174",40178,""
FIX50SP2,AM,"40090",40952,""
FIX50SP2,AM,"40090",40953,""
FIX50SP2,AM,"40090",40954,""
FIX50SP2,AM,"40090",40955,""
FIX50SP2,AM,"40090",40956,""
FIX50SP2,AM,"40090",40957,""
FIX50SP2,AM,"",40181,""
FIX50SP2,AM,"40181",40191,""
FIX50SP2,AM,"40181 40191",40199,""
FIX50SP2,AM,"40181",40201,""
FIX50SP2,AM,"40181",40951,""
FIX50SP2,AM,"",40204,""
FIX50SP2,AM,"40204",40209,""
FIX50SP2,AM,"",40212,""
FIX50SP2,AM,"40212",40230,""
FIX50SP2,AM,"40212 40230",40233,""
FIX50SP2,AM,"40212 40230 40233",40238,""
FIX50SP2,AM,"40212",40944,""
FIX50SP2,AM,"",40278,""
FIX50SP2,AM,"",41092,""
FIX50SP2,AM,"",41094,""
FIX50SP2,AM,"",41096,""
FIX50SP2,AM,"",41116,""
FIX50SP2,AM,"",41137,""
FIX50SP2,AM,"",41140,""
FIX50SP2,AM,"",41152,""
FIX50SP2,AM,"",41230,""
FIX50SP2,AM,"",42296,""
FIX50SP2,AM,"",42775,""
FIX50SP2,AN,"",386,""
FIX50SP2,AN,"",453,""
FIX50SP2,AN,"453",802,""
FIX50SP2,AN,"",454,""
FIX50SP2,AN,"",555,""
FIX50SP2,AN,"555",604,""
FIX50SP2,AN,"555",2059,""
FIX50SP2,AN,"555",2076,""
FIX50SP2,AN,"555",2218,""
FIX50SP2,AN,"555 2218",2250,""
FIX50SP2,AN,"555 2218 2250",2253,""
FIX50SP2,AN,"555 2218",41366,""
FIX50SP2,AN,"555 2218 41366",41374,""
FIX50SP2,AN,"555 2218",41379,""
FIX50SP2,AN,"555 2218 41379",41363,""
FIX50SP2,AN,"555 2218 41379",41376,""
FIX50SP2,AN,"555 2218 41379",41400,""
FIX50SP2,AN,"555 2218",41382,""
FIX50SP2,AN,"555 2218",41387,""
FIX50SP2,AN,"555 2218",41398,""
FIX50SP2,AN,"555",2254,""
FIX50SP2,AN,"555 2254",2258,""
FIX50SP2,AN,"555",2308,""
FIX50SP2,AN,"555",40241,""
FIX50SP2,AN,"555 40241",40367,""
FIX50SP2,AN,"555 40241",40374,""
FIX50SP2,AN,"555 40241 40374",40414,""
FIX50SP2,AN,"555 40241 40374",40927,""
FIX50SP2,AN,"555 40241 40374",40928,""
FIX50SP2,AN,"555 40241 40374",41530,""
FIX50SP2,AN,"555 40241",40418,""
FIX50SP2,AN,"555 40241 40418",42495,""
FIX50SP2,AN,"555 40241 40418",42504,""
FIX50SP2,AN,"555 40241",40902,""
FIX50SP2,AN,"555 40241",40929,""
FIX50SP2,AN,"555 40241",40930,""
FIX50SP2,AN,"555 40241",40931,""
FIX50SP2,AN,"555 40241",40932,""
FIX50SP2,AN,"555 40241",40933,""
FIX50SP2,AN,"555 40241",40940,""
FIX50SP2,AN,"555 40241",40941,""
FIX50SP2,AN,"555 40241",40942,""
FIX50SP2,AN,"555 40241",40943,""
FIX50SP2,AN,"555 40241",41408,""
FIX50SP2,AN,"555 40241 41408",41422,""
FIX50SP2,AN,"555 40241 41408 41422",41425,""
FIX50SP2,AN,"555 40241",41452,""
FIX50SP2,AN,"555 40241",41456,""
FIX50SP2,AN,"555 40241",41460,""
FIX50SP2,AN,"555 40241",41561,""
FIX50SP2,AN,"555 40241",41589,""
FIX50SP2,AN,"555 40241",41593,""
FIX50SP2,AN,"555 40241",41596,""
FIX50SP2,AN,"555 40241",41638,""
FIX50SP2,AN,"555 40241",41646,""
FIX50SP2,AN,"555 40241",41674,""
FIX50SP2,AN,"555 40241",41677,""
FIX50SP2,AN,"555 40241",41686,""
FIX50SP2,AN,"555 40241 41686",41680,""
FIX50SP2,AN,"555 40241 41686 41680",41683,""
FIX50SP2,AN,"555 40241",42310,""
FIX50SP2,AN,"555 40241",42364,""
FIX50SP2,AN,"555 40241",42366,""
FIX50SP2,AN,"555 40241 42366",42386,""
FIX50SP2,AN,"555 40241",42405,""
FIX50SP2,AN,"555 40241",42419,""
FIX50SP2,AN,"555 40241",42459,""
FIX50SP2,AN,"555 40241",42485,""
FIX50SP2,AN,"555 40241",42534,""
FIX50SP2,AN,"555 40241 42534",42508,""
FIX50SP2,AN,"555 40241 42534 42508",42569,""
FIX50SP2,AN,"555 40241 42534 42508",42571,""
FIX50SP2,AN,"555 40241 42534",42530,""
FIX50SP2,AN,"555 40241 42534",42560,""
FIX50SP2,AN,"555 40241 42534",42564,""
FIX50SP2,AN,"555",40448,""
FIX50SP2,AN,"555 40448",40473,""
FIX50SP2,AN,"555 40448",40495,""
FIX50SP2,AN,"555 40448",40533,""
FIX50SP2,AN,"555 40448 40533",40537,""
FIX50SP2,AN,"555 40448",40934,""
FIX50SP2,AN,"555 40448",40935,""
FIX50SP2,AN,"555 40448",40936,""
FIX50SP2,AN,"555 40448",40937,""
FIX50SP2,AN,"555 40448",40938,""
FIX50SP2,AN,"555 40448",40939,""
FIX50SP2,AN,"555",40923,""
FIX50SP2,AN,"555",41335,""
FIX50SP2,AN,"555 41335",41316,""
FIX50SP2,AN,"555",41344,""
FIX50SP2,AN,"555 41344",41342,""
FIX50SP2,AN,"555 41344",42306,""
FIX50SP2,AN,"555",41467,""
FIX50SP2,AN,"555",41469,""
FIX50SP2,AN,"555",41471,""
FIX50SP2,AN,"555",41491,""
FIX50SP2,AN,"555",41512,""
FIX50SP2,AN,"555",41515,""
FIX50SP2,AN,"555",41527,""
FIX50SP2,AN,"555",41599,""
FIX50SP2,AN,"555 41599",41604,""
FIX50SP2,AN,"555",41607,""
FIX50SP2,AN,"555",41616,""
FIX50SP2,AN,"555 41616",41614,""
FIX50SP2,AN,"555 41616",41625,""
FIX50SP2,AN,"555 41616 41625",41633,""
FIX50SP2,AN,"555 41616",41635,""
FIX50SP2,AN,"555",42198,""
FIX50SP2,AN,"555",42200,""
FIX50SP2,AN,"555",42203,""
FIX50SP2,AN,"555",42388,""
FIX50SP2,AN,"555",42581,""
FIX50SP2,AN,"",711,""
FIX50SP2,AN,"711",457,""
FIX50SP2,AN,"711",887,""
FIX50SP2,AN,"711",1058,""
FIX50SP2,AN,"711 1058",1062,""
FIX50SP2,AN,"711",1981,""
FIX50SP2,AN,"711",2045,""
FIX50SP2,AN,"711 2045",2053,""
FIX50SP2,AN,"711 2045 2053",2056,""
FIX50SP2,AN,"711 2045",41716,""
FIX50SP2,AN,"711 2045 41716",41724,""
FIX50SP2,AN,"711 2045",41729,""
FIX50SP2,AN,"711 2045 41729",41713,""
FIX50SP2,AN,"711 2045 41729",41726,""
FIX50SP2,AN,"711 2045 41729",41750,""
FIX50SP2,AN,"711 2045",41732,""
FIX50SP2,AN,"711 2045",41737,""
FIX50SP2,AN,"711 2045",41748,""
FIX50SP2,AN,"711",2080,""
FIX50SP2,AN,"711",2312,""
FIX50SP2,AN,"711",40540,""
FIX50SP2,AN,"711 40540",40656,""
FIX50SP2,AN,"711 40540",40659,""
FIX50SP2,AN,"711 40540",40664,""
FIX50SP2,AN,"711 40540 40664",40704,""
FIX50SP2,AN,"711 40540 40664",40966,""
FIX50SP2,AN,"711 40540 40664",40967,""
FIX50SP2,AN,"711 40540 40664",41878,""
FIX50SP2,AN,"711 40540",40708,""
FIX50SP2,AN,"711 40540 40708",42991,""
FIX50SP2,AN,"711 40540 40708",43000,""
FIX50SP2,AN,"711 40540",40968,""
FIX50SP2,AN,"711 40540",40969,""
FIX50SP2,AN,"711 40540",40970,""
FIX50SP2,AN,"711 40540",40971,""
FIX50SP2,AN,"711 40540",40972,""
FIX50SP2,AN,"711 40540",40973,""
FIX50SP2,AN,"711 40540",40974,""
FIX50SP2,AN,"711 40540",40975,""
FIX50SP2,AN,"711 40540",40976,""
FIX50SP2,AN,"711 40540",41756,""
FIX50SP2,AN,"711 40540 41756",41770,""
FIX50SP2,AN,"711 40540 41756 41770",41773,""
FIX50SP2,AN,"711 40540",41800,""
FIX50SP2,AN,"711 40540",41804,""
FIX50SP2,AN,"711 40540",41808,""
FIX50SP2,AN,"711 40540",41909,""
FIX50SP2,AN,"711 40540",41937,""
FIX50SP2,AN,"711 40540",41941,""
FIX50SP2,AN,"711 40540",41944,""
FIX50SP2,AN,"711 40540",41954,""
FIX50SP2,AN,"711 40540",41962,""
FIX50SP2,AN,"711 40540",41990,""
FIX50SP2,AN,"711 40540",41993,""
FIX50SP2,AN,"711 40540",42002,""
FIX50SP2,AN,"711 40540 42002",41996,""
FIX50SP2,AN,"711 40540 42002 41996",41999,""
FIX50SP2,AN,"711 40540",42799,""
FIX50SP2,AN,"711 40540",42853,""
FIX50SP2,AN,"711 40540",42862,""
FIX50SP2,AN,"711 40540 42862",42882,""
FIX50SP2,AN,"711 40540",42901,""
FIX50SP2,AN,"711 40540",42915,""
FIX50SP2,AN,"711 40540",42955,""
FIX50SP2,AN,"711 40540",42981,""
FIX50SP2,AN,"711 40540",43034,""
FIX50SP2,AN,"711 40540 43034",43008,""
FIX50SP2,AN,"711 40540 43034 43008",43069,""
FIX50SP2,AN,"711 40540 43034 43008",43071,""
FIX50SP2,AN,"711 40540 43034",43030,""
FIX50SP2,AN,"711 40540 43034",43060,""
FIX50SP2,AN,"711 40540 43034",43064,""
FIX50SP2,AN,"711",40962,""
FIX50SP2,AN,"711",41820,""
FIX50SP2,AN,"711",41841,""
FIX50SP2,AN,"711",41844,""
FIX50SP2,AN,"711",41856,""
FIX50SP2,AN,"711",41864,""
FIX50SP2,AN,"711",41866,""
FIX50SP2,AN,"711",41868,""
FIX50SP2,AN,"711",41947,""
FIX50SP2,AN,"711",42036,""
FIX50SP2,AN,"711 42036",41340,""
FIX50SP2,AN,"711",42041,""
FIX50SP2,AN,"711 42041",42039,""
FIX50SP2,AN,"711 42041",42788,""
FIX50SP2,AN,"711",42060,""
FIX50SP2,AN,"711 42060",42065,""
FIX50SP2,AN,"711",42068,""
FIX50SP2,AN,"711 42068",42077,""
FIX50SP2,AN,"711 42068 42077",42085,""
FIX50SP2,AN,"711 42068",42087,""
FIX50SP2,AN,"711 42068",42090,""
FIX50SP2,AN,"711",42149,""
FIX50SP2,AN,"711 42149",42099,""
FIX50SP2,AN,"711 42149",42112,""
FIX50SP2,AN,"711 42149",42173,""
FIX50SP2,AN,"711 42149 42173",42177,""
FIX50SP2,AN,"711 42149",42180,""
FIX50SP2,AN,"711 42149",42182,""
FIX50SP2,AN,"711 42149",42184,""
FIX50SP2,AN,"711 42149",42186,""
FIX50SP2,AN,"711 42149",42188,""
FIX50SP2,AN,"711 42149",42190,""
FIX50SP2,AN,"711",42855,""
FIX50SP2,AN,"711",42884,""
FIX50SP2,AN,"711",43005,""
FIX50SP2,AN,"711",43074,""
FIX50SP2,AN,"",864,""
FIX50SP2,AN,"",1018,""
FIX50SP2,AN,"1018",1052,""
FIX50SP2,AN,"",1483,""
FIX50SP2,AN,"1483",1491,""
FIX50SP2,AN,"1483 1491",1494,""
FIX50SP2,AN,"1483",40997,""
FIX50SP2,AN,"1483 40997",41005,""
FIX50SP2,AN,"1483",41010,""
FIX50SP2,AN,"1483 41010",40994,""
FIX50SP2,AN,"1483 41010",41007,""
FIX50SP2,AN,"1483 41010",41031,""
FIX50SP2,AN,"1483",41013,""
FIX50SP2,AN,"1483",41018,""
FIX50SP2,AN,"1483",41029,""
FIX50SP2,AN,"",1976,""
FIX50SP2,AN,"",2304,""
FIX50SP2,AN,"",40019,""
FIX50SP2,AN,"40019",40000,""
FIX50SP2,AN,"",40022,""
FIX50SP2,AN,"40022",40277,""
FIX50SP2,AN,"40022",42214,""
FIX50SP2,AN,"",40049,""
FIX50SP2,AN,"40049",40085,""
FIX50SP2,AN,"40049",40825,""
FIX50SP2,AN,"40049",40828,""
FIX50SP2,AN,"40049 40828",40868,""
FIX50SP2,AN,"40049 40828",40945,""
FIX50SP2,AN,"40049 40828",40977,""
FIX50SP2,AN,"40049 40828",41161,""
FIX50SP2,AN,"40049",40872,""
FIX50SP2,AN,"40049 40872",42696,""
FIX50SP2,AN,"40049 40872",42705,""
FIX50SP2,AN,"40049",40946,""
FIX50SP2,AN,"40049",40947,""
FIX50SP2,AN,"40049",40948,""
FIX50SP2,AN,"40049",40949,""
FIX50SP2,AN,"40049",40950,""
FIX50SP2,AN,"40049",40958,""
FIX50SP2,AN,"40049",40959,""
FIX50SP2,AN,"40049",40960,""
FIX50SP2,AN,"40049",40961,""
FIX50SP2,AN,"40049",41037,""
FIX50SP2,AN,"40049 41037",41051,""
FIX50SP2,AN,"40049 41037 41051",41054,""
FIX50SP2,AN,"40049",41081,""
FIX50SP2,AN,"40049",41085,""
FIX50SP2,AN,"40049",41192,""
FIX50SP2,AN,"40049",41220,""
FIX50SP2,AN,"40049",41224,""
FIX50SP2,AN,"40049",41227,""
FIX50SP2,AN,"40049",41237,""
FIX50SP2,AN,"40049",41241,""
FIX50SP2,AN,"40049",41249,""
FIX50SP2,AN,"40049",41277,""
FIX50SP2,AN,"40049",41280,""
FIX50SP2,AN,"40049",41289,""
FIX50SP2,AN,"40049 41289",41283,""
FIX50SP2,AN,"40049 41289 41283",41286,""
FIX50SP2,AN,"40049",42236,""
FIX50SP2,AN,"40049",42272,""
FIX50SP2,AN,"40049",42274,""
FIX50SP2,AN,"40049 42274",42294,""
FIX50SP2,AN,"40049",42606,""
FIX50SP2,AN,"40049",42620,""
FIX50SP2,AN,"40049",42660,""
FIX50SP2,AN,"40049",42683,""
FIX50SP2,AN,"40049",42735,""
FIX50SP2,AN,"40049 42735",42709,""
FIX50SP2,AN,"40049 42735 42709",42770,""
FIX50SP2,AN,"40049 42735 42709",42772,""
FIX50SP2,AN,"40049 42735",42731,""
FIX50SP2,AN,"40049 42735",42761,""
FIX50SP2,AN,"40049 42735",42765,""
FIX50SP2,AN,"",40090,""
FIX50SP2,AN,"40090",40142,""
FIX50SP2,AN,"40090",40171,""
FIX50SP2,AN,"40090",40174,""
FIX50SP2,AN,"40090 40174",40178,""
FIX50SP2,AN,"40090",40952,""
FIX50SP2,AN,"40090",40953,""
FIX50SP2,AN,"40090",40954,""
FIX50SP2,AN,"40090",40955,""
FIX50SP2,AN,"40090",40956,""
FIX50SP2,AN,"40090",40957,""
FIX50SP2,AN,"",40181,""
FIX50SP2,AN,"40181",40191,""
FIX50SP2,AN,"40181 40191",40199,""
FIX50SP2,AN,"40181",40201,""
FIX50SP2,AN,"40181",40951,""
FIX50SP2,AN,"",40204,""
FIX50SP2,AN,"40204",40209,""
FIX50SP2,AN,"",40278,""
FIX50SP2,AN,"",41092,""
FIX50SP2,AN,"",41094,""
FIX50SP2,AN,"",41096,""
FIX50SP2,AN,"",41116,""
FIX50SP2,AN,"",41137,""
FIX50SP2,AN,"",41140,""
FIX50SP2,AN,"",41152,""
FIX50SP2,AN,"",41230,""
FIX50SP2,AN,"",42296,""
FIX50SP2,AN,"",42775,""
FIX50SP2,AO,"",453,""
FIX50SP2,AO,"453",802,""
FIX50SP2,AO,"",454,""
FIX50SP2,AO,"",555,""
FIX50SP2,AO,"555",604,""
FIX50SP2,AO,"555",2059,""
FIX50SP2,AO,"555",2076,""
FIX50SP2,AO,"555",2218,""
FIX50SP2,AO,"555 2218",2250,""
FIX50SP2,AO,"555 2218 2250",2253,""
FIX50SP2,AO,"555 2218",41366,""
FIX50SP2,AO,"555 2218 41366",41374,""
FIX50SP2,AO,"555 2218",41379,""
FIX50SP2,AO,"555 2218 41379",41363,""
FIX50SP2,AO,"555 2218 41379",41376,""
FIX50SP2,AO,"555 2218 41379",41400,""
FIX50SP2,AO,"555 2218",41382,""
FIX50SP2,AO,"555 2218",41387,""
FIX50SP2,AO,"555 2218",41398,""
FIX50SP2,AO,"555",2254,""
FIX50SP2,AO,"555 2254",2258,""
FIX50SP2,AO,"555",2308,""
FIX50SP2,AO,"555",40241,""
FIX50SP2,AO,"555 40241",40367,""
FIX50SP2,AO,"555 40241",40374,""
FIX50SP2,AO,"555 40241 40374",40414,""
FIX50SP2,AO,"555 40241 40374",40927,""
FIX50SP2,AO,"555 40241 40374",40928,""
FIX50SP2,AO,"555 40241 40374",41530,""
FIX50SP2,AO,"555 40241",40418,""
FIX50SP2,AO,"555 40241 40418",42495,""
FIX50SP2,AO,"555 40241 40418",42504,""
FIX50SP2,AO,"555 40241",40902,""
FIX50SP2,AO,"555 40241",40929,""
FIX50SP2,AO,"555 40241",40930,""
FIX50SP2,AO,"555 40241",40931,""
FIX50SP2,AO,"555 40241",40932,""
FIX50SP2,AO,"555 40241",40933,""
FIX50SP2,AO,"555 40241",40940,""
FIX50SP2,AO,"555 40241",40941,""
FIX50SP2,AO,"555 40241",40942,""
FIX50SP2,AO,"555 40241",40943,""
FIX50SP2,AO,"555 40241",41408,""
FIX50SP2,AO,"555 40241 41408",41422,""
FIX50SP2,AO,"555 40241 41408 41422",41425,""
FIX50SP2,AO,"555 40241",41452,""
FIX50SP2,AO,"555 40241",41456,""
FIX50SP2,AO,"555 40241",41460,""
FIX50SP2,AO,"555 40241",41561,""
FIX50SP2,AO,"555 40241",41589,""
FIX50SP2,AO,"555 40241",41593,""
FIX50SP2,AO,"555 40241",41596,""
FIX50SP2,AO,"555 40241",41638,""
FIX50SP2,AO,"555 40241",41646,""
FIX50SP2,AO,"555 40241",41674,""
FIX50SP2,AO,"555 40241",41677,""
FIX50SP2,AO,"555 40241",41686,""
FIX50SP2,AO,"555 40241 41686",41680,""
FIX50SP2,AO,"555 40241 41686 41680",41683,""
FIX50SP2,AO,"555 40241",42310,""
FIX50SP2,AO,"555 40241",42364,""
FIX50SP2,AO,"555 40241",42366,""
FIX50SP2,AO,"555 40241 42366",42386,""
FIX50SP2,AO,"555 40241",42405,""
FIX50SP2,AO,"555 40241",42419,""
FIX50SP2,AO,"555 40241",42459,""
FIX50SP2,AO,"555 40241",42485,""
FIX50SP2,AO,"555 40241",42534,""
FIX50SP2,AO,"555 40241 42534",42508,""
FIX50SP2,AO,"555 40241 42534 42508",42569,""
FIX50SP2,AO,"555 40241 42534 42508",42571,""
FIX50SP2,AO,"555 40241 42534",42530,""
FIX50SP2,AO,"555 40241 42534",42560,""
FIX50SP2,AO,"555 40241 42534",42564,""
FIX50SP2,AO,"555",40448,""
FIX50SP2,AO,"555 40448",40473,""
FIX50SP2,AO,"555 40448",40495,""
FIX50SP2,AO,"555 40448",40533,""
FIX50SP2,AO,"555 40448 40533",40537,""
FIX50SP2,AO,"555 40448",40934,""
FIX50SP2,AO,"555 40448",40935,""
FIX50SP2,AO,"555 40448",40936,""
FIX50SP2,AO,"555 40448",40937,""
FIX50SP2,AO,"555 40448",40938,""
FIX50SP2,AO,"555 40448",40939,""
FIX50SP2,AO,"555",40923,""
FIX50SP2,AO,"555",41335,""
FIX50SP2,AO,"555 41335",41316,""
FIX50SP2,AO,"555",41344,""
FIX50SP2,AO,"555 41344",41342,""
FIX50SP2,AO,"555 41344",42306,""
FIX50SP2,AO,"555",41467,""
FIX50SP2,AO,"555",41469,""
FIX50SP2,AO,"555",41471,""
FIX50SP2,AO,"555",41491,""
FIX50SP2,AO,"555",41512,""
FIX50SP2,AO,"555",41515,""
FIX50SP2,AO,"555",41527,""
FIX50SP2,AO,"555",41599,""
FIX50SP2,AO,"555 41599",41604,""
FIX50SP2,AO,"555",41607,""
FIX50SP2,AO,"555",41616,""
FIX50SP2,AO,"555 41616",41614,""
FIX50SP2,AO,"555 41616",41625,""
FIX50SP2,AO,"555 41616 41625",41633,""
FIX50SP2,AO,"555 41616",41635,""
FIX50SP2,AO,"555",42198,""
FIX50SP2,AO,"555",42200,""
FIX50SP2,AO,"555",42203,""
FIX50SP2,AO,"555",42388,""
FIX50SP2,AO,"555",42581,""
FIX50SP2,AO,"",711,""
FIX50SP2,AO,"711",457,""
FIX50SP2,AO,"711",887,""
FIX50SP2,AO,"711",1058,""
FIX50SP2,AO,"711 1058",1062,""
FIX50SP2,AO,"711",1981,""
FIX50SP2,AO,"711",2045,""
FIX50SP2,AO,"711 2045",2053,""
FIX50SP2,AO,"711 2045 2053",2056,""
FIX50SP2,AO,"711 2045",41716,""
FIX50SP2,AO,"711 2045 41716",41724,""
FIX50SP2,AO,"711 2045",41729,""
FIX50SP2,AO,"711 2045 41729",41713,""
FIX50SP2,AO,"711 2045 41729",41726,""
FIX50SP2,AO,"711 2045 41729",41750,""
FIX50SP2,AO,"711 2045",41732,""
FIX50SP2,AO,"711 2045",41737,""
FIX50SP2,AO,"711 2045",41748,""
FIX50SP2,AO,"711",2080,""
FIX50SP2,AO,"711",2312,""
FIX50SP2,AO,"711",40540,""
FIX50SP2,AO,"711 40540",40656,""
FIX50SP2,AO,"711 40540",40659,""
FIX50SP2,AO,"711 40540",40664,""
FIX50SP2,AO,"711 40540 40664",40704,""
FIX50SP2,AO,"711 40540 40664",40966,""
FIX50SP2,AO,"711 40540 40664",40967,""
FIX50SP2,AO,"711 40540 40664",41878,""
FIX50SP2,AO,"711 40540",40708,""
FIX50SP2,AO,"711 40540 40708",42991,""
FIX50SP2,AO,"711 40540 40708",43000,""
FIX50SP2,AO,"711 40540",40968,""
FIX50SP2,AO,"711 40540",40969,""
FIX50SP2,AO,"711 40540",40970,""
FIX50SP2,AO,"711 40540",40971,""
FIX50SP2,AO,"711 40540",40972,""
FIX50SP2,AO,"711 40540",40973,""
FIX50SP2,AO,"711 40540",40974,""
FIX50SP2,AO,"711 40540",40975,""
FIX50SP2,AO,"711 40540",40976,""
FIX50SP2,AO,"711 40540",41756,""
FIX50SP2,AO,"711 40540 41756",41770,""
FIX50SP2,AO,"711 40540 41756 41770",41773,""
FIX50SP2,AO,"711 40540",41800,""
FIX50SP2,AO,"711 40540",41804,""
FIX50SP2,AO,"711 40540",41808,""
FIX50SP2,AO,"711 40540",41909,""
FIX50SP2,AO,"711 40540",41937,""
FIX50SP2,AO,"711 40540",41941,""
FIX50SP2,AO,"711 40540",41944,""
FIX50SP2,AO,"711 40540",41954,""
FIX50SP2,AO,"711 40540",41962,""
FIX50SP2,AO,"711 40540",41990,""
FIX50SP2,AO,"711 40540",41993,""
FIX50SP2,AO,"711 40540",42002,""
FIX50SP2,AO,"711 40540 42002",41996,""
FIX50SP2,AO,"711 40540 42002 41996",41999,""
FIX50SP2,AO,"711 40540",42799,""
FIX50SP2,AO,"711 40540",42853,""
FIX50SP2,AO,"711 40540",42862,""
FIX50SP2,AO,"711 40540 42862",42882,""
FIX50SP2,AO,"711 40540",42901,""
FIX50SP2,AO,"711 40540",42915,""
FIX50SP2,AO,"711 40540",42955,""
FIX50SP2,AO,"711 40540",42981,""
FIX50SP2,AO,"711 40540",43034,""
FIX50SP2,AO,"711 40540 43034",43008,""
FIX50SP2,AO,"711 40540 43034 43008",43069,""
FIX50SP2,AO,"711 40540 43034 43008",43071,""
FIX50SP2,AO,"711 40540 43034",43030,""
FIX50SP2,AO,"711 40540 43034",43060,""
FIX50SP2,AO,"711 40540 43034",43064,""
FIX50SP2,AO,"711",40962,""
FIX50SP2,AO,"711",41820,""
FIX50SP2,AO,"711",41841,""
FIX50SP2,AO,"711",41844,""
FIX50SP2,AO,"711",41856,""
FIX50SP2,AO,"711",41864,""
FIX50SP2,AO,"711",41866,""
FIX50SP2,AO,"711",41868,""
FIX50SP2,AO,"711",41947,""
FIX50SP2,AO,"711",42036,""
FIX50SP2,AO,"711 42036",41340,""
FIX50SP2,AO,"711",42041,""
FIX50SP2,AO,"711 42041",42039,""
FIX50SP2,AO,"711 42041",42788,""
FIX50SP2,AO,"711",42060,""
FIX50SP2,AO,"711 42060",42065,""
FIX50SP2,AO,"711",42068,""
FIX50SP2,AO,"711 42068",42077,""
FIX50SP2,AO,"711 42068 42077",42085,""
FIX50SP2,AO,"711 42068",42087,""
FIX50SP2,AO,"711 42068",42090,""
FIX50SP2,AO,"711",42149,""
FIX50SP2,AO,"711 42149",42099,""
FIX50SP2,AO,"711 42149",42112,""
FIX50SP2,AO,"711 42149",42173,""
FIX50SP2,AO,"711 42149 42173",42177,""
FIX50SP2,AO,"711 42149",42180,""
FIX50SP2,AO,"711 42149",42182,""
FIX50SP2,AO,"711 42149",42184,""
FIX50SP2,AO,"711 42149",42186,""
FIX50SP2,AO,"711 42149",42188,""
FIX50SP2,AO,"711 42149",42190,""
FIX50SP2,AO,"711",42855,""
FIX50SP2,AO,"711",42884,""
FIX50SP2,AO,"711",43005,""
FIX50SP2,AO,"711",43074,""
FIX50SP2,AO,"",864,""
FIX50SP2,AO,"",1018,""
FIX50SP2,AO,"1018",1052,""
FIX50SP2,AO,"",1483,""
FIX50SP2,AO,"1483",1491,""
FIX50SP2,AO,"1483 1491",1494,""
FIX50SP2,AO,"1483",40997,""
FIX50SP2,AO,"1483 40997",41005,""
FIX50SP2,AO,"1483",41010,""
FIX50SP2,AO,"1483 41010",40994,""
FIX50SP2,AO,"1483 41010",41007,""
FIX50SP2,AO,"1483 41010",41031,""
FIX50SP2,AO,"1483",41013,""
FIX50SP2,AO,"1483",41018,""
FIX50SP2,AO,"1483",41029,""
FIX50SP2,AO,"",1976,""
FIX50SP2,AO,"",2304,""
FIX50SP2,AO,"",40019,""
FIX50SP2,AO,"40019",40000,""
FIX50SP2,AO,"",40022,""
FIX50SP2,AO,"40022",40277,""
FIX50SP2,AO,"40022",42214,""
FIX50SP2,AO,"",40049,""
FIX50SP2,AO,"40049",40085,""
FIX50SP2,AO,"40049",40825,""
FIX50SP2,AO,"40049",40828,""
FIX50SP2,AO,"40049 40828",40868,""
FIX50SP2,AO,"40049 40828",40945,""
FIX50SP2,AO,"40049 40828",40977,""
FIX50SP2,AO,"40049 40828",41161,""
FIX50SP2,AO,"40049",40872,""
FIX50SP2,AO,"40049 40872",42696,""
FIX50SP2,AO,"40049 40872",42705,""
FIX50SP2,AO,"40049",40946,""
FIX50SP2,AO,"40049",40947,""
FIX50SP2,AO,"40049",40948,""
FIX50SP2,AO,"40049",40949,""
FIX50SP2,AO,"40049",40950,""
FIX50SP2,AO,"40049",40958,""
FIX50SP2,AO,"40049",40959,""
FIX50SP2,AO,"40049",40960,""
FIX50SP2,AO,"40049",40961,""
FIX50SP2,AO,"40049",41037,""
FIX50SP2,AO,"40049 41037",41051,""
FIX50SP2,AO,"40049 41037 41051",41054,""
FIX50SP2,AO,"40049",41081,""
FIX50SP2,AO,"40049",41085,""
FIX50SP2,AO,"40049",41192,""
FIX50SP2,AO,"40049",41220,""
FIX50SP2,AO,"40049",41224,""
FIX50SP2,AO,"40049",41227,""
FIX50SP2,AO,"40049",41237,""
FIX50SP2,AO,"40049",41241,""
FIX50SP2,AO,"40049",41249,""
FIX50SP2,AO,"40049",41277,""
FIX50SP2,AO,"40049",41280,""
FIX50SP2,AO,"40049",41289,""
FIX50SP2,AO,"40049 41289",41283,""
FIX50SP2,AO,"40049 41289 41283",41286,""
FIX50SP2,AO,"40049",42236,""
FIX50SP2,AO,"40049",42272,""
FIX50SP2,AO,"40049",42274,""
FIX50SP2,AO,"40049 42274",42294,""
FIX50SP2,AO,"40049",42606,""
FIX50SP2,AO,"40049",42620,""
FIX50SP2,AO,"40049",42660,""
FIX50SP2,AO,"40049",42683,""
FIX50SP2,AO,"40049",42735,""
FIX50SP2,AO,"40049 42735",42709,""
FIX50SP2,AO,"40049 42735 42709",42770,""
FIX50SP2,AO,"40049 42735 42709",42772,""
FIX50SP2,AO,"40049 42735",42731,""
FIX50SP2,AO,"40049 42735",42761,""
FIX50SP2,AO,"40049 42735",42765,""
FIX50SP2,AO,"",40090,""
FIX50SP2,AO,"40090",40142,""
FIX50SP2,AO,"40090",40171,""
FIX50SP2,AO,"40090",40174,""
FIX50SP2,AO,"40090 40174",40178,""
FIX50SP2,AO,"40090",40952,""
FIX50SP2,AO,"40090",40953,""
FIX50SP2,AO,"40090",40954,""
FIX50SP2,AO,"40090",40955,""
FIX50SP2,AO,"40090",40956,""
FIX50SP2,AO,"40090",40957,""
FIX50SP2,AO,"",40181,""
FIX50SP2,AO,"40181",40191,""
FIX50SP2,AO,"40181 40191",40199,""
FIX50SP2,AO,"40181",40201,""
FIX50SP2,AO,"40181",40951,""
FIX50SP2,AO,"",40204,""
FIX50SP2,AO,"40204",40209,""
FIX50SP2,AO,"",40278,""
FIX50SP2,AO,"",41092,""
FIX50SP2,AO,"",41094,""
FIX50SP2,AO,"",41096,""
FIX50SP2,AO,"",41116,""
FIX50SP2,AO,"",41137,""
FIX50SP2,AO,"",41140,""
FIX50SP2,AO,"",41152,""
FIX50SP2,AO,"",41230,""
FIX50SP2,AO,"",42296,""
FIX50SP2,AO,"",42775,""
FIX50SP2,AP,"",453,""
FIX50SP2,AP,"453",802,""
FIX50SP2,AP,"",454,""
FIX50SP2,AP,"",555,""
FIX50SP2,AP,"555",604,""
FIX50SP2,AP,"555",2059,""
FIX50SP2,AP,"555",2076,""
FIX50SP2,AP,"555",2218,""
FIX50SP2,AP,"555 2218",2250,""
FIX50SP2,AP,"555 2218 2250",2253,""
FIX50SP2,AP,"555 2218",41366,""
FIX50SP2,AP,"555 2218 41366",41374,""
FIX50SP2,AP,"555 2218",41379,""
FIX50SP2,AP,"555 2218 41379",41363,""
FIX50SP2,AP,"555 2218 41379",41376,""
FIX50SP2,AP,"555 2218 41379",41400,""
FIX50SP2,AP,"555 2218",41382,""
FIX50SP2,AP,"555 2218",41387,""
FIX50SP2,AP,"555 2218",41398,""
FIX50SP2,AP,"555",2254,""
FIX50SP2,AP,"555 2254",2258,""
FIX50SP2,AP,"555",2308,""
FIX50SP2,AP,"555",40241,""
FIX50SP2,AP,"555 40241",40367,""
FIX50SP2,AP,"555 40241",40374,""
FIX50SP2,AP,"555 40241 40374",40414,""
FIX50SP2,AP,"555 40241 40374",40927,""
FIX50SP2,AP,"555 40241 40374",40928,""
FIX50SP2,AP,"555 40241 40374",41530,""
FIX50SP2,AP,"555 40241",40418,""
FIX50SP2,AP,"555 40241 40418",42495,""
FIX50SP2,AP,"555 40241 40418",42504,""
FIX50SP2,AP,"555 40241",40902,""
FIX50SP2,AP,"555 40241",40929,""
FIX50SP2,AP,"555 40241",40930,""
FIX50SP2,AP,"555 40241",40931,""
FIX50SP2,AP,"555 40241",40932,""
FIX50SP2,AP,"555 40241",40933,""
FIX50SP2,AP,"555 40241",40940,""
FIX50SP2,AP,"555 40241",40941,""
FIX50SP2,AP,"555 40241",40942,""
FIX50SP2,AP,"555 40241",40943,""
FIX50SP2,AP,"555 40241",41408,""
FIX50SP2,AP,"555 40241 41408",41422,""
FIX50SP2,AP,"555 40241 41408 41422",41425,""
FIX50SP2,AP,"555 40241",41452,""
FIX50SP2,AP,"555 40241",41456,""
FIX50SP2,AP,"555 40241",41460,""
FIX50SP2,AP,"555 40241",41561,""
FIX50SP2,AP,"555 40241",41589,""
FIX50SP2,AP,"555 40241",41593,""
FIX50SP2,AP,"555 40241",41596,""
FIX50SP2,AP,"555 40241",41638,""
FIX50SP2,AP,"555 40241",41646,""
FIX50SP2,AP,"555 40241",41674,""
FIX50SP2,AP,"555 40241",41677,""
FIX50SP2,AP,"555 40241",41686,""
FIX50SP2,AP,"555 40241 41686",41680,""
FIX50SP2,AP,"555 40241 41686 41680",41683,""
FIX50SP2,AP,"555 40241",42310,""
FIX50SP2,AP,"555 40241",42364,""
FIX50SP2,AP,"555 40241",42366,""
FIX50SP2,AP,"555 40241 42366",42386,""
FIX50SP2,AP,"555 40241",42405,""
FIX50SP2,AP,"555 40241",42419,""
FIX50SP2,AP,"555 40241",42459,""
FIX50SP2,AP,"555 40241",42485,""
FIX50SP2,AP,"555 40241",42534,""
FIX50SP2,AP,"555 40241 42534",42508,""
FIX50SP2,AP,"555 40241 42534 42508",42569,""
FIX50SP2,AP,"555 40241 42534 42508",42571,""
FIX50SP2,AP,"555 40241 42534",42530,""
FIX50SP2,AP,"555 40241 42534",42560,""
FIX50SP2,AP,"555 40241 42534",42564,""
FIX50SP2,AP,"555",40448,""
FIX50SP2,AP,"555 40448",40473,""
FIX50SP2,AP,"555 40448",40495,""
FIX50SP2,AP,"555 40448",40533,""
FIX50SP2,AP,"555 40448 40533",40537,""
FIX50SP2,AP,"555 40448",40934,""
FIX50SP2,AP,"555 40448",40935,""
FIX50SP2,AP,"555 40448",40936,""
FIX50SP2,AP,"555 40448",40937,""
FIX50SP2,AP,"555 40448",40938,""
FIX50SP2,AP,"555 40448",40939,""
FIX50SP2,AP,"555",40923,""
FIX50SP2,AP,"555",41335,""
FIX50SP2,AP,"555 41335",41316,""
FIX50SP2,AP,"555",41344,""
FIX50SP2,AP,"555 41344",41342,""
FIX50SP2,AP,"555 41344",42306,""
FIX50SP2,AP,"555",41467,""
FIX50SP2,AP,"555",41469,""
FIX50SP2,AP,"555",41471,""
FIX50SP2,AP,"555",41491,""
FIX50SP2,AP,"555",41512,""
FIX50SP2,AP,"555",41515,""
FIX50SP2,AP,"555",41527,""
FIX50SP2,AP,"555",41599,""
FIX50SP2,AP,"555 41599",41604,""
FIX50SP2,AP,"555",41607,""
FIX50SP2,AP,"555",41616,""
FIX50SP2,AP,"555 41616",41614,""
FIX50SP2,AP,"555 41616",41625,""
FIX50SP2,AP,"555 41616 41625",41633,""
FIX50SP2,AP,"555 41616",41635,""
FIX50SP2,AP,"555",42198,""
FIX50SP2,AP,"555",42200,""
FIX50SP2,AP,"555",42203,""
FIX50SP2,AP,"555",42388,""
FIX50SP2,AP,"555",42581,""
FIX50SP2,AP,"",702,""
FIX50SP2,AP,"702",539,""
FIX50SP2,AP,"702 539",804,""
FIX50SP2,AP,"",711,""
FIX50SP2,AP,"711",457,""
FIX50SP2,AP,"711",887,""
FIX50SP2,AP,"711",984,""
FIX50SP2,AP,"711",1058,""
FIX50SP2,AP,"711 1058",1062,""
FIX50SP2,AP,"711",1981,""
FIX50SP2,AP,"711",2045,""
FIX50SP2,AP,"711 2045",2053,""
FIX50SP2,AP,"711 2045 2053",2056,""
FIX50SP2,AP,"711 2045",41716,""
FIX50SP2,AP,"711 2045 41716",41724,""
FIX50SP2,AP,"711 2045",41729,""
FIX50SP2,AP,"711 2045 41729",41713,""
FIX50SP2,AP,"711 2045 41729",41726,""
FIX50SP2,AP,"711 2045 41729",41750,""
FIX50SP2,AP,"711 2045",41732,""
FIX50SP2,AP,"711 2045",41737,""
FIX50SP2,AP,"711 2045",41748,""
FIX50SP2,AP,"711",2080,""
FIX50SP2,AP,"711",2312,""
FIX50SP2,AP,"711",40540,""
FIX50SP2,AP,"711 40540",40656,""
FIX50SP2,AP,"711 40540",40659,""
FIX50SP2,AP,"711 40540",40664,""
FIX50SP2,AP,"711 40540 40664",40704,""
FIX50SP2,AP,"711 40540 40664",40966,""
FIX50SP2,AP,"711 40540 40664",40967,""
FIX50SP2,AP,"711 40540 40664",41878,""
FIX50SP2,AP,"711 40540",40708,""
FIX50SP2,AP,"711 40540 40708",42991,""
FIX50SP2,AP,"711 40540 40708",43000,""
FIX50SP2,AP,"711 40540",40968,""
FIX50SP2,AP,"711 40540",40969,""
FIX50SP2,AP,"711 40540",40970,""
FIX50SP2,AP,"711 40540",40971,""
FIX50SP2,AP,"711 40540",40972,""
FIX50SP2,AP,"711 40540",40973,""
FIX50SP2,AP,"711 40540",40974,""
FIX50SP2,AP,"711 40540",40975,""
FIX50SP2,AP,"711 40540",40976,""
FIX50SP2,AP,"711 40540",41756,""
FIX50SP2,AP,"711 40540 41756",41770,""
FIX50SP2,AP,"711 40540 41756 41770",41773,""
FIX50SP2,AP,"711 40540",41800,""
FIX50SP2,AP,"711 40540",41804,""
FIX50SP2,AP,"711 40540",41808,""
FIX50SP2,AP,"711 40540",41909,""
FIX50SP2,AP,"711 40540",41937,""
FIX50SP2,AP,"711 40540",41941,""
FIX50SP2,AP,"711 40540",41944,""
FIX50SP2,AP,"711 40540",41954,""
FIX50SP2,AP,"711 40540",41962,""
FIX50SP2,AP,"711 40540",41990,""
FIX50SP2,AP,"711 40540",41993,""
FIX50SP2,AP,"711 40540",42002,""
FIX50SP2,AP,"711 40540 42002",41996,""
FIX50SP2,AP,"711 40540 42002 41996",41999,""
FIX50SP2,AP,"711 40540",42799,""
FIX50SP2,AP,"711 40540",42853,""
FIX50SP2,AP,"711 40540",42862,""
FIX50SP2,AP,"711 40540 42862",42882,""
FIX50SP2,AP,"711 40540",42901,""
FIX50SP2,AP,"711 40540",42915,""
FIX50SP2,AP,"711 40540",42955,""
FIX50SP2,AP,"711 40540",42981,""
FIX50SP2,AP,"711 40540",43034,""
FIX50SP2,AP,"711 40540 43034",43008,""
FIX50SP2,AP,"711 40540 43034 43008",43069,""
FIX50SP2,AP,"711 40540 43034 43008",43071,""
FIX50SP2,AP,"711 40540 43034",43030,""
FIX50SP2,AP,"711 40540 43034",43060,""
FIX50SP2,AP,"711 40540 43034",43064,""
FIX50SP2,AP,"711",40962,""
FIX50SP2,AP,"711",41820,""
FIX50SP2,AP,"711",41841,""
FIX50SP2,AP,"711",41844,""
FIX50SP2,AP,"711",41856,""
FIX50SP2,AP,"711",41864,""
FIX50SP2,AP,"711",41866,""
FIX50SP2,AP,"711",41868,""
FIX50SP2,AP,"711",41947,""
FIX50SP2,AP,"711",42036,""
FIX50SP2,AP,"711 42036",41340,""
FIX50SP2,AP,"711",42041,""
FIX50SP2,AP,"711 42041",42039,""
FIX50SP2,AP,"711 42041",42788,""
FIX50SP2,AP,"711",42060,""
FIX50SP2,AP,"711 42060",42065,""
FIX50SP2,AP,"711",42068,""
FIX50SP2,AP,"711 42068",42077,""
FIX50SP2,AP,"711 42068 42077",42085,""
FIX50SP2,AP,"711 42068",42087,""
FIX50SP2,AP,"711 42068",42090,""
FIX50SP2,AP,"711",42149,""
FIX50SP2,AP,"711 42149",42099,""
FIX50SP2,AP,"711 42149",42112,""
FIX50SP2,AP,"711 42149",42173,""
FIX50SP2,AP,"711 42149 42173",42177,""
FIX50SP2,AP,"711 42149",42180,""
FIX50SP2,AP,"711 42149",42182,""
FIX50SP2,AP,"711 42149",42184,""
FIX50SP2,AP,"711 42149",42186,""
FIX50SP2,AP,"711 42149",42188,""
FIX50SP2,AP,"711 42149",42190,""
FIX50SP2,AP,"711",42855,""
FIX50SP2,AP,"711",42884,""
FIX50SP2,AP,"711",43005,""
FIX50SP2,AP,"711",43074,""
FIX50SP2,AP,"",753,""
FIX50SP2,AP,"",768,""
FIX50SP2,AP,"",864,""
FIX50SP2,AP,"",1018,""
FIX50SP2,AP,"1018",1052,""
FIX50SP2,AP,"",1483,""
FIX50SP2,AP,"1483",1491,""
FIX50SP2,AP,"1483 1491",1494,""
FIX50SP2,AP,"1483",40997,""
FIX50SP2,AP,"1483 40997",41005,""
FIX50SP2,AP,"1483",41010,""
FIX50SP2,AP,"1483 41010",40994,""
FIX50SP2,AP,"1483 41010",41007,""
FIX50SP2,AP,"1483 41010",41031,""
FIX50SP2,AP,"1483",41013,""
FIX50SP2,AP,"1483",41018,""
FIX50SP2,AP,"1483",41029,""
FIX50SP2,AP,"",1647,""
FIX50SP2,AP,"",1703,""
FIX50SP2,AP,"1703",2845,""
FIX50SP2,AP,"",1855,""
FIX50SP2,AP,"",1907,""
FIX50SP2,AP,"",1976,""
FIX50SP2,AP,"",2304,""
FIX50SP2,AP,"",2871,""
FIX50SP2,AP,"",40019,""
FIX50SP2,AP,"40019",40000,""
FIX50SP2,AP,"",40022,""
FIX50SP2,AP,"40022",40277,""
FIX50SP2,AP,"40022",42214,""
FIX50SP2,AP,"",40040,""
FIX50SP2,AP,"",40042,""
FIX50SP2,AP,"",40046,""
FIX50SP2,AP,"",40049,""
FIX50SP2,AP,"40049",40085,""
FIX50SP2,AP,"40049",40825,""
FIX50SP2,AP,"40049",40828,""
FIX50SP2,AP,"40049 40828",40868,""
FIX50SP2,AP,"40049 40828",40945,""
FIX50SP2,AP,"40049 40828",40977,""
FIX50SP2,AP,"40049 40828",41161,""
FIX50SP2,AP,"40049",40872,""
FIX50SP2,AP,"40049 40872",42696,""
FIX50SP2,AP,"40049 40872",42705,""
FIX50SP2,AP,"40049",40946,""
FIX50SP2,AP,"40049",40947,""
FIX50SP2,AP,"40049",40948,""
FIX50SP2,AP,"40049",40949,""
FIX50SP2,AP,"40049",40950,""
FIX50SP2,AP,"40049",40958,""
FIX50SP2,AP,"40049",40959,""
FIX50SP2,AP,"40049",40960,""
FIX50SP2,AP,"40049",40961,""
FIX50SP2,AP,"40049",41037,""
FIX50SP2,AP,"40049 41037",41051,""
FIX50SP2,AP,"40049 41037 41051",41054,""
FIX50SP2,AP,"40049",41081,""
FIX50SP2,AP,"40049",41085,""
FIX50SP2,AP,"40049",41192,""
FIX50SP2,AP,"40049",41220,""
FIX50SP2,AP,"40049",41224,""
FIX50SP2,AP,"40049",41227,""
FIX50SP2,AP,"40049",41237,""
FIX50SP2,AP,"40049",41241,""
FIX50SP2,AP,"40049",41249,""
FIX50SP2,AP,"40049",41277,""
FIX50SP2,AP,"40049",41280,""
FIX50SP2,AP,"40049",41289,""
FIX50SP2,AP,"40049 41289",41283,""
FIX50SP2,AP,"40049 41289 41283",41286,""
FIX50SP2,AP,"40049",42236,""
FIX50SP2,AP,"40049",42272,""
FIX50SP2,AP,"40049",42274,""
FIX50SP2,AP,"40049 42274",42294,""
FIX50SP2,AP,"40049",42606,""
FIX50SP2,AP,"40049",42620,""
FIX50SP2,AP,"40049",42660,""
FIX50SP2,AP,"40049",42683,""
FIX50SP2,AP,"40049",42735,""
FIX50SP2,AP,"40049 42735",42709,""
FIX50SP2,AP,"40049 42735 42709",42770,""
FIX50SP2,AP,"40049 42735 42709",42772,""
FIX50SP2,AP,"40049 42735",42731,""
FIX50SP2,AP,"40049 42735",42761,""
FIX50SP2,AP,"40049 42735",42765,""
FIX50SP2,AP,"",40090,""
FIX50SP2,AP,"40090",40142,""
FIX50SP2,AP,"40090",40171,""
FIX50SP2,AP,"40090",40174,""
FIX50SP2,AP,"40090 40174",40178,""
FIX50SP2,AP,"40090",40952,""
FIX50SP2,AP,"40090",40953,""
FIX50SP2,AP,"40090",40954,""
FIX50SP2,AP,"40090",40955,""
FIX50SP2,AP,"40090",40956,""
FIX50SP2,AP,"40090",40957,""
FIX50SP2,AP,"",40181,""
FIX50SP2,AP,"40181",40191,""
FIX50SP2,AP,"40181 40191",40199,""
FIX50SP2,AP,"40181",40201,""
FIX50SP2,AP,"40181",40951,""
FIX50SP2,AP,"",40204,""
FIX50SP2,AP,"40204",40209,""
FIX50SP2,AP,"",40212,""
FIX50SP2,AP,"40212",40230,""
FIX50SP2,AP,"40212 40230",40233,""
FIX50SP2,AP,"40212 40230 40233",40238,""
FIX50SP2,AP,"40212",40944,""
FIX50SP2,AP,"",40278,""
FIX50SP2,AP,"",41092,""
FIX50SP2,AP,"",41094,""
FIX50SP2,AP,"",41096,""
FIX50SP2,AP,"",41116,""
FIX50SP2,AP,"",41137,""
FIX50SP2,AP,"",41140,""
FIX50SP2,AP,"",41152,""
FIX50SP2,AP,"",41230,""
FIX50SP2,AP,"",42296,""
FIX50SP2,AP,"",42775,""
FIX50SP2,AQ,"",454,""
FIX50SP2,AQ,"",555,""
FIX50SP2,AQ,"555",604,""
FIX50SP2,AQ,"555",2059,""
FIX50SP2,AQ,"555",2076,""
FIX50SP2,AQ,"555",2218,""
FIX50SP2,AQ,"555 2218",2250,""
FIX50SP2,AQ,"555 2218 2250",2253,""
FIX50SP2,AQ,"555 2218",41366,""
FIX50SP2,AQ,"555 2218 41366",41374,""
FIX50SP2,AQ,"555 2218",41379,""
FIX50SP2,AQ,"555 2218 41379",41363,""
FIX50SP2,AQ,"555 2218 41379",41376,""
FIX50SP2,AQ,"555 2218 41379",41400,""
FIX50SP2,AQ,"555 2218",41382,""
FIX50SP2,AQ,"555 2218",41387,""
FIX50SP2,AQ,"555 2218",41398,""
FIX50SP2,AQ,"555",2254,""
FIX50SP2,AQ,"555 2254",2258,""
FIX50SP2,AQ,"555",2308,""
FIX50SP2,AQ,"555",40241,""
FIX50SP2,AQ,"555 40241",40367,""
FIX50SP2,AQ,"555 40241",40374,""
FIX50SP2,AQ,"555 40241 40374",40414,""
FIX50SP2,AQ,"555 40241 40374",40927,""
FIX50SP2,AQ,"555 40241 40374",40928,""
FIX50SP2,AQ,"555 40241 40374",41530,""
FIX50SP2,AQ,"555 40241",40418,""
FIX50SP2,AQ,"555 40241 40418",42495,""
FIX50SP2,AQ,"555 40241 40418",42504,""
FIX50SP2,AQ,"555 40241",40902,""
FIX50SP2,AQ,"555 40241",40929,""
FIX50SP2,AQ,"555 40241",40930,""
FIX50SP2,AQ,"555 40241",40931,""
FIX50SP2,AQ,"555 40241",40932,""
FIX50SP2,AQ,"555 40241",40933,""
FIX50SP2,AQ,"555 40241",40940,""
FIX50SP2,AQ,"555 40241",40941,""
FIX50SP2,AQ,"555 40241",40942,""
FIX50SP2,AQ,"555 40241",40943,""
FIX50SP2,AQ,"555 40241",41408,""
FIX50SP2,AQ,"555 40241 41408",41422,""
FIX50SP2,AQ,"555 40241 41408 41422",41425,""
FIX50SP2,AQ,"555 40241",41452,""
FIX50SP2,AQ,"555 40241",41456,""
FIX50SP2,AQ,"555 40241",41460,""
FIX50SP2,AQ,"555 40241",41561,""
FIX50SP2,AQ,"555 40241",41589,""
FIX50SP2,AQ,"555 40241",41593,""
FIX50SP2,AQ,"555 40241",41596,""
FIX50SP2,AQ,"555 40241",41638,""
FIX50SP2,AQ,"555 40241",41646,""
FIX50SP2,AQ,"555 40241",41674,""
FIX50SP2,AQ,"555 40241",41677,""
FIX50SP2,AQ,"555 40241",41686,""
FIX50SP2,AQ,"555 40241 41686",41680,""
FIX50SP2,AQ,"555 40241 41686 41680",41683,""
FIX50SP2,AQ,"555 40241",42310,""
FIX50SP2,AQ,"555 40241",42364,""
FIX50SP2,AQ,"555 40241",42366,""
FIX50SP2,AQ,"555 40241 42366",42386,""
FIX50SP2,AQ,"555 40241",42405,""
FIX50SP2,AQ,"555 40241",42419,""
FIX50SP2,AQ,"555 40241",42459,""
FIX50SP2,AQ,"555 40241",42485,""
FIX50SP2,AQ,"555 40241",42534,""
FIX50SP2,AQ,"555 40241 42534",42508,""
FIX50SP2,AQ,"555 40241 42534 42508",42569,""
FIX50SP2,AQ,"555 40241 42534 42508",42571,""
FIX50SP2,AQ,"555 40241 42534",42530,""
FIX50SP2,AQ,"555 40241 42534",42560,""
FIX50SP2,AQ,"555 40241 42534",42564,""
FIX50SP2,AQ,"555",40448,""
FIX50SP2,AQ,"555 40448",40473,""
FIX50SP2,AQ,"555 40448",40495,""
FIX50SP2,AQ,"555 40448",40533,""
FIX50SP2,AQ,"555 40448 40533",40537,""
FIX50SP2,AQ,"555 40448",40934,""
FIX50SP2,AQ,"555 40448",40935,""
FIX50SP2,AQ,"555 40448",40936,""
FIX50SP2,AQ,"555 40448",40937,""
FIX50SP2,AQ,"555 40448",40938,""
FIX50SP2,AQ,"555 40448",40939,""
FIX50SP2,AQ,"555",40923,""
FIX50SP2,AQ,"555",41335,""
FIX50SP2,AQ,"555 41335",41316,""
FIX50SP2,AQ,"555",41344,""
FIX50SP2,AQ,"555 41344",41342,""
FIX50SP2,AQ,"555 41344",42306,""
FIX50SP2,AQ,"555",41467,""
FIX50SP2,AQ,"555",41469,""
FIX50SP2,AQ,"555",41471,""
FIX50SP2,AQ,"555",41491,""
FIX50SP2,AQ,"555",41512,""
FIX50SP2,AQ,"555",41515,""
FIX50SP2,AQ,"555",41527,""
FIX50SP2,AQ,"555",41599,""
FIX50SP2,AQ,"555 41599",41604,""
FIX50SP2,AQ,"555",41607,""
FIX50SP2,AQ,"555",41616,""
FIX50SP2,AQ,"555 41616",41614,""
FIX50SP2,AQ,"555 41616",41625,""
FIX50SP2,AQ,"555 41616 41625",41633,""
FIX50SP2,AQ,"555 41616",41635,""
FIX50SP2,AQ,"555",42198,""
FIX50SP2,AQ,"555",42200,""
FIX50SP2,AQ,"555",42203,""
FIX50SP2,AQ,"555",42388,""
FIX50SP2,AQ,"555",42581,""
FIX50SP2,AQ,"",711,""
FIX50SP2,AQ,"711",457,""
FIX50SP2,AQ,"711",887,""
FIX50SP2,AQ,"711",1058,""
FIX50SP2,AQ,"711 1058",1062,""
FIX50SP2,AQ,"711",1981,""
FIX50SP2,AQ,"711",2045,""
FIX50SP2,AQ,"711 2045",2053,""
FIX50SP2,AQ,"711 2045 2053",2056,""
FIX50SP2,AQ,"711 2045",41716,""
FIX50SP2,AQ,"711 2045 41716",41724,""
FIX50SP2,AQ,"711 2045",41729,""
FIX50SP2,AQ,"711 2045 41729",41713,""
FIX50SP2,AQ,"711 2045 41729",41726,""
FIX50SP2,AQ,"711 2045 41729",41750,""
FIX50SP2,AQ,"711 2045",41732,""
FIX50SP2,AQ,"711 2045",41737,""
FIX50SP2,AQ,"711 2045",41748,""
FIX50SP2,AQ,"711",2080,""
FIX50SP2,AQ,"711",2312,""
FIX50SP2,AQ,"711",40540,""
FIX50SP2,AQ,"711 40540",40656,""
FIX50SP2,AQ,"711 40540",40659,""
FIX50SP2,AQ,"711 40540",40664,""
FIX50SP2,AQ,"711 40540 40664",40704,""
FIX50SP2,AQ,"711 40540 40664",40966,""
FIX50SP2,AQ,"711 40540 40664",40967,""
FIX50SP2,AQ,"711 40540 40664",41878,""
FIX50SP2,AQ,"711 40540",40708,""
FIX50SP2,AQ,"711 40540 40708",42991,""
FIX50SP2,AQ,"711 40540 40708",43000,""
FIX50SP2,AQ,"711 40540",40968,""
FIX50SP2,AQ,"711 40540",40969,""
FIX50SP2,AQ,"711 40540",40970,""
FIX50SP2,AQ,"711 40540",40971,""
FIX50SP2,AQ,"711 40540",40972,""
FIX50SP2,AQ,"711 40540",40973,""
FIX50SP2,AQ,"711 40540",40974,""
FIX50SP2,AQ,"711 40540",40975,""
FIX50SP2,AQ,"711 40540",40976,""
FIX50SP2,AQ,"711 40540",41756,""
FIX50SP2,AQ,"711 40540 41756",41770,""
FIX50SP2,AQ,"711 40540 41756 41770",41773,""
FIX50SP2,AQ,"711 40540",41800,""
FIX50SP2,AQ,"711 40540",41804,""
FIX50SP2,AQ,"711 40540",41808,""
FIX50SP2,AQ,"711 40540",41909,""
FIX50SP2,AQ,"711 40540",41937,""
FIX50SP2,AQ,"711 40540",41941,""
FIX50SP2,AQ,"711 40540",41944,""
FIX50SP2,AQ,"711 40540",41954,""
FIX50SP2,AQ,"711 40540",41962,""
FIX50SP2,AQ,"711 40540",41990,""
FIX50SP2,AQ,"711 40540",41993,""
FIX50SP2,AQ,"711 40540",42002,""
FIX50SP2,AQ,"711 40540 42002",41996,""
FIX50SP2,AQ,"711 40540 42002 41996",41999,""
FIX50SP2,AQ,"711 40540",42799,""
FIX50SP2,AQ,"711 40540",42853,""
FIX50SP2,AQ,"711 40540",42862,""
FIX50SP2,AQ,"711 40540 42862",42882,""
FIX50SP2,AQ,"711 40540",42901,""
FIX50SP2,AQ,"711 40540",42915,""
FIX50SP2,AQ,"711 40540",42955,""
FIX50SP2,AQ,"711 40540",42981,""
FIX50SP2,AQ,"711 40540",43034,""
FIX50SP2,AQ,"711 40540 43034",43008,""
FIX50SP2,AQ,"711 40540 43034 43008",43069,""
FIX50SP2,AQ,"711 40540 43034 43008",43071,""
FIX50SP2,AQ,"711 40540 43034",43030,""
FIX50SP2,AQ,"711 40540 43034",43060,""
FIX50SP2,AQ,"711 40540 43034",43064,""
FIX50SP2,AQ,"711",40962,""
FIX50SP2,AQ,"711",41820,""
FIX50SP2,AQ,"711",41841,""
FIX50SP2,AQ,"711",41844,""
FIX50SP2,AQ,"711",41856,""
FIX50SP2,AQ,"711",41864,""
FIX50SP2,AQ,"711",41866,""
FIX50SP2,AQ,"711",41868,""
FIX50SP2,AQ,"711",41947,""
FIX50SP2,AQ,"711",42036,""
FIX50SP2,AQ,"711 42036",41340,""
FIX50SP2,AQ,"711",42041,""
FIX50SP2,AQ,"711 42041",42039,""
FIX50SP2,AQ,"711 42041",42788,""
FIX50SP2,AQ,"711",42060,""
FIX50SP2,AQ,"711 42060",42065,""
FIX50SP2,AQ,"711",42068,""
FIX50SP2,AQ,"711 42068",42077,""
FIX50SP2,AQ,"711 42068 42077",42085,""
FIX50SP2,AQ,"711 42068",42087,""
FIX50SP2,AQ,"711 42068",42090,""
FIX50SP2,AQ,"711",42149,""
FIX50SP2,AQ,"711 42149",42099,""
FIX50SP2,AQ,"711 42149",42112,""
FIX50SP2,AQ,"711 42149",42173,""
FIX50SP2,AQ,"711 42149 42173",42177,""
FIX50SP2,AQ,"711 42149",42180,""
FIX50SP2,AQ,"711 42149",42182,""
FIX50SP2,AQ,"711 42149",42184,""
FIX50SP2,AQ,"711 42149",42186,""
FIX50SP2,AQ,"711 42149",42188,""
FIX50SP2,AQ,"711 42149",42190,""
FIX50SP2,AQ,"711",42855,""
FIX50SP2,AQ,"711",42884,""
FIX50SP2,AQ,"711",43005,""
FIX50SP2,AQ,"711",43074,""
FIX50SP2,AQ,"",864,""
FIX50SP2,AQ,"",870,""
FIX50SP2,AQ,"",1018,""
FIX50SP2,AQ,"1018",1052,""
FIX50SP2,AQ,"",1483,""
FIX50SP2,AQ,"1483",1491,""
FIX50SP2,AQ,"1483 1491",1494,""
FIX50SP2,AQ,"1483",40997,""
FIX50SP2,AQ,"1483 40997",41005,""
FIX50SP2,AQ,"1483",41010,""
FIX50SP2,AQ,"1483 41010",40994,""
FIX50SP2,AQ,"1483 41010",41007,""
FIX50SP2,AQ,"1483 41010",41031,""
FIX50SP2,AQ,"1483",41013,""
FIX50SP2,AQ,"1483",41018,""
FIX50SP2,AQ,"1483",41029,""
FIX50SP2,AQ,"",1976,""
FIX50SP2,AQ,"",2304,""
FIX50SP2,AQ,"",2734,""
FIX50SP2,AQ,"",2746,""
FIX50SP2,AQ,"",40019,""
FIX50SP2,AQ,"40019",40000,""
FIX50SP2,AQ,"",40022,""
FIX50SP2,AQ,"40022",40277,""
FIX50SP2,AQ,"40022",42214,""
FIX50SP2,AQ,"",40049,""
FIX50SP2,AQ,"40049",40085,""
FIX50SP2,AQ,"40049",40825,""
FIX50SP2,AQ,"40049",40828,""
FIX50SP2,AQ,"40049 40828",40868,""
FIX50SP2,AQ,"40049 40828",40945,""
FIX50SP2,AQ,"40049 40828",40977,""
FIX50SP2,AQ,"40049 40828",41161,""
FIX50SP2,AQ,"40049",40872,""
FIX50SP2,AQ,"40049 40872",42696,""
FIX50SP2,AQ,"40049 40872",42705,""
FIX50SP2,AQ,"40049",40946,""
FIX50SP2,AQ,"40049",40947,""
FIX50SP2,AQ,"40049",40948,""
FIX50SP2,AQ,"40049",40949,""
FIX50SP2,AQ,"40049",40950,""
FIX50SP2,AQ,"40049",40958,""
FIX50SP2,AQ,"40049",40959,""
FIX50SP2,AQ,"40049",40960,""
FIX50SP2,AQ,"40049",40961,""
FIX50SP2,AQ,"40049",41037,""
FIX50SP2,AQ,"40049 41037",41051,""
FIX50SP2,AQ,"40049 41037 41051",41054,""
FIX50SP2,AQ,"40049",41081,""
FIX50SP2,AQ,"40049",41085,""
FIX50SP2,AQ,"40049",41192,""
FIX50SP2,AQ,"40049",41220,""
FIX50SP2,AQ,"40049",41224,""
FIX50SP2,AQ,"40049",41227,""
FIX50SP2,AQ,"40049",41237,""
FIX50SP2,AQ,"40049",41241,""
FIX50SP2,AQ,"40049",41249,""
FIX50SP2,AQ,"40049",41277,""
FIX50SP2,AQ,"40049",41280,""
FIX50SP2,AQ,"40049",41289,""
FIX50SP2,AQ,"40049 41289",41283,""
FIX50SP2,AQ,"40049 41289 41283",41286,""
FIX50SP2,AQ,"40049",42236,""
FIX50SP2,AQ,"40049",42272,""
FIX50SP2,AQ,"40049",42274,""
FIX50SP2,AQ,"40049 42274",42294,""
FIX50SP2,AQ,"40049",42606,""
FIX50SP2,AQ,"40049",42620,""
FIX50SP2,AQ,"40049",42660,""
FIX50SP2,AQ,"40049",42683,""
FIX50SP2,AQ,"40049",42735,""
FIX50SP2,AQ,"40049 42735",42709,""
FIX50SP2,AQ,"40049 42735 42709",42770,""
FIX50SP2,AQ,"40049 42735 42709",42772,""
FIX50SP2,AQ,"40049 42735",42731,""
FIX50SP2,AQ,"40049 42735",42761,""
FIX50SP2,AQ,"40049 42735",42765,""
FIX50SP2,AQ,"",40090,""
FIX50SP2,AQ,"40090",40142,""
FIX50SP2,AQ,"40090",40171,""
FIX50SP2,AQ,"40090",40174,""
FIX50SP2,AQ,"40090 40174",40178,""
FIX50SP2,AQ,"40090",40952,""
FIX50SP2,AQ,"40090",40953,""
FIX50SP2,AQ,"40090",40954,""
FIX50SP2,AQ,"40090",40955,""
FIX50SP2,AQ,"40090",40956,""
FIX50SP2,AQ,"40090",40957,""
FIX50SP2,AQ,"",40181,""
FIX50SP2,AQ,"40181",40191,""
FIX50SP2,AQ,"40181 40191",40199,""
FIX50SP2,AQ,"40181",40201,""
FIX50SP2,AQ,"40181",40951,""
FIX50SP2,AQ,"",40204,""
FIX50SP2,AQ,"40204",40209,""
FIX50SP2,AQ,"",40278,""
FIX50SP2,AQ,"",41092,""
FIX50SP2,AQ,"",41094,""
FIX50SP2,AQ,"",41096,""
FIX50SP2,AQ,"",41116,""
FIX50SP2,AQ,"",41137,""
FIX50SP2,AQ,"",41140,""
FIX50SP2,AQ,"",41152,""
FIX50SP2,AQ,"",41230,""
FIX50SP2,AQ,"",42296,""
FIX50SP2,AQ,"",42775,""
FIX50SP2,AR,"",454,""
FIX50SP2,AR,"",552,""
FIX50SP2,AR,"552",73,""
FIX50SP2,AR,"552",78,""
FIX50SP2,AR,"552 78",756,""
FIX50SP2,AR,"552 78 756",806,""
FIX50SP2,AR,"552 78",1844,""
FIX50SP2,AR,"552 78",1908,""
FIX50SP2,AR,"552 78",2653,""
FIX50SP2,AR,"552",136,""
FIX50SP2,AR,"552 136",2633,""
FIX50SP2,AR,"552",232,""
FIX50SP2,AR,"552",453,""
FIX50SP2,AR,"552 453",802,""
FIX50SP2,AR,"552",518,""
FIX50SP2,AR,"552",576,""
FIX50SP2,AR,"552",1016,""
FIX50SP2,AR,"552",1158,""
FIX50SP2,AR,"552 1158",781,""
FIX50SP2,AR,"552 1158 781",801,""
FIX50SP2,AR,"552",1624,""
FIX50SP2,AR,"552",1630,""
FIX50SP2,AR,"552",1855,""
FIX50SP2,AR,"552",1861,""
FIX50SP2,AR,"552",2593,""
FIX50SP2,AR,"552",2639,""
FIX50SP2,AR,"",555,""
FIX50SP2,AR,"555",539,""
FIX50SP2,AR,"555 539",804,""
FIX50SP2,AR,"555",604,""
FIX50SP2,AR,"555",683,""
FIX50SP2,AR,"555",1342,""
FIX50SP2,AR,"555 1342",1334,""
FIX50SP2,AR,"555",1586,""
FIX50SP2,AR,"555",2059,""
FIX50SP2,AR,"555",2076,""
FIX50SP2,AR,"555",2218,""
FIX50SP2,AR,"555 2218",2250,""
FIX50SP2,AR,"555 2218 2250",2253,""
FIX50SP2,AR,"555 2218",41366,""
FIX50SP2,AR,"555 2218 41366",41374,""
FIX50SP2,AR,"555 2218",41379,""
FIX50SP2,AR,"555 2218 41379",41363,""
FIX50SP2,AR,"555 2218 41379",41376,""
FIX50SP2,AR,"555 2218 41379",41400,""
FIX50SP2,AR,"555 2218",41382,""
FIX50SP2,AR,"555 2218",41387,""
FIX50SP2,AR,"555 2218",41398,""
FIX50SP2,AR,"555",2254,""
FIX50SP2,AR,"555 2254",2258,""
FIX50SP2,AR,"555",2308,""
FIX50SP2,AR,"555",40241,""
FIX50SP2,AR,"555 40241",40367,""
FIX50SP2,AR,"555 40241",40374,""
FIX50SP2,AR,"555 40241 40374",40414,""
FIX50SP2,AR,"555 40241 40374",40927,""
FIX50SP2,AR,"555 40241 40374",40928,""
FIX50SP2,AR,"555 40241 40374",41530,""
FIX50SP2,AR,"555 40241",40418,""
FIX50SP2,AR,"555 40241 40418",42495,""
FIX50SP2,AR,"555 40241 40418",42504,""
FIX50SP2,AR,"555 40241",40902,""
FIX50SP2,AR,"555 40241",40929,""
FIX50SP2,AR,"555 40241",40930,""
FIX50SP2,AR,"555 40241",40931,""
FIX50SP2,AR,"555 40241",40932,""
FIX50SP2,AR,"555 40241",40933,""
FIX50SP2,AR,"555 40241",40940,""
FIX50SP2,AR,"555 40241",40941,""
FIX50SP2,AR,"555 40241",40942,""
FIX50SP2,AR,"555 40241",40943,""
FIX50SP2,AR,"555 40241",41408,""
FIX50SP2,AR,"555 40241 41408",41422,""
FIX50SP2,AR,"555 40241 41408 41422",41425,""
FIX50SP2,AR,"555 40241",41452,""
FIX50SP2,AR,"555 40241",41456,""
FIX50SP2,AR,"555 40241",41460,""
FIX50SP2,AR,"555 40241",41561,""
FIX50SP2,AR,"555 40241",41589,""
FIX50SP2,AR,"555 40241",41593,""
FIX50SP2,AR,"555 40241",41596,""
FIX50SP2,AR,"555 40241",41638,""
FIX50SP2,AR,"555 40241",41646,""
FIX50SP2,AR,"555 40241",41674,""
FIX50SP2,AR,"555 40241",41677,""
FIX50SP2,AR,"555 40241",41686,""
FIX50SP2,AR,"555 40241 41686",41680,""
FIX50SP2,AR,"555 40241 41686 41680",41683,""
FIX50SP2,AR,"555 40241",42310,""
FIX50SP2,AR,"555 40241",42364,""
FIX50SP2,AR,"555 40241",42366,""
FIX50SP2,AR,"555 40241 42366",42386,""
FIX50SP2,AR,"555 40241",42405,""
FIX50SP2,AR,"555 40241",42419,""
FIX50SP2,AR,"555 40241",42459,""
FIX50SP2,AR,"555 40241",42485,""
FIX50SP2,AR,"555 40241",42534,""
FIX50SP2,AR,"555 40241 42534",42508,""
FIX50SP2,AR,"555 40241 42534 42508",42569,""
FIX50SP2,AR,"555 40241 42534 42508",42571,""
FIX50SP2,AR,"555 40241 42534",42530,""
FIX50SP2,AR,"555 40241 42534",42560,""
FIX50SP2,AR,"555 40241 42534",42564,""
FIX50SP2,AR,"555",40448,""
FIX50SP2,AR,"555 40448",40473,""
FIX50SP2,AR,"555 40448",40495,""
FIX50SP2,AR,"555 40448",40533,""
FIX50SP2,AR,"555 40448 40533",40537,""
FIX50SP2,AR,"555 40448",40934,""
FIX50SP2,AR,"555 40448",40935,""
FIX50SP2,AR,"555 40448",40936,""
FIX50SP2,AR,"555 40448",40937,""
FIX50SP2,AR,"555 40448",40938,""
FIX50SP2,AR,"555 40448",40939,""
FIX50SP2,AR,"555",40923,""
FIX50SP2,AR,"555",41335,""
FIX50SP2,AR,"555 41335",41316,""
FIX50SP2,AR,"555",41344,""
FIX50SP2,AR,"555 41344",41342,""
FIX50SP2,AR,"555 41344",42306,""
FIX50SP2,AR,"555",41467,""
FIX50SP2,AR,"555",41469,""
FIX50SP2,AR,"555",41471,""
FIX50SP2,AR,"555",41491,""
FIX50SP2,AR,"555",41512,""
FIX50SP2,AR,"555",41515,""
FIX50SP2,AR,"555",41527,""
FIX50SP2,AR,"555",41599,""
FIX50SP2,AR,"555 41599",41604,""
FIX50SP2,AR,"555",41607,""
FIX50SP2,AR,"555",41616,""
FIX50SP2,AR,"555 41616",41614,""
FIX50SP2,AR,"555 41616",41625,""
FIX50SP2,AR,"555 41616 41625",41633,""
FIX50SP2,AR,"555 41616",41635,""
FIX50SP2,AR,"555",42198,""
FIX50SP2,AR,"555",42200,""
FIX50SP2,AR,"555",42203,""
FIX50SP2,AR,"555",42388,""
FIX50SP2,AR,"555",42581,""
FIX50SP2,AR,"",711,""
FIX50SP2,AR,"711",457,""
FIX50SP2,AR,"711",887,""
FIX50SP2,AR,"711",1058,""
FIX50SP2,AR,"711 1058",1062,""
FIX50SP2,AR,"711",1981,""
FIX50SP2,AR,"711",2045,""
FIX50SP2,AR,"711 2045",2053,""
FIX50SP2,AR,"711 2045 2053",2056,""
FIX50SP2,AR,"711 2045",41716,""
FIX50SP2,AR,"711 2045 41716",41724,""
FIX50SP2,AR,"711 2045",41729,""
FIX50SP2,AR,"711 2045 41729",41713,""
FIX50SP2,AR,"711 2045 41729",41726,""
FIX50SP2,AR,"711 2045 41729",41750,""
FIX50SP2,AR,"711 2045",41732,""
FIX50SP2,AR,"711 2045",41737,""
FIX50SP2,AR,"711 2045",41748,""
FIX50SP2,AR,"711",2080,""
FIX50SP2,AR,"711",2312,""
FIX50SP2,AR,"711",40540,""
FIX50SP2,AR,"711 40540",40656,""
FIX50SP2,AR,"711 40540",40659,""
FIX50SP2,AR,"711 40540",40664,""
FIX50SP2,AR,"711 40540 40664",40704,""
FIX50SP2,AR,"711 40540 40664",40966,""
FIX50SP2,AR,"711 40540 40664",40967,""
FIX50SP2,AR,"711 40540 40664",41878,""
FIX50SP2,AR,"711 40540",40708,""
FIX50SP2,AR,"711 40540 40708",42991,""
FIX50SP2,AR,"711 40540 40708",43000,""
FIX50SP2,AR,"711 40540",40968,""
FIX50SP2,AR,"711 40540",40969,""
FIX50SP2,AR,"711 40540",40970,""
FIX50SP2,AR,"711 40540",40971,""
FIX50SP2,AR,"711 40540",40972,""
FIX50SP2,AR,"711 40540",40973,""
FIX50SP2,AR,"711 40540",40974,""
FIX50SP2,AR,"711 40540",40975,""
FIX50SP2,AR,"711 40540",40976,""
FIX50SP2,AR,"711 40540",41756,""
FIX50SP2,AR,"711 40540 41756",41770,""
FIX50SP2,AR,"711 40540 41756 41770",41773,""
FIX50SP2,AR,"711 40540",41800,""
FIX50SP2,AR,"711 40540",41804,""
FIX50SP2,AR,"711 40540",41808,""
FIX50SP2,AR,"711 40540",41909,""
FIX50SP2,AR,"711 40540",41937,""
FIX50SP2,AR,"711 40540",41941,""
FIX50SP2,AR,"711 40540",41944,""
FIX50SP2,AR,"711 40540",41954,""
FIX50SP2,AR,"711 40540",41962,""
FIX50SP2,AR,"711 40540",41990,""
FIX50SP2,AR,"711 40540",41993,""
FIX50SP2,AR,"711 40540",42002,""
FIX50SP2,AR,"711 40540 42002",41996,""
FIX50SP2,AR,"711 40540 42002 41996",41999,""
FIX50SP2,AR,"711 40540",42799,""
FIX50SP2,AR,"711 40540",42853,""
FIX50SP2,AR,"711 40540",42862,""
FIX50SP2,AR,"711 40540 42862",42882,""
FIX50SP2,AR,"711 40540",42901,""
FIX50SP2,AR,"711 40540",42915,""
FIX50SP2,AR,"711 40540",42955,""
FIX50SP2,AR,"711 40540",42981,""
FIX50SP2,AR,"711 40540",43034,""
FIX50SP2,AR,"711 40540 43034",43008,""
FIX50SP2,AR,"711 40540 43034 43008",43069,""
FIX50SP2,AR,"711 40540 43034 43008",43071,""
FIX50SP2,AR,"711 40540 43034",43030,""
FIX50SP2,AR,"711 40540 43034",43060,""
FIX50SP2,AR,"711 40540 43034",43064,""
FIX50SP2,AR,"711",40962,""
FIX50SP2,AR,"711",41820,""
FIX50SP2,AR,"711",41841,""
FIX50SP2,AR,"711",41844,""
FIX50SP2,AR,"711",41856,""
FIX50SP2,AR,"711",41864,""
FIX50SP2,AR,"711",41866,""
FIX50SP2,AR,"711",41868,""
FIX50SP2,AR,"711",41947,""
FIX50SP2,AR,"711",42036,""
FIX50SP2,AR,"711 42036",41340,""
FIX50SP2,AR,"711",42041,""
FIX50SP2,AR,"711 42041",42039,""
FIX50SP2,AR,"711 42041",42788,""
FIX50SP2,AR,"711",42060,""
FIX50SP2,AR,"711 42060",42065,""
FIX50SP2,AR,"711",42068,""
FIX50SP2,AR,"711 42068",42077,""
FIX50SP2,AR,"711 42068 42077",42085,""
FIX50SP2,AR,"711 42068",42087,""
FIX50SP2,AR,"711 42068",42090,""
FIX50SP2,AR,"711",42149,""
FIX50SP2,AR,"711 42149",42099,""
FIX50SP2,AR,"711 42149",42112,""
FIX50SP2,AR,"711 42149",42173,""
FIX50SP2,AR,"711 42149 42173",42177,""
FIX50SP2,AR,"711 42149",42180,""
FIX50SP2,AR,"711 42149",42182,""
FIX50SP2,AR,"711 42149",42184,""
FIX50SP2,AR,"711 42149",42186,""
FIX50SP2,AR,"711 42149",42188,""
FIX50SP2,AR,"711 42149",42190,""
FIX50SP2,AR,"711",42855,""
FIX50SP2,AR,"711",42884,""
FIX50SP2,AR,"711",43005,""
FIX50SP2,AR,"711",43074,""
FIX50SP2,AR,"",753,""
FIX50SP2,AR,"",768,""
FIX50SP2,AR,"",864,""
FIX50SP2,AR,"",870,""
FIX50SP2,AR,"",1018,""
FIX50SP2,AR,"1018",1052,""
FIX50SP2,AR,"",1116,""
FIX50SP2,AR,"1116",1120,""
FIX50SP2,AR,"",1387,""
FIX50SP2,AR,"",1483,""
FIX50SP2,AR,"1483",1491,""
FIX50SP2,AR,"1483 1491",1494,""
FIX50SP2,AR,"1483",40997,""
FIX50SP2,AR,"1483 40997",41005,""
FIX50SP2,AR,"1483",41010,""
FIX50SP2,AR,"1483 41010",40994,""
FIX50SP2,AR,"1483 41010",41007,""
FIX50SP2,AR,"1483 41010",41031,""
FIX50SP2,AR,"1483",41013,""
FIX50SP2,AR,"1483",41018,""
FIX50SP2,AR,"1483",41029,""
FIX50SP2,AR,"",1841,""
FIX50SP2,AR,"",1976,""
FIX50SP2,AR,"",2304,""
FIX50SP2,AR,"",2709,""
FIX50SP2,AR,"",2734,""
FIX50SP2,AR,"",2746,""
FIX50SP2,AR,"",40019,""
FIX50SP2,AR,"40019",40000,""
FIX50SP2,AR,"",40022,""
FIX50SP2,AR,"40022",40277,""
FIX50SP2,AR,"40022",42214,""
FIX50SP2,AR,"",40040,""
FIX50SP2,AR,"",40042,""
FIX50SP2,AR,"",40046,""
FIX50SP2,AR,"",40049,""
FIX50SP2,AR,"40049",40085,""
FIX50SP2,AR,"40049",40825,""
FIX50SP2,AR,"40049",40828,""
FIX50SP2,AR,"40049 40828",40868,""
FIX50SP2,AR,"40049 40828",40945,""
FIX50SP2,AR,"40049 40828",40977,""
FIX50SP2,AR,"40049 40828",41161,""
FIX50SP2,AR,"40049",40872,""
FIX50SP2,AR,"40049 40872",42696,""
FIX50SP2,AR,"40049 40872",42705,""
FIX50SP2,AR,"40049",40946,""
FIX50SP2,AR,"40049",40947,""
FIX50SP2,AR,"40049",40948,""
FIX50SP2,AR,"40049",40949,""
FIX50SP2,AR,"40049",40950,""
FIX50SP2,AR,"40049",40958,""
FIX50SP2,AR,"40049",40959,""
FIX50SP2,AR,"40049",40960,""
FIX50SP2,AR,"40049",40961,""
FIX50SP2,AR,"40049",41037,""
FIX50SP2,AR,"40049 41037",41051,""
FIX50SP2,AR,"40049 41037 41051",41054,""
FIX50SP2,AR,"40049",41081,""
FIX50SP2,AR,"40049",41085,""
FIX50SP2,AR,"40049",41192,""
FIX50SP2,AR,"40049",41220,""
FIX50SP2,AR,"40049",41224,""
FIX50SP2,AR,"40049",41227,""
FIX50SP2,AR,"40049",41237,""
FIX50SP2,AR,"40049",41241,""
FIX50SP2,AR,"40049",41249,""
FIX50SP2,AR,"40049",41277,""
FIX50SP2,AR,"40049",41280,""
FIX50SP2,AR,"40049",41289,""
FIX50SP2,AR,"40049 41289",41283,""
FIX50SP2,AR,"40049 41289 41283",41286,""
FIX50SP2,AR,"40049",42236,""
FIX50SP2,AR,"40049",42272,""
FIX50SP2,AR,"40049",42274,""
FIX50SP2,AR,"40049 42274",42294,""
FIX50SP2,AR,"40049",42606,""
FIX50SP2,AR,"40049",42620,""
FIX50SP2,AR,"40049",42660,""
FIX50SP2,AR,"40049",42683,""
FIX50SP2,AR,"40049",42735,""
FIX50SP2,AR,"40049 42735",42709,""
FIX50SP2,AR,"40049 42735 42709",42770,""
FIX50SP2,AR,"40049 42735 42709",42772,""
FIX50SP2,AR,"40049 42735",42731,""
FIX50SP2,AR,"40049 42735",42761,""
FIX50SP2,AR,"40049 42735",42765,""
FIX50SP2,AR,"",40090,""
FIX50SP2,AR,"40090",40142,""
FIX50SP2,AR,"40090",40171,""
FIX50SP2,AR,"40090",40174,""
FIX50SP2,AR,"40090 40174",40178,""
FIX50SP2,AR,"40090",40952,""
FIX50SP2,AR,"40090",40953,""
FIX50SP2,AR,"40090",40954,""
FIX50SP2,AR,"40090",40955,""
FIX50SP2,AR,"40090",40956,""
FIX50SP2,AR,"40090",40957,""
FIX50SP2,AR,"",40181,""
FIX50SP2,AR,"40181",40191,""
FIX50SP2,AR,"40181 40191",40199,""
FIX50SP2,AR,"40181",40201,""
FIX50SP2,AR,"40181",40951,""
FIX50SP2,AR,"",40204,""
FIX50SP2,AR,"40204",40209,""
FIX50SP2,AR,"",40278,""
FIX50SP2,AR,"",41092,""
FIX50SP2,AR,"",41094,""
FIX50SP2,AR,"",41096,""
FIX50SP2,AR,"",41116,""
FIX50SP2,AR,"",41137,""
FIX50SP2,AR,"",41140,""
FIX50SP2,AR,"",41152,""
FIX50SP2,AR,"",41230,""
FIX50SP2,AR,"",42296,""
FIX50SP2,AR,"",42775,""
FIX50SP2,AS,"",73,""
FIX50SP2,AS,"73",756,""
FIX50SP2,AS,"73 756",806,""
FIX50SP2,AS,"",78,""
FIX50SP2,AS,"78",85,""
FIX50SP2,AS,"78 85",781,""
FIX50SP2,AS,"78 85 781",801,""
FIX50SP2,AS,"78",136,""
FIX50SP2,AS,"78 136",2633,""
FIX50SP2,AS,"78",539,""
FIX50SP2,AS,"78 539",804,""
FIX50SP2,AS,"78",576,""
FIX50SP2,AS,"78",1844,""
FIX50SP2,AS,"78",1908,""
FIX50SP2,AS,"78",2653,""
FIX50SP2,AS,"",124,""
FIX50SP2,AS,"124",1838,""
FIX50SP2,AS,"124",2668,""
FIX50SP2,AS,"",232,""
FIX50SP2,AS,"",453,""
FIX50SP2,AS,"453",802,""
FIX50SP2,AS,"",454,""
FIX50SP2,AS,"",555,""
FIX50SP2,AS,"555",604,""
FIX50SP2,AS,"555",2059,""
FIX50SP2,AS,"555",2076,""
FIX50SP2,AS,"555",2218,""
FIX50SP2,AS,"555 2218",2250,""
FIX50SP2,AS,"555 2218 2250",2253,""
FIX50SP2,AS,"555 2218",41366,""
FIX50SP2,AS,"555 2218 41366",41374,""
FIX50SP2,AS,"555 2218",41379,""
FIX50SP2,AS,"555 2218 41379",41363,""
FIX50SP2,AS,"555 2218 41379",41376,""
FIX50SP2,AS,"555 2218 41379",41400,""
FIX50SP2,AS,"555 2218",41382,""
FIX50SP2,AS,"555 2218",41387,""
FIX50SP2,AS,"555 2218",41398,""
FIX50SP2,AS,"555",2254,""
FIX50SP2,AS,"555 2254",2258,""
FIX50SP2,AS,"555",2308,""
FIX50SP2,AS,"555",40241,""
FIX50SP2,AS,"555 40241",40367,""
FIX50SP2,AS,"555 40241",40374,""
FIX50SP2,AS,"555 40241 40374",40414,""
FIX50SP2,AS,"555 40241 40374",40927,""
FIX50SP2,AS,"555 40241 40374",40928,""
FIX50SP2,AS,"555 40241 40374",41530,""
FIX50SP2,AS,"555 40241",40418,""
FIX50SP2,AS,"555 40241 40418",42495,""
FIX50SP2,AS,"555 40241 40418",42504,""
FIX50SP2,AS,"555 40241",40902,""
FIX50SP2,AS,"555 40241",40929,""
FIX50SP2,AS,"555 40241",40930,""
FIX50SP2,AS,"555 40241",40931,""
FIX50SP2,AS,"555 40241",40932,""
FIX50SP2,AS,"555 40241",40933,""
FIX50SP2,AS,"555 40241",40940,""
FIX50SP2,AS,"555 40241",40941,""
FIX50SP2,AS,"555 40241",40942,""
FIX50SP2,AS,"555 40241",40943,""
FIX50SP2,AS,"555 40241",41408,""
FIX50SP2,AS,"555 40241 41408",41422,""
FIX50SP2,AS,"555 40241 41408 41422",41425,""
FIX50SP2,AS,"555 40241",41452,""
FIX50SP2,AS,"555 40241",41456,""
FIX50SP2,AS,"555 40241",41460,""
FIX50SP2,AS,"555 40241",41561,""
FIX50SP2,AS,"555 40241",41589,""
FIX50SP2,AS,"555 40241",41593,""
FIX50SP2,AS,"555 40241",41596,""
FIX50SP2,AS,"555 40241",41638,""
FIX50SP2,AS,"555 40241",41646,""
FIX50SP2,AS,"555 40241",41674,""
FIX50SP2,AS,"555 40241",41677,""
FIX50SP2,AS,"555 40241",41686,""
FIX50SP2,AS,"555 40241 41686",41680,""
FIX50SP2,AS,"555 40241 41686 41680",41683,""
FIX50SP2,AS,"555 40241",42310,""
FIX50SP2,AS,"555 40241",42364,""
FIX50SP2,AS,"555 40241",42366,""
FIX50SP2,AS,"555 40241 42366",42386,""
FIX50SP2,AS,"555 40241",42405,""
FIX50SP2,AS,"555 40241",42419,""
FIX50SP2,AS,"555 40241",42459,""
FIX50SP2,AS,"555 40241",42485,""
FIX50SP2,AS,"555 40241",42534,""
FIX50SP2,AS,"555 40241 42534",42508,""
FIX50SP2,AS,"555 40241 42534 42508",42569,""
FIX50SP2,AS,"555 40241 42534 42508",42571,""
FIX50SP2,AS,"555 40241 42534",42530,""
FIX50SP2,AS,"555 40241 42534",42560,""
FIX50SP2,AS,"555 40241 42534",42564,""
FIX50SP2,AS,"555",40448,""
FIX50SP2,AS,"555 40448",40473,""
FIX50SP2,AS,"555 40448",40495,""
FIX50SP2,AS,"555 40448",40533,""
FIX50SP2,AS,"555 40448 40533",40537,""
FIX50SP2,AS,"555 40448",40934,""
FIX50SP2,AS,"555 40448",40935,""
FIX50SP2,AS,"555 40448",40936,""
FIX50SP2,AS,"555 40448",40937,""
FIX50SP2,AS,"555 40448",40938,""
FIX50SP2,AS,"555 40448",40939,""
FIX50SP2,AS,"555",40923,""
FIX50SP2,AS,"555",41335,""
FIX50SP2,AS,"555 41335",41316,""
FIX50SP2,AS,"555",41344,""
FIX50SP2,AS,"555 41344",41342,""
FIX50SP2,AS,"555 41344",42306,""
FIX50SP2,AS,"555",41467,""
FIX50SP2,AS,"555",41469,""
FIX50SP2,AS,"555",41471,""
FIX50SP2,AS,"555",41491,""
FIX50SP2,AS,"555",41512,""
FIX50SP2,AS,"555",41515,""
FIX50SP2,AS,"555",41527,""
FIX50SP2,AS,"555",41599,""
FIX50SP2,AS,"555 41599",41604,""
FIX50SP2,AS,"555",41607,""
FIX50SP2,AS,"555",41616,""
FIX50SP2,AS,"555 41616",41614,""
FIX50SP2,AS,"555 41616",41625,""
FIX50SP2,AS,"555 41616 41625",41633,""
FIX50SP2,AS,"555 41616",41635,""
FIX50SP2,AS,"555",42198,""
FIX50SP2,AS,"555",42200,""
FIX50SP2,AS,"555",42203,""
FIX50SP2,AS,"555",42388,""
FIX50SP2,AS,"555",42581,""
FIX50SP2,AS,"",711,""
FIX50SP2,AS,"711",457,""
FIX50SP2,AS,"711",887,""
FIX50SP2,AS,"711",1058,""
FIX50SP2,AS,"711 1058",1062,""
FIX50SP2,AS,"711",1981,""
FIX50SP2,AS,"711",2045,""
FIX50SP2,AS,"711 2045",2053,""
FIX50SP2,AS,"711 2045 2053",2056,""
FIX50SP2,AS,"711 2045",41716,""
FIX50SP2,AS,"711 2045 41716",41724,""
FIX50SP2,AS,"711 2045",41729,""
FIX50SP2,AS,"711 2045 41729",41713,""
FIX50SP2,AS,"711 2045 41729",41726,""
FIX50SP2,AS,"711 2045 41729",41750,""
FIX50SP2,AS,"711 2045",41732,""
FIX50SP2,AS,"711 2045",41737,""
FIX50SP2,AS,"711 2045",41748,""
FIX50SP2,AS,"711",2080,""
FIX50SP2,AS,"711",2312,""
FIX50SP2,AS,"711",40540,""
FIX50SP2,AS,"711 40540",40656,""
FIX50SP2,AS,"711 40540",40659,""
FIX50SP2,AS,"711 40540",40664,""
FIX50SP2,AS,"711 40540 40664",40704,""
FIX50SP2,AS,"711 40540 40664",40966,""
FIX50SP2,AS,"711 40540 40664",40967,""
FIX50SP2,AS,"711 40540 40664",41878,""
FIX50SP2,AS,"711 40540",40708,""
FIX50SP2,AS,"711 40540 40708",42991,""
FIX50SP2,AS,"711 40540 40708",43000,""
FIX50SP2,AS,"711 40540",40968,""
FIX50SP2,AS,"711 40540",40969,""
FIX50SP2,AS,"711 40540",40970,""
FIX50SP2,AS,"711 40540",40971,""
FIX50SP2,AS,"711 40540",40972,""
FIX50SP2,AS,"711 40540",40973,""
FIX50SP2,AS,"711 40540",40974,""
FIX50SP2,AS,"711 40540",40975,""
FIX50SP2,AS,"711 40540",40976,""
FIX50SP2,AS,"711 40540",41756,""
FIX50SP2,AS,"711 40540 41756",41770,""
FIX50SP2,AS,"711 40540 41756 41770",41773,""
FIX50SP2,AS,"711 40540",41800,""
FIX50SP2,AS,"711 40540",41804,""
FIX50SP2,AS,"711 40540",41808,""
FIX50SP2,AS,"711 40540",41909,""
FIX50SP2,AS,"711 40540",41937,""
FIX50SP2,AS,"711 40540",41941,""
FIX50SP2,AS,"711 40540",41944,""
FIX50SP2,AS,"711 40540",41954,""
FIX50SP2,AS,"711 40540",41962,""
FIX50SP2,AS,"711 40540",41990,""
FIX50SP2,AS,"711 40540",41993,""
FIX50SP2,AS,"711 40540",42002,""
FIX50SP2,AS,"711 40540 42002",41996,""
FIX50SP2,AS,"711 40540 42002 41996",41999,""
FIX50SP2,AS,"711 40540",42799,""
FIX50SP2,AS,"711 40540",42853,""
FIX50SP2,AS,"711 40540",42862,""
FIX50SP2,AS,"711 40540 42862",42882,""
FIX50SP2,AS,"711 40540",42901,""
FIX50SP2,AS,"711 40540",42915,""
FIX50SP2,AS,"711 40540",42955,""
FIX50SP2,AS,"711 40540",42981,""
FIX50SP2,AS,"711 40540",43034,""
FIX50SP2,AS,"711 40540 43034",43008,""
FIX50SP2,AS,"711 40540 43034 43008",43069,""
FIX50SP2,AS,"711 40540 43034 43008",43071,""
FIX50SP2,AS,"711 40540 43034",43030,""
FIX50SP2,AS,"711 40540 43034",43060,""
FIX50SP2,AS,"711 40540 43034",43064,""
FIX50SP2,AS,"711",40962,""
FIX50SP2,AS,"711",41820,""
FIX50SP2,AS,"711",41841,""
FIX50SP2,AS,"711",41844,""
FIX50SP2,AS,"711",41856,""
FIX50SP2,AS,"711",41864,""
FIX50SP2,AS,"711",41866,""
FIX50SP2,AS,"711",41868,""
FIX50SP2,AS,"711",41947,""
FIX50SP2,AS,"711",42036,""
FIX50SP2,AS,"711 42036",41340,""
FIX50SP2,AS,"711",42041,""
FIX50SP2,AS,"711 42041",42039,""
FIX50SP2,AS,"711 42041",42788,""
FIX50SP2,AS,"711",42060,""
FIX50SP2,AS,"711 42060",42065,""
FIX50SP2,AS,"711",42068,""
FIX50SP2,AS,"711 42068",42077,""
FIX50SP2,AS,"711 42068 42077",42085,""
FIX50SP2,AS,"711 42068",42087,""
FIX50SP2,AS,"711 42068",42090,""
FIX50SP2,AS,"711",42149,""
FIX50SP2,AS,"711 42149",42099,""
FIX50SP2,AS,"711 42149",42112,""
FIX50SP2,AS,"711 42149",42173,""
FIX50SP2,AS,"711 42149 42173",42177,""
FIX50SP2,AS,"711 42149",42180,""
FIX50SP2,AS,"711 42149",42182,""
FIX50SP2,AS,"711 42149",42184,""
FIX50SP2,AS,"711 42149",42186,""
FIX50SP2,AS,"711 42149",42188,""
FIX50SP2,AS,"711 42149",42190,""
FIX50SP2,AS,"711",42855,""
FIX50SP2,AS,"711",42884,""
FIX50SP2,AS,"711",43005,""
FIX50SP2,AS,"711",43074,""
FIX50SP2,AS,"",753,""
FIX50SP2,AS,"",864,""
FIX50SP2,AS,"",870,""
FIX50SP2,AS,"",1018,""
FIX50SP2,AS,"1018",1052,""
FIX50SP2,AS,"",1445,""
FIX50SP2,AS,"",1483,""
FIX50SP2,AS,"1483",1491,""
FIX50SP2,AS,"1483 1491",1494,""
FIX50SP2,AS,"1483",40997,""
FIX50SP2,AS,"1483 40997",41005,""
FIX50SP2,AS,"1483",41010,""
FIX50SP2,AS,"1483 41010",40994,""
FIX50SP2,AS,"1483 41010",41007,""
FIX50SP2,AS,"1483 41010",41031,""
FIX50SP2,AS,"1483",41013,""
FIX50SP2,AS,"1483",41018,""
FIX50SP2,AS,"1483",41029,""
FIX50SP2,AS,"",1907,""
FIX50SP2,AS,"",1976,""
FIX50SP2,AS,"",2304,""
FIX50SP2,AS,"",2709,""
FIX50SP2,AS,"",2734,""
FIX50SP2,AS,"",2746,""
FIX50SP2,AS,"",40019,""
FIX50SP2,AS,"40019",40000,""
FIX50SP2,AS,"",40022,""
FIX50SP2,AS,"40022",40277,""
FIX50SP2,AS,"40022",42214,""
FIX50SP2,AS,"",40040,""
FIX50SP2,AS,"",40042,""
FIX50SP2,AS,"",40046,""
FIX50SP2,AS,"",40049,""
FIX50SP2,AS,"40049",40085,""
FIX50SP2,AS,"40049",40825,""
FIX50SP2,AS,"40049",40828,""
FIX50SP2,AS,"40049 40828",40868,""
FIX50SP2,AS,"40049 40828",40945,""
FIX50SP2,AS,"40049 40828",40977,""
FIX50SP2,AS,"40049 40828",41161,""
FIX50SP2,AS,"40049",40872,""
FIX50SP2,AS,"40049 40872",42696,""
FIX50SP2,AS,"40049 40872",42705,""
FIX50SP2,AS,"40049",40946,""
FIX50SP2,AS,"40049",40947,""
FIX50SP2,AS,"40049",40948,""
FIX50SP2,AS,"40049",40949,""
FIX50SP2,AS,"40049",40950,""
FIX50SP2,AS,"40049",40958,""
FIX50SP2,AS,"40049",40959,""
FIX50SP2,AS,"40049",40960,""
FIX50SP2,AS,"40049",40961,""
FIX50SP2,AS,"40049",41037,""
FIX50SP2,AS,"40049 41037",41051,""
FIX50SP2,AS,"40049 41037 41051",41054,""
FIX50SP2,AS,"40049",41081,""
FIX50SP2,AS,"40049",41085,""
FIX50SP2,AS,"40049",41192,""
FIX50SP2,AS,"40049",41220,""
FIX50SP2,AS,"40049",41224,""
FIX50SP2,AS,"40049",41227,""
FIX50SP2,AS,"40049",41237,""
FIX50SP2,AS,"40049",41241,""
FIX50SP2,AS,"40049",41249,""
FIX50SP2,AS,"40049",41277,""
FIX50SP2,AS,"40049",41280,""
FIX50SP2,AS,"40049",41289,""
FIX50SP2,AS,"40049 41289",41283,""
FIX50SP2,AS,"40049 41289 41283",41286,""
FIX50SP2,AS,"40049",42236,""
FIX50SP2,AS,"40049",42272,""
FIX50SP2,AS,"40049",42274,""
FIX50SP2,AS,"40049 42274",42294,""
FIX50SP2,AS,"40049",42606,""
FIX50SP2,AS,"40049",42620,""
FIX50SP2,AS,"40049",42660,""
FIX50SP2,AS,"40049",42683,""
FIX50SP2,AS,"40049",42735,""
FIX50SP2,AS,"40049 42735",42709,""
FIX50SP2,AS,"40049 42735 42709",42770,""
FIX50SP2,AS,"40049 42735 42709",42772,""
FIX50SP2,AS,"40049 42735",42731,""
FIX50SP2,AS,"40049 42735",42761,""
FIX50SP2,AS,"40049 42735",42765,""
FIX50SP2,AS,"",40090,""
FIX50SP2,AS,"40090",40142,""
FIX50SP2,AS,"40090",40171,""
FIX50SP2,AS,"40090",40174,""
FIX50SP2,AS,"40090 40174",40178,""
FIX50SP2,AS,"40090",40952,""
FIX50SP2,AS,"40090",40953,""
FIX50SP2,AS,"40090",40954,""
FIX50SP2,AS,"40090",40955,""
FIX50SP2,AS,"40090",40956,""
FIX50SP2,AS,"40090",40957,""
FIX50SP2,AS,"",40181,""
FIX50SP2,AS,"40181",40191,""
FIX50SP2,AS,"40181 40191",40199,""
FIX50SP2,AS,"40181",40201,""
FIX50SP2,AS,"40181",40951,""
FIX50SP2,AS,"",40204,""
FIX50SP2,AS,"40204",40209,""
FIX50SP2,AS,"",40278,""
FIX50SP2,AS,"",41092,""
FIX50SP2,AS,"",41094,""
FIX50SP2,AS,"",41096,""
FIX50SP2,AS,"",41116,""
FIX50SP2,AS,"",41137,""
FIX50SP2,AS,"",41140,""
FIX50SP2,AS,"",41152,""
FIX50SP2,AS,"",41230,""
FIX50SP2,AS,"",42296,""
FIX50SP2,AS,"",42775,""
FIX50SP2,AT,"",78,""
FIX50SP2,AT,"78",539,""
FIX50SP2,AT,"78 539",804,""
FIX50SP2,AT,"78",1908,""
FIX50SP2,AT,"",453,""
FIX50SP2,AT,"453",802,""
FIX50SP2,AT,"",454,""
FIX50SP2,AT,"",864,""
FIX50SP2,AT,"",1018,""
FIX50SP2,AT,"1018",1052,""
FIX50SP2,AT,"",1483,""
FIX50SP2,AT,"1483",1491,""
FIX50SP2,AT,"1483 1491",1494,""
FIX50SP2,AT,"1483",40997,""
FIX50SP2,AT,"1483 40997",41005,""
FIX50SP2,AT,"1483",41010,""
FIX50SP2,AT,"1483 41010",40994,""
FIX50SP2,AT,"1483 41010",41007,""
FIX50SP2,AT,"1483 41010",41031,""
FIX50SP2,AT,"1483",41013,""
FIX50SP2,AT,"1483",41018,""
FIX50SP2,AT,"1483",41029,""
FIX50SP2,AT,"",1907,""
FIX50SP2,AT,"",1976,""
FIX50SP2,AT,"",2304,""
FIX50SP2,AT,"",40019,""
FIX50SP2,AT,"40019",40000,""
FIX50SP2,AT,"",40022,""
FIX50SP2,AT,"40022",40277,""
FIX50SP2,AT,"40022",42214,""
FIX50SP2,AT,"",40049,""
FIX50SP2,AT,"40049",40085,""
FIX50SP2,AT,"40049",40825,""
FIX50SP2,AT,"40049",40828,""
FIX50SP2,AT,"40049 40828",40868,""
FIX50SP2,AT,"40049 40828",40945,""
FIX50SP2,AT,"40049 40828",40977,""
FIX50SP2,AT,"40049 40828",41161,""
FIX50SP2,AT,"40049",40872,""
FIX50SP2,AT,"40049 40872",42696,""
FIX50SP2,AT,"40049 40872",42705,""
FIX50SP2,AT,"40049",40946,""
FIX50SP2,AT,"40049",40947,""
FIX50SP2,AT,"40049",40948,""
FIX50SP2,AT,"40049",40949,""
FIX50SP2,AT,"40049",40950,""
FIX50SP2,AT,"40049",40958,""
FIX50SP2,AT,"40049",40959,""
FIX50SP2,AT,"40049",40960,""
FIX50SP2,AT,"40049",40961,""
FIX50SP2,AT,"40049",41037,""
FIX50SP2,AT,"40049 41037",41051,""
FIX50SP2,AT,"40049 41037 41051",41054,""
FIX50SP2,AT,"40049",41081,""
FIX50SP2,AT,"40049",41085,""
FIX50SP2,AT,"40049",41192,""
FIX50SP2,AT,"40049",41220,""
FIX50SP2,AT,"40049",41224,""
FIX50SP2,AT,"40049",41227,""
FIX50SP2,AT,"40049",41237,""
FIX50SP2,AT,"40049",41241,""
FIX50SP2,AT,"40049",41249,""
FIX50SP2,AT,"40049",41277,""
FIX50SP2,AT,"40049",41280,""
FIX50SP2,AT,"40049",41289,""
FIX50SP2,AT,"40049 41289",41283,""
FIX50SP2,AT,"40049 41289 41283",41286,""
FIX50SP2,AT,"40049",42236,""
FIX50SP2,AT,"40049",42272,""
FIX50SP2,AT,"40049",42274,""
FIX50SP2,AT,"40049 42274",42294,""
FIX50SP2,AT,"40049",42606,""
FIX50SP2,AT,"40049",42620,""
FIX50SP2,AT,"40049",42660,""
FIX50SP2,AT,"40049",42683,""
FIX50SP2,AT,"40049",42735,""
FIX50SP2,AT,"40049 42735",42709,""
FIX50SP2,AT,"40049 42735 42709",42770,""
FIX50SP2,AT,"40049 42735 42709",42772,""
FIX50SP2,AT,"40049 42735",42731,""
FIX50SP2,AT,"40049 42735",42761,""
FIX50SP2,AT,"40049 42735",42765,""
FIX50SP2,AT,"",40090,""
FIX50SP2,AT,"40090",40142,""
FIX50SP2,AT,"40090",40171,""
FIX50SP2,AT,"40090",40174,""
FIX50SP2,AT,"40090 40174",40178,""
FIX50SP2,AT,"40090",40952,""
FIX50SP2,AT,"40090",40953,""
FIX50SP2,AT,"40090",40954,""
FIX50SP2,AT,"40090",40955,""
FIX50SP2,AT,"40090",40956,""
FIX50SP2,AT,"40090",40957,""
FIX50SP2,AT,"",40181,""
FIX50SP2,AT,"40181",40191,""
FIX50SP2,AT,"40181 40191",40199,""
FIX50SP2,AT,"40181",40201,""
FIX50SP2,AT,"40181",40951,""
FIX50SP2,AT,"",40204,""
FIX50SP2,AT,"40204",40209,""
FIX50SP2,AT,"",40278,""
FIX50SP2,AT,"",41092,""
FIX50SP2,AT,"",41094,""
FIX50SP2,AT,"",41096,""
FIX50SP2,AT,"",41116,""
FIX50SP2,AT,"",41137,""
FIX50SP2,AT,"",41140,""
FIX50SP2,AT,"",41152,""
FIX50SP2,AT,"",41230,""
FIX50SP2,AT,"",42296,""
FIX50SP2,AT,"",42775,""
FIX50SP2,AU,"",1907,""
FIX50SP2,AU,"",2772,""
FIX50SP2,AU,"",2781,""
FIX50SP2,AV,"",453,""
FIX50SP2,AV,"453",802,""
FIX50SP2,AW,"",453,""
FIX50SP2,AW,"453",802,""
FIX50SP2,AW,"",454,""
FIX50SP2,AW,"",555,""
FIX50SP2,AW,"555",604,""
FIX50SP2,AW,"555",2059,""
FIX50SP2,AW,"555",2076,""
FIX50SP2,AW,"555",2218,""
FIX50SP2,AW,"555 2218",2250,""
FIX50SP2,AW,"555 2218 2250",2253,""
FIX50SP2,AW,"555 2218",41366,""
FIX50SP2,AW,"555 2218 41366",41374,""
FIX50SP2,AW,"555 2218",41379,""
FIX50SP2,AW,"555 2218 41379",41363,""
FIX50SP2,AW,"555 2218 41379",41376,""
FIX50SP2,AW,"555 2218 41379",41400,""
FIX50SP2,AW,"555 2218",41382,""
FIX50SP2,AW,"555 2218",41387,""
FIX50SP2,AW,"555 2218",41398,""
FIX50SP2,AW,"555",2254,""
FIX50SP2,AW,"555 2254",2258,""
FIX50SP2,AW,"555",2308,""
FIX50SP2,AW,"555",40241,""
FIX50SP2,AW,"555 40241",40367,""
FIX50SP2,AW,"555 40241",40374,""
FIX50SP2,AW,"555 40241 40374",40414,""
FIX50SP2,AW,"555 40241 40374",40927,""
FIX50SP2,AW,"555 40241 40374",40928,""
FIX50SP2,AW,"555 40241 40374",41530,""
FIX50SP2,AW,"555 40241",40418,""
FIX50SP2,AW,"555 40241 40418",42495,""
FIX50SP2,AW,"555 40241 40418",42504,""
FIX50SP2,AW,"555 40241",40902,""
FIX50SP2,AW,"555 40241",40929,""
FIX50SP2,AW,"555 40241",40930,""
FIX50SP2,AW,"555 40241",40931,""
FIX50SP2,AW,"555 40241",40932,""
FIX50SP2,AW,"555 40241",40933,""
FIX50SP2,AW,"555 40241",40940,""
FIX50SP2,AW,"555 40241",40941,""
FIX50SP2,AW,"555 40241",40942,""
FIX50SP2,AW,"555 40241",40943,""
FIX50SP2,AW,"555 40241",41408,""
FIX50SP2,AW,"555 40241 41408",41422,""
FIX50SP2,AW,"555 40241 41408 41422",41425,""
FIX50SP2,AW,"555 40241",41452,""
FIX50SP2,AW,"555 40241",41456,""
FIX50SP2,AW,"555 40241",41460,""
FIX50SP2,AW,"555 40241",41561,""
FIX50SP2,AW,"555 40241",41589,""
FIX50SP2,AW,"555 40241",41593,""
FIX50SP2,AW,"555 40241",41596,""
FIX50SP2,AW,"555 40241",41638,""
FIX50SP2,AW,"555 40241",41646,""
FIX50SP2,AW,"555 40241",41674,""
FIX50SP2,AW,"555 40241",41677,""
FIX50SP2,AW,"555 40241",41686,""
FIX50SP2,AW,"555 40241 41686",41680,""
FIX50SP2,AW,"555 40241 41686 41680",41683,""
FIX50SP2,AW,"555 40241",42310,""
FIX50SP2,AW,"555 40241",42364,""
FIX50SP2,AW,"555 40241",42366,""
FIX50SP2,AW,"555 40241 42366",42386,""
FIX50SP2,AW,"555 40241",42405,""
FIX50SP2,AW,"555 40241",42419,""
FIX50SP2,AW,"555 40241",42459,""
FIX50SP2,AW,"555 40241",42485,""
FIX50SP2,AW,"555 40241",42534,""
FIX50SP2,AW,"555 40241 42534",42508,""
FIX50SP2,AW,"555 40241 42534 42508",42569,""
FIX50SP2,AW,"555 40241 42534 42508",42571,""
FIX50SP2,AW,"555 40241 42534",42530,""
FIX50SP2,AW,"555 40241 42534",42560,""
FIX50SP2,AW,"555 40241 42534",42564,""
FIX50SP2,AW,"555",40448,""
FIX50SP2,AW,"555 40448",40473,""
FIX50SP2,AW,"555 40448",40495,""
FIX50SP2,AW,"555 40448",40533,""
FIX50SP2,AW,"555 40448 40533",40537,""
FIX50SP2,AW,"555 40448",40934,""
FIX50SP2,AW,"555 40448",40935,""
FIX50SP2,AW,"555 40448",40936,""
FIX50SP2,AW,"555 40448",40937,""
FIX50SP2,AW,"555 40448",40938,""
FIX50SP2,AW,"555 40448",40939,""
FIX50SP2,AW,"555",40923,""
FIX50SP2,AW,"555",41335,""
FIX50SP2,AW,"555 41335",41316,""
FIX50SP2,AW,"555",41344,""
FIX50SP2,AW,"555 41344",41342,""
FIX50SP2,AW,"555 41344",42306,""
FIX50SP2,AW,"555",41467,""
FIX50SP2,AW,"555",41469,""
FIX50SP2,AW,"555",41471,""
FIX50SP2,AW,"555",41491,""
FIX50SP2,AW,"555",41512,""
FIX50SP2,AW,"555",41515,""
FIX50SP2,AW,"555",41527,""
FIX50SP2,AW,"555",41599,""
FIX50SP2,AW,"555 41599",41604,""
FIX50SP2,AW,"555",41607,""
FIX50SP2,AW,"555",41616,""
FIX50SP2,AW,"555 41616",41614,""
FIX50SP2,AW,"555 41616",41625,""
FIX50SP2,AW,"555 41616 41625",41633,""
FIX50SP2,AW,"555 41616",41635,""
FIX50SP2,AW,"555",42198,""
FIX50SP2,AW,"555",42200,""
FIX50SP2,AW,"555",42203,""
FIX50SP2,AW,"555",42388,""
FIX50SP2,AW,"555",42581,""
FIX50SP2,AW,"",702,""
FIX50SP2,AW,"702",539,""
FIX50SP2,AW,"702 539",804,""
FIX50SP2,AW,"",711,""
FIX50SP2,AW,"711",457,""
FIX50SP2,AW,"711",887,""
FIX50SP2,AW,"711",1058,""
FIX50SP2,AW,"711 1058",1062,""
FIX50SP2,AW,"711",1981,""
FIX50SP2,AW,"711",2045,""
FIX50SP2,AW,"711 2045",2053,""
FIX50SP2,AW,"711 2045 2053",2056,""
FIX50SP2,AW,"711 2045",41716,""
FIX50SP2,AW,"711 2045 41716",41724,""
FIX50SP2,AW,"711 2045",41729,""
FIX50SP2,AW,"711 2045 41729",41713,""
FIX50SP2,AW,"711 2045 41729",41726,""
FIX50SP2,AW,"711 2045 41729",41750,""
FIX50SP2,AW,"711 2045",41732,""
FIX50SP2,AW,"711 2045",41737,""
FIX50SP2,AW,"711 2045",41748,""
FIX50SP2,AW,"711",2080,""
FIX50SP2,AW,"711",2312,""
FIX50SP2,AW,"711",40540,""
FIX50SP2,AW,"711 40540",40656,""
FIX50SP2,AW,"711 40540",40659,""
FIX50SP2,AW,"711 40540",40664,""
FIX50SP2,AW,"711 40540 40664",40704,""
FIX50SP2,AW,"711 40540 40664",40966,""
FIX50SP2,AW,"711 40540 40664",40967,""
FIX50SP2,AW,"711 40540 40664",41878,""
FIX50SP2,AW,"711 40540",40708,""
FIX50SP2,AW,"711 40540 40708",42991,""
FIX50SP2,AW,"711 40540 40708",43000,""
FIX50SP2,AW,"711 40540",40968,""
FIX50SP2,AW,"711 40540",40969,""
FIX50SP2,AW,"711 40540",40970,""
FIX50SP2,AW,"711 40540",40971,""
FIX50SP2,AW,"711 40540",40972,""
FIX50SP2,AW,"711 40540",40973,""
FIX50SP2,AW,"711 40540",40974,""
FIX50SP2,AW,"711 40540",40975,""
FIX50SP2,AW,"711 40540",40976,""
FIX50SP2,AW,"711 40540",41756,""
FIX50SP2,AW,"711 40540 41756",41770,""
FIX50SP2,AW,"711 40540 41756 41770",41773,""
FIX50SP2,AW,"711 40540",41800,""
FIX50SP2,AW,"711 40540",41804,""
FIX50SP2,AW,"711 40540",41808,""
FIX50SP2,AW,"711 40540",41909,""
FIX50SP2,AW,"711 40540",41937,""
FIX50SP2,AW,"711 40540",41941,""
FIX50SP2,AW,"711 40540",41944,""
FIX50SP2,AW,"711 40540",41954,""
FIX50SP2,AW,"711 40540",41962,""
FIX50SP2,AW,"711 40540",41990,""
FIX50SP2,AW,"711 40540",41993,""
FIX50SP2,AW,"711 40540",42002,""
FIX50SP2,AW,"711 40540 42002",41996,""
FIX50SP2,AW,"711 40540 42002 41996",41999,""
FIX50SP2,AW,"711 40540",42799,""
FIX50SP2,AW,"711 40540",42853,""
FIX50SP2,AW,"711 40540",42862,""
FIX50SP2,AW,"711 40540 42862",42882,""
FIX50SP2,AW,"711 40540",42901,""
FIX50SP2,AW,"711 40540",42915,""
FIX50SP2,AW,"711 40540",42955,""
FIX50SP2,AW,"711 40540",42981,""
FIX50SP2,AW,"711 40540",43034,""
FIX50SP2,AW,"711 40540 43034",43008,""
FIX50SP2,AW,"711 40540 43034 43008",43069,""
FIX50SP2,AW,"711 40540 43034 43008",43071,""
FIX50SP2,AW,"711 40540 43034",43030,""
FIX50SP2,AW,"711 40540 43034",43060,""
FIX50SP2,AW,"711 40540 43034",43064,""
FIX50SP2,AW,"711",40962,""
FIX50SP2,AW,"711",41820,""
FIX50SP2,AW,"711",41841,""
FIX50SP2,AW,"711",41844,""
FIX50SP2,AW,"711",41856,""
FIX50SP2,AW,"711",41864,""
FIX50SP2,AW,"711",41866,""
FIX50SP2,AW,"711",41868,""
FIX50SP2,AW,"711",41947,""
FIX50SP2,AW,"711",42036,""
FIX50SP2,AW,"711 42036",41340,""
FIX50SP2,AW,"711",42041,""
FIX50SP2,AW,"711 42041",42039,""
FIX50SP2,AW,"711 42041",42788,""
FIX50SP2,AW,"711",42060,""
FIX50SP2,AW,"711 42060",42065,""
FIX50SP2,AW,"711",42068,""
FIX50SP2,AW,"711 42068",42077,""
FIX50SP2,AW,"711 42068 42077",42085,""
FIX50SP2,AW,"711 42068",42087,""
FIX50SP2,AW,"711 42068",42090,""
FIX50SP2,AW,"711",42149,""
FIX50SP2,AW,"711 42149",42099,""
FIX50SP2,AW,"711 42149",42112,""
FIX50SP2,AW,"711 42149",42173,""
FIX50SP2,AW,"711 42149 42173",42177,""
FIX50SP2,AW,"711 42149",42180,""
FIX50SP2,AW,"711 42149",42182,""
FIX50SP2,AW,"711 42149",42184,""
FIX50SP2,AW,"711 42149",42186,""
FIX50SP2,AW,"711 42149",42188,""
FIX50SP2,AW,"711 42149",42190,""
FIX50SP2,AW,"711",42855,""
FIX50SP2,AW,"711",42884,""
FIX50SP2,AW,"711",43005,""
FIX50SP2,AW,"711",43074,""
FIX50SP2,AW,"",753,""
FIX50SP2,AW,"",864,""
FIX50SP2,AW,"",1018,""
FIX50SP2,AW,"1018",1052,""
FIX50SP2,AW,"",1483,""
FIX50SP2,AW,"1483",1491,""
FIX50SP2,AW,"1483 1491",1494,""
FIX50SP2,AW,"1483",40997,""
FIX50SP2,AW,"1483 40997",41005,""
FIX50SP2,AW,"1483",41010,""
FIX50SP2,AW,"1483 41010",40994,""
FIX50SP2,AW,"1483 41010",41007,""
FIX50SP2,AW,"1483 41010",41031,""
FIX50SP2,AW,"1483",41013,""
FIX50SP2,AW,"1483",41018,""
FIX50SP2,AW,"1483",41029,""
FIX50SP2,AW,"",1976,""
FIX50SP2,AW,"",2304,""
FIX50SP2,AW,"",40019,""
FIX50SP2,AW,"40019",40000,""
FIX50SP2,AW,"",40022,""
FIX50SP2,AW,"40022",40277,""
FIX50SP2,AW,"40022",42214,""
FIX50SP2,AW,"",40049,""
FIX50SP2,AW,"40049",40085,""
FIX50SP2,AW,"40049",40825,""
FIX50SP2,AW,"40049",40828,""
FIX50SP2,AW,"40049 40828",40868,""
FIX50SP2,AW,"40049 40828",40945,""
FIX50SP2,AW,"40049 40828",40977,""
FIX50SP2,AW,"40049 40828",41161,""
FIX50SP2,AW,"40049",40872,""
FIX50SP2,AW,"40049 40872",42696,""
FIX50SP2,AW,"40049 40872",42705,""
FIX50SP2,AW,"40049",40946,""
FIX50SP2,AW,"40049",40947,""
FIX50SP2,AW,"40049",40948,""
FIX50SP2,AW,"40049",40949,""
FIX50SP2,AW,"40049",40950,""
FIX50SP2,AW,"40049",40958,""
FIX50SP2,AW,"40049",40959,""
FIX50SP2,AW,"40049",40960,""
FIX50SP2,AW,"40049",40961,""
FIX50SP2,AW,"40049",41037,""
FIX50SP2,AW,"40049 41037",41051,""
FIX50SP2,AW,"40049 41037 41051",41054,""
FIX50SP2,AW,"40049",41081,""
FIX50SP2,AW,"40049",41085,""
FIX50SP2,AW,"40049",41192,""
FIX50SP2,AW,"40049",41220,""
FIX50SP2,AW,"40049",41224,""
FIX50SP2,AW,"40049",41227,""
FIX50SP2,AW,"40049",41237,""
FIX50SP2,AW,"40049",41241,""
FIX50SP2,AW,"40049",41249,""
FIX50SP2,AW,"40049",41277,""
FIX50SP2,AW,"40049",41280,""
FIX50SP2,AW,"40049",41289,""
FIX50SP2,AW,"40049 41289",41283,""
FIX50SP2,AW,"40049 41289 41283",41286,""
FIX50SP2,AW,"40049",42236,""
FIX50SP2,AW,"40049",42272,""
FIX50SP2,AW,"40049",42274,""
FIX50SP2,AW,"40049 42274",42294,""
FIX50SP2,AW,"40049",42606,""
FIX50SP2,AW,"40049",42620,""
FIX50SP2,AW,"40049",42660,""
FIX50SP2,AW,"40049",42683,""
FIX50SP2,AW,"40049",42735,""
FIX50SP2,AW,"40049 42735",42709,""
FIX50SP2,AW,"40049 42735 42709",42770,""
FIX50SP2,AW,"40049 42735 42709",42772,""
FIX50SP2,AW,"40049 42735",42731,""
FIX50SP2,AW,"40049 42735",42761,""
FIX50SP2,AW,"40049 42735",42765,""
FIX50SP2,AW,"",40090,""
FIX50SP2,AW,"40090",40142,""
FIX50SP2,AW,"40090",40171,""
FIX50SP2,AW,"40090",40174,""
FIX50SP2,AW,"40090 40174",40178,""
FIX50SP2,AW,"40090",40952,""
FIX50SP2,AW,"40090",40953,""
FIX50SP2,AW,"40090",40954,""
FIX50SP2,AW,"40090",40955,""
FIX50SP2,AW,"40090",40956,""
FIX50SP2,AW,"40090",40957,""
FIX50SP2,AW,"",40181,""
FIX50SP2,AW,"40181",40191,""
FIX50SP2,AW,"40181 40191",40199,""
FIX50SP2,AW,"40181",40201,""
FIX50SP2,AW,"40181",40951,""
FIX50SP2,AW,"",40204,""
FIX50SP2,AW,"40204",40209,""
FIX50SP2,AW,"",40278,""
FIX50SP2,AW,"",41092,""
FIX50SP2,AW,"",41094,""
FIX50SP2,AW,"",41096,""
FIX50SP2,AW,"",41116,""
FIX50SP2,AW,"",41137,""
FIX50SP2,AW,"",41140,""
FIX50SP2,AW,"",41152,""
FIX50SP2,AW,"",41230,""
FIX50SP2,AW,"",42296,""
FIX50SP2,AW,"",42775,""
FIX50SP2,AX,"",124,""
FIX50SP2,AX,"",136,""
FIX50SP2,AX,"136",2633,""
FIX50SP2,AX,"",232,""
FIX50SP2,AX,"",453,""
FIX50SP2,AX,"453",802,""
FIX50SP2,AX,"",454,""
FIX50SP2,AX,"",555,""
FIX50SP2,AX,"555",604,""
FIX50SP2,AX,"555",2059,""
FIX50SP2,AX,"555",2076,""
FIX50SP2,AX,"555",2218,""
FIX50SP2,AX,"555 2218",2250,""
FIX50SP2,AX,"555 2218 2250",2253,""
FIX50SP2,AX,"555 2218",41366,""
FIX50SP2,AX,"555 2218 41366",41374,""
FIX50SP2,AX,"555 2218",41379,""
FIX50SP2,AX,"555 2218 41379",41363,""
FIX50SP2,AX,"555 2218 41379",41376,""
FIX50SP2,AX,"555 2218 41379",41400,""
FIX50SP2,AX,"555 2218",41382,""
FIX50SP2,AX,"555 2218",41387,""
FIX50SP2,AX,"555 2218",41398,""
FIX50SP2,AX,"555",2254,""
FIX50SP2,AX,"555 2254",2258,""
FIX50SP2,AX,"555",2308,""
FIX50SP2,AX,"555",40241,""
FIX50SP2,AX,"555 40241",40367,""
FIX50SP2,AX,"555 40241",40374,""
FIX50SP2,AX,"555 40241 40374",40414,""
FIX50SP2,AX,"555 40241 40374",40927,""
FIX50SP2,AX,"555 40241 40374",40928,""
FIX50SP2,AX,"555 40241 40374",41530,""
FIX50SP2,AX,"555 40241",40418,""
FIX50SP2,AX,"555 40241 40418",42495,""
FIX50SP2,AX,"555 40241 40418",42504,""
FIX50SP2,AX,"555 40241",40902,""
FIX50SP2,AX,"555 40241",40929,""
FIX50SP2,AX,"555 40241",40930,""
FIX50SP2,AX,"555 40241",40931,""
FIX50SP2,AX,"555 40241",40932,""
FIX50SP2,AX,"555 40241",40933,""
FIX50SP2,AX,"555 40241",40940,""
FIX50SP2,AX,"555 40241",40941,""
FIX50SP2,AX,"555 40241",40942,""
FIX50SP2,AX,"555 40241",40943,""
FIX50SP2,AX,"555 40241",41408,""
FIX50SP2,AX,"555 40241 41408",41422,""
FIX50SP2,AX,"555 40241 41408 41422",41425,""
FIX50SP2,AX,"555 40241",41452,""
FIX50SP2,AX,"555 40241",41456,""
FIX50SP2,AX,"555 40241",41460,""
FIX50SP2,AX,"555 40241",41561,""
FIX50SP2,AX,"555 40241",41589,""
FIX50SP2,AX,"555 40241",41593,""
FIX50SP2,AX,"555 40241",41596,""
FIX50SP2,AX,"555 40241",41638,""
FIX50SP2,AX,"555 40241",41646,""
FIX50SP2,AX,"555 40241",41674,""
FIX50SP2,AX,"555 40241",41677,""
FIX50SP2,AX,"555 40241",41686,""
FIX50SP2,AX,"555 40241 41686",41680,""
FIX50SP2,AX,"555 40241 41686 41680",41683,""
FIX50SP2,AX,"555 40241",42310,""
FIX50SP2,AX,"555 40241",42364,""
FIX50SP2,AX,"555 40241",42366,""
FIX50SP2,AX,"555 40241 42366",42386,""
FIX50SP2,AX,"555 40241",42405,""
FIX50SP2,AX,"555 40241",42419,""
FIX50SP2,AX,"555 40241",42459,""
FIX50SP2,AX,"555 40241",42485,""
FIX50SP2,AX,"555 40241",42534,""
FIX50SP2,AX,"555 40241 42534",42508,""
FIX50SP2,AX,"555 40241 42534 42508",42569,""
FIX50SP2,AX,"555 40241 42534 42508",42571,""
FIX50SP2,AX,"555 40241 42534",42530,""
FIX50SP2,AX,"555 40241 42534",42560,""
FIX50SP2,AX,"555 40241 42534",42564,""
FIX50SP2,AX,"555",40448,""
FIX50SP2,AX,"555 40448",40473,""
FIX50SP2,AX,"555 40448",40495,""
FIX50SP2,AX,"555 40448",40533,""
FIX50SP2,AX,"555 40448 40533",40537,""
FIX50SP2,AX,"555 40448",40934,""
FIX50SP2,AX,"555 40448",40935,""
FIX50SP2,AX,"555 40448",40936,""
FIX50SP2,AX,"555 40448",40937,""
FIX50SP2,AX,"555 40448",40938,""
FIX50SP2,AX,"555 40448",40939,""
FIX50SP2,AX,"555",40923,""
FIX50SP2,AX,"555",41335,""
FIX50SP2,AX,"555 41335",41316,""
FIX50SP2,AX,"555",41344,""
FIX50SP2,AX,"555 41344",41342,""
FIX50SP2,AX,"555 41344",42306,""
FIX50SP2,AX,"555",41467,""
FIX50SP2,AX,"555",41469,""
FIX50SP2,AX,"555",41471,""
FIX50SP2,AX,"555",41491,""
FIX50SP2,AX,"555",41512,""
FIX50SP2,AX,"555",41515,""
FIX50SP2,AX,"555",41527,""
FIX50SP2,AX,"555",41599,""
FIX50SP2,AX,"555 41599",41604,""
FIX50SP2,AX,"555",41607,""
FIX50SP2,AX,"555",41616,""
FIX50SP2,AX,"555 41616",41614,""
FIX50SP2,AX,"555 41616",41625,""
FIX50SP2,AX,"555 41616 41625",41633,""
FIX50SP2,AX,"555 41616",41635,""
FIX50SP2,AX,"555",42198,""
FIX50SP2,AX,"555",42200,""
FIX50SP2,AX,"555",42203,""
FIX50SP2,AX,"555",42388,""
FIX50SP2,AX,"555",42581,""
FIX50SP2,AX,"",711,""
FIX50SP2,AX,"711",457,""
FIX50SP2,AX,"711",887,""
FIX50SP2,AX,"711",1058,""
FIX50SP2,AX,"711 1058",1062,""
FIX50SP2,AX,"711",1981,""
FIX50SP2,AX,"711",2045,""
FIX50SP2,AX,"711 2045",2053,""
FIX50SP2,AX,"711 2045 2053",2056,""
FIX50SP2,AX,"711 2045",41716,""
FIX50SP2,AX,"711 2045 41716",41724,""
FIX50SP2,AX,"711 2045",41729,""
FIX50SP2,AX,"711 2045 41729",41713,""
FIX50SP2,AX,"711 2045 41729",41726,""
FIX50SP2,AX,"711 2045 41729",41750,""
FIX50SP2,AX,"711 2045",41732,""
FIX50SP2,AX,"711 2045",41737,""
FIX50SP2,AX,"711 2045",41748,""
FIX50SP2,AX,"711",2080,""
FIX50SP2,AX,"711",2312,""
FIX50SP2,AX,"711",40540,""
FIX50SP2,AX,"711 40540",40656,""
FIX50SP2,AX,"711 40540",40659,""
FIX50SP2,AX,"711 40540",40664,""
FIX50SP2,AX,"711 40540 40664",40704,""
FIX50SP2,AX,"711 40540 40664",40966,""
FIX50SP2,AX,"711 40540 40664",40967,""
FIX50SP2,AX,"711 40540 40664",41878,""
FIX50SP2,AX,"711 40540",40708,""
FIX50SP2,AX,"711 40540 40708",42991,""
FIX50SP2,AX,"711 40540 40708",43000,""
FIX50SP2,AX,"711 40540",40968,""
FIX50SP2,AX,"711 40540",40969,""
FIX50SP2,AX,"711 40540",40970,""
FIX50SP2,AX,"711 40540",40971,""
FIX50SP2,AX,"711 40540",40972,""
FIX50SP2,AX,"711 40540",40973,""
FIX50SP2,AX,"711 40540",40974,""
FIX50SP2,AX,"711 40540",40975,""
FIX50SP2,AX,"711 40540",40976,""
FIX50SP2,AX,"711 40540",41756,""
FIX50SP2,AX,"711 40540 41756",41770,""
FIX50SP2,AX,"711 40540 41756 41770",41773,""
FIX50SP2,AX,"711 40540",41800,""
FIX50SP2,AX,"711 40540",41804,""
FIX50SP2,AX,"711 40540",41808,""
FIX50SP2,AX,"711 40540",41909,""
FIX50SP2,AX,"711 40540",41937,""
FIX50SP2,AX,"711 40540",41941,""
FIX50SP2,AX,"711 40540",41944,""
FIX50SP2,AX,"711 40540",41954,""
FIX50SP2,AX,"711 40540",41962,""
FIX50SP2,AX,"711 40540",41990,""
FIX50SP2,AX,"711 40540",41993,""
FIX50SP2,AX,"711 40540",42002,""
FIX50SP2,AX,"711 40540 42002",41996,""
FIX50SP2,AX,"711 40540 42002 41996",41999,""
FIX50SP2,AX,"711 40540",42799,""
FIX50SP2,AX,"711 40540",42853,""
FIX50SP2,AX,"711 40540",42862,""
FIX50SP2,AX,"711 40540 42862",42882,""
FIX50SP2,AX,"711 40540",42901,""
FIX50SP2,AX,"711 40540",42915,""
FIX50SP2,AX,"711 40540",42955,""
FIX50SP2,AX,"711 40540",42981,""
FIX50SP2,AX,"711 40540",43034,""
FIX50SP2,AX,"711 40540 43034",43008,""
FIX50SP2,AX,"711 40540 43034 43008",43069,""
FIX50SP2,AX,"711 40540 43034 43008",43071,""
FIX50SP2,AX,"711 40540 43034",43030,""
FIX50SP2,AX,"711 40540 43034",43060,""
FIX50SP2,AX,"711 40540 43034",43064,""
FIX50SP2,AX,"711",40962,""
FIX50SP2,AX,"711",41820,""
FIX50SP2,AX,"711",41841,""
FIX50SP2,AX,"711",41844,""
FIX50SP2,AX,"711",41856,""
FIX50SP2,AX,"711",41864,""
FIX50SP2,AX,"711",41866,""
FIX50SP2,AX,"711",41868,""
FIX50SP2,AX,"711",41947,""
FIX50SP2,AX,"711",42036,""
FIX50SP2,AX,"711 42036",41340,""
FIX50SP2,AX,"711",42041,""
FIX50SP2,AX,"711 42041",42039,""
FIX50SP2,AX,"711 42041",42788,""
FIX50SP2,AX,"711",42060,""
FIX50SP2,AX,"711 42060",42065,""
FIX50SP2,AX,"711",42068,""
FIX50SP2,AX,"711 42068",42077,""
FIX50SP2,AX,"711 42068 42077",42085,""
FIX50SP2,AX,"711 42068",42087,""
FIX50SP2,AX,"711 42068",42090,""
FIX50SP2,AX,"711",42149,""
FIX50SP2,AX,"711 42149",42099,""
FIX50SP2,AX,"711 42149",42112,""
FIX50SP2,AX,"711 42149",42173,""
FIX50SP2,AX,"711 42149 42173",42177,""
FIX50SP2,AX,"711 42149",42180,""
FIX50SP2,AX,"711 42149",42182,""
FIX50SP2,AX,"711 42149",42184,""
FIX50SP2,AX,"711 42149",42186,""
FIX50SP2,AX,"711 42149",42188,""
FIX50SP2,AX,"711 42149",42190,""
FIX50SP2,AX,"711",42855,""
FIX50SP2,AX,"711",42884,""
FIX50SP2,AX,"711",43005,""
FIX50SP2,AX,"711",43074,""
FIX50SP2,AX,"",768,""
FIX50SP2,AX,"",864,""
FIX50SP2,AX,"",897,""
FIX50SP2,AX,"",1018,""
FIX50SP2,AX,"1018",1052,""
FIX50SP2,AX,"",1483,""
FIX50SP2,AX,"1483",1491,""
FIX50SP2,AX,"1483 1491",1494,""
FIX50SP2,AX,"1483",40997,""
FIX50SP2,AX,"1483 40997",41005,""
FIX50SP2,AX,"1483",41010,""
FIX50SP2,AX,"1483 41010",40994,""
FIX50SP2,AX,"1483 41010",41007,""
FIX50SP2,AX,"1483 41010",41031,""
FIX50SP2,AX,"1483",41013,""
FIX50SP2,AX,"1483",41018,""
FIX50SP2,AX,"1483",41029,""
FIX50SP2,AX,"",1976,""
FIX50SP2,AX,"",2304,""
FIX50SP2,AX,"",40019,""
FIX50SP2,AX,"40019",40000,""
FIX50SP2,AX,"",40022,""
FIX50SP2,AX,"40022",40277,""
FIX50SP2,AX,"40022",42214,""
FIX50SP2,AX,"",40040,""
FIX50SP2,AX,"",40042,""
FIX50SP2,AX,"",40046,""
FIX50SP2,AX,"",40049,""
FIX50SP2,AX,"40049",40085,""
FIX50SP2,AX,"40049",40825,""
FIX50SP2,AX,"40049",40828,""
FIX50SP2,AX,"40049 40828",40868,""
FIX50SP2,AX,"40049 40828",40945,""
FIX50SP2,AX,"40049 40828",40977,""
FIX50SP2,AX,"40049 40828",41161,""
FIX50SP2,AX,"40049",40872,""
FIX50SP2,AX,"40049 40872",42696,""
FIX50SP2,AX,"40049 40872",42705,""
FIX50SP2,AX,"40049",40946,""
FIX50SP2,AX,"40049",40947,""
FIX50SP2,AX,"40049",40948,""
FIX50SP2,AX,"40049",40949,""
FIX50SP2,AX,"40049",40950,""
FIX50SP2,AX,"40049",40958,""
FIX50SP2,AX,"40049",40959,""
FIX50SP2,AX,"40049",40960,""
FIX50SP2,AX,"40049",40961,""
FIX50SP2,AX,"40049",41037,""
FIX50SP2,AX,"40049 41037",41051,""
FIX50SP2,AX,"40049 41037 41051",41054,""
FIX50SP2,AX,"40049",41081,""
FIX50SP2,AX,"40049",41085,""
FIX50SP2,AX,"40049",41192,""
FIX50SP2,AX,"40049",41220,""
FIX50SP2,AX,"40049",41224,""
FIX50SP2,AX,"40049",41227,""
FIX50SP2,AX,"40049",41237,""
FIX50SP2,AX,"40049",41241,""
FIX50SP2,AX,"40049",41249,""
FIX50SP2,AX,"40049",41277,""
FIX50SP2,AX,"40049",41280,""
FIX50SP2,AX,"40049",41289,""
FIX50SP2,AX,"40049 41289",41283,""
FIX50SP2,AX,"40049 41289 41283",41286,""
FIX50SP2,AX,"40049",42236,""
FIX50SP2,AX,"40049",42272,""
FIX50SP2,AX,"40049",42274,""
FIX50SP2,AX,"40049 42274",42294,""
FIX50SP2,AX,"40049",42606,""
FIX50SP2,AX,"40049",42620,""
FIX50SP2,AX,"40049",42660,""
FIX50SP2,AX,"40049",42683,""
FIX50SP2,AX,"40049",42735,""
FIX50SP2,AX,"40049 42735",42709,""
FIX50SP2,AX,"40049 42735 42709",42770,""
FIX50SP2,AX,"40049 42735 42709",42772,""
FIX50SP2,AX,"40049 42735",42731,""
FIX50SP2,AX,"40049 42735",42761,""
FIX50SP2,AX,"40049 42735",42765,""
FIX50SP2,AX,"",40090,""
FIX50SP2,AX,"40090",40142,""
FIX50SP2,AX,"40090",40171,""
FIX50SP2,AX,"40090",40174,""
FIX50SP2,AX,"40090 40174",40178,""
FIX50SP2,AX,"40090",40952,""
FIX50SP2,AX,"40090",40953,""
FIX50SP2,AX,"40090",40954,""
FIX50SP2,AX,"40090",40955,""
FIX50SP2,AX,"40090",40956,""
FIX50SP2,AX,"40090",40957,""
FIX50SP2,AX,"",40181,""
FIX50SP2,AX,"40181",40191,""
FIX50SP2,AX,"40181 40191",40199,""
FIX50SP2,AX,"40181",40201,""
FIX50SP2,AX,"40181",40951,""
FIX50SP2,AX,"",40204,""
FIX50SP2,AX,"40204",40209,""
FIX50SP2,AX,"",40278,""
FIX50SP2,AX,"",41092,""
FIX50SP2,AX,"",41094,""
FIX50SP2,AX,"",41096,""
FIX50SP2,AX,"",41116,""
FIX50SP2,AX,"",41137,""
FIX50SP2,AX,"",41140,""
FIX50SP2,AX,"",41152,""
FIX50SP2,AX,"",41230,""
FIX50SP2,AX,"",42296,""
FIX50SP2,AX,"",42775,""
FIX50SP2,AY,"",85,""
FIX50SP2,AY,"85",781,""
FIX50SP2,AY,"85 781",801,""
FIX50SP2,AY,"",124,""
FIX50SP2,AY,"",136,""
FIX50SP2,AY,"136",2633,""
FIX50SP2,AY,"",232,""
FIX50SP2,AY,"",453,""
FIX50SP2,AY,"453",802,""
FIX50SP2,AY,"",454,""
FIX50SP2,AY,"",555,""
FIX50SP2,AY,"555",604,""
FIX50SP2,AY,"555",2059,""
FIX50SP2,AY,"555",2076,""
FIX50SP2,AY,"555",2218,""
FIX50SP2,AY,"555 2218",2250,""
FIX50SP2,AY,"555 2218 2250",2253,""
FIX50SP2,AY,"555 2218",41366,""
FIX50SP2,AY,"555 2218 41366",41374,""
FIX50SP2,AY,"555 2218",41379,""
FIX50SP2,AY,"555 2218 41379",41363,""
FIX50SP2,AY,"555 2218 41379",41376,""
FIX50SP2,AY,"555 2218 41379",41400,""
FIX50SP2,AY,"555 2218",41382,""
FIX50SP2,AY,"555 2218",41387,""
FIX50SP2,AY,"555 2218",41398,""
FIX50SP2,AY,"555",2254,""
FIX50SP2,AY,"555 2254",2258,""
FIX50SP2,AY,"555",2308,""
FIX50SP2,AY,"555",40241,""
FIX50SP2,AY,"555 40241",40367,""
FIX50SP2,AY,"555 40241",40374,""
FIX50SP2,AY,"555 40241 40374",40414,""
FIX50SP2,AY,"555 40241 40374",40927,""
FIX50SP2,AY,"555 40241 40374",40928,""
FIX50SP2,AY,"555 40241 40374",41530,""
FIX50SP2,AY,"555 40241",40418,""
FIX50SP2,AY,"555 40241 40418",42495,""
FIX50SP2,AY,"555 40241 40418",42504,""
FIX50SP2,AY,"555 40241",40902,""
FIX50SP2,AY,"555 40241",40929,""
FIX50SP2,AY,"555 40241",40930,""
FIX50SP2,AY,"555 40241",40931,""
FIX50SP2,AY,"555 40241",40932,""
FIX50SP2,AY,"555 40241",40933,""
FIX50SP2,AY,"555 40241",40940,""
FIX50SP2,AY,"555 40241",40941,""
FIX50SP2,AY,"555 40241",40942,""
FIX50SP2,AY,"555 40241",40943,""
FIX50SP2,AY,"555 40241",41408,""
FIX50SP2,AY,"555 40241 41408",41422,""
FIX50SP2,AY,"555 40241 41408 41422",41425,""
FIX50SP2,AY,"555 40241",41452,""
FIX50SP2,AY,"555 40241",41456,""
FIX50SP2,AY,"555 40241",41460,""
FIX50SP2,AY,"555 40241",41561,""
FIX50SP2,AY,"555 40241",41589,""
FIX50SP2,AY,"555 40241",41593,""
FIX50SP2,AY,"555 40241",41596,""
FIX50SP2,AY,"555 40241",41638,""
FIX50SP2,AY,"555 40241",41646,""
FIX50SP2,AY,"555 40241",41674,""
FIX50SP2,AY,"555 40241",41677,""
FIX50SP2,AY,"555 40241",41686,""
FIX50SP2,AY,"555 40241 41686",41680,""
FIX50SP2,AY,"555 40241 41686 41680",41683,""
FIX50SP2,AY,"555 40241",42310,""
FIX50SP2,AY,"555 40241",42364,""
FIX50SP2,AY,"555 40241",42366,""
FIX50SP2,AY,"555 40241 42366",42386,""
FIX50SP2,AY,"555 40241",42405,""
FIX50SP2,AY,"555 40241",42419,""
FIX50SP2,AY,"555 40241",42459,""
FIX50SP2,AY,"555 40241",42485,""
FIX50SP2,AY,"555 40241",42534,""
FIX50SP2,AY,"555 40241 42534",42508,""
FIX50SP2,AY,"555 40241 42534 42508",42569,""
FIX50SP2,AY,"555 40241 42534 42508",42571,""
FIX50SP2,AY,"555 40241 42534",42530,""
FIX50SP2,AY,"555 40241 42534",42560,""
FIX50SP2,AY,"555 40241 42534",42564,""
FIX50SP2,AY,"555",40448,""
FIX50SP2,AY,"555 40448",40473,""
FIX50SP2,AY,"555 40448",40495,""
FIX50SP2,AY,"555 40448",40533,""
FIX50SP2,AY,"555 40448 40533",40537,""
FIX50SP2,AY,"555 40448",40934,""
FIX50SP2,AY,"555 40448",40935,""
FIX50SP2,AY,"555 40448",40936,""
FIX50SP2,AY,"555 40448",40937,""
FIX50SP2,AY,"555 40448",40938,""
FIX50SP2,AY,"555 40448",40939,""
FIX50SP2,AY,"555",40923,""
FIX50SP2,AY,"555",41335,""
FIX50SP2,AY,"555 41335",41316,""
FIX50SP2,AY,"555",41344,""
FIX50SP2,AY,"555 41344",41342,""
FIX50SP2,AY,"555 41344",42306,""
FIX50SP2,AY,"555",41467,""
FIX50SP2,AY,"555",41469,""
FIX50SP2,AY,"555",41471,""
FIX50SP2,AY,"555",41491,""
FIX50SP2,AY,"555",41512,""
FIX50SP2,AY,"555",41515,""
FIX50SP2,AY,"555",41527,""
FIX50SP2,AY,"555",41599,""
FIX50SP2,AY,"555 41599",41604,""
FIX50SP2,AY,"555",41607,""
FIX50SP2,AY,"555",41616,""
FIX50SP2,AY,"555 41616",41614,""
FIX50SP2,AY,"555 41616",41625,""
FIX50SP2,AY,"555 41616 41625",41633,""
FIX50SP2,AY,"555 41616",41635,""
FIX50SP2,AY,"555",42198,""
FIX50SP2,AY,"555",42200,""
FIX50SP2,AY,"555",42203,""
FIX50SP2,AY,"555",42388,""
FIX50SP2,AY,"555",42581,""
FIX50SP2,AY,"",711,""
FIX50SP2,AY,"711",457,""
FIX50SP2,AY,"711",887,""
FIX50SP2,AY,"711",1058,""
FIX50SP2,AY,"711 1058",1062,""
FIX50SP2,AY,"711",1981,""
FIX50SP2,AY,"711",2045,""
FIX50SP2,AY,"711 2045",2053,""
FIX50SP2,AY,"711 2045 2053",2056,""
FIX50SP2,AY,"711 2045",41716,""
FIX50SP2,AY,"711 2045 41716",41724,""
FIX50SP2,AY,"711 2045",41729,""
FIX50SP2,AY,"711 2045 41729",41713,""
FIX50SP2,AY,"711 2045 41729",41726,""
FIX50SP2,AY,"711 2045 41729",41750,""
FIX50SP2,AY,"711 2045",41732,""
FIX50SP2,AY,"711 2045",41737,""
FIX50SP2,AY,"711 2045",41748,""
FIX50SP2,AY,"711",2080,""
FIX50SP2,AY,"711",2312,""
FIX50SP2,AY,"711",40540,""
FIX50SP2,AY,"711 40540",40656,""
FIX50SP2,AY,"711 40540",40659,""
FIX50SP2,AY,"711 40540",40664,""
FIX50SP2,AY,"711 40540 40664",40704,""
FIX50SP2,AY,"711 40540 40664",40966,""
FIX50SP2,AY,"711 40540 40664",40967,""
FIX50SP2,AY,"711 40540 40664",41878,""
FIX50SP2,AY,"711 40540",40708,""
FIX50SP2,AY,"711 40540 40708",42991,""
FIX50SP2,AY,"711 40540 40708",43000,""
FIX50SP2,AY,"711 40540",40968,""
FIX50SP2,AY,"711 40540",40969,""
FIX50SP2,AY,"711 40540",40970,""
FIX50SP2,AY,"711 40540",40971,""
FIX50SP2,AY,"711 40540",40972,""
FIX50SP2,AY,"711 40540",40973,""
FIX50SP2,AY,"711 40540",40974,""
FIX50SP2,AY,"711 40540",40975,""
FIX50SP2,AY,"711 40540",40976,""
FIX50SP2,AY,"711 40540",41756,""
FIX50SP2,AY,"711 40540 41756",41770,""
FIX50SP2,AY,"711 40540 41756 41770",41773,""
FIX50SP2,AY,"711 40540",41800,""
FIX50SP2,AY,"711 40540",41804,""
FIX50SP2,AY,"711 40540",41808,""
FIX50SP2,AY,"711 40540",41909,""
FIX50SP2,AY,"711 40540",41937,""
FIX50SP2,AY,"711 40540",41941,""
FIX50SP2,AY,"711 40540",41944,""
FIX50SP2,AY,"711 40540",41954,""
FIX50SP2,AY,"711 40540",41962,""
FIX50SP2,AY,"711 40540",41990,""
FIX50SP2,AY,"711 40540",41993,""
FIX50SP2,AY,"711 40540",42002,""
FIX50SP2,AY,"711 40540 42002",41996,""
FIX50SP2,AY,"711 40540 42002 41996",41999,""
FIX50SP2,AY,"711 40540",42799,""
FIX50SP2,AY,"711 40540",42853,""
FIX50SP2,AY,"711 40540",42862,""
FIX50SP2,AY,"711 40540 42862",42882,""
FIX50SP2,AY,"711 40540",42901,""
FIX50SP2,AY,"711 40540",42915,""
FIX50SP2,AY,"711 40540",42955,""
FIX50SP2,AY,"711 40540",42981,""
FIX50SP2,AY,"711 40540",43034,""
FIX50SP2,AY,"711 40540 43034",43008,""
FIX50SP2,AY,"711 40540 43034 43008",43069,""
FIX50SP2,AY,"711 40540 43034 43008",43071,""
FIX50SP2,AY,"711 40540 43034",43030,""
FIX50SP2,AY,"711 40540 43034",43060,""
FIX50SP2,AY,"711 40540 43034",43064,""
FIX50SP2,AY,"711",40962,""
FIX50SP2,AY,"711",41820,""
FIX50SP2,AY,"711",41841,""
FIX50SP2,AY,"711",41844,""
FIX50SP2,AY,"711",41856,""
FIX50SP2,AY,"711",41864,""
FIX50SP2,AY,"711",41866,""
FIX50SP2,AY,"711",41868,""
FIX50SP2,AY,"711",41947,""
FIX50SP2,AY,"711",42036,""
FIX50SP2,AY,"711 42036",41340,""
FIX50SP2,AY,"711",42041,""
FIX50SP2,AY,"711 42041",42039,""
FIX50SP2,AY,"711 42041",42788,""
FIX50SP2,AY,"711",42060,""
FIX50SP2,AY,"711 42060",42065,""
FIX50SP2,AY,"711",42068,""
FIX50SP2,AY,"711 42068",42077,""
FIX50SP2,AY,"711 42068 42077",42085,""
FIX50SP2,AY,"711 42068",42087,""
FIX50SP2,AY,"711 42068",42090,""
FIX50SP2,AY,"711",42149,""
FIX50SP2,AY,"711 42149",42099,""
FIX50SP2,AY,"711 42149",42112,""
FIX50SP2,AY,"711 42149",42173,""
FIX50SP2,AY,"711 42149 42173",42177,""
FIX50SP2,AY,"711 42149",42180,""
FIX50SP2,AY,"711 42149",42182,""
FIX50SP2,AY,"711 42149",42184,""
FIX50SP2,AY,"711 42149",42186,""
FIX50SP2,AY,"711 42149",42188,""
FIX50SP2,AY,"711 42149",42190,""
FIX50SP2,AY,"711",42855,""
FIX50SP2,AY,"711",42884,""
FIX50SP2,AY,"711",43005,""
FIX50SP2,AY,"711",43074,""
FIX50SP2,AY,"",768,""
FIX50SP2,AY,"",864,""
FIX50SP2,AY,"",897,""
FIX50SP2,AY,"",1018,""
FIX50SP2,AY,"1018",1052,""
FIX50SP2,AY,"",1483,""
FIX50SP2,AY,"1483",1491,""
FIX50SP2,AY,"1483 1491",1494,""
FIX50SP2,AY,"1483",40997,""
FIX50SP2,AY,"1483 40997",41005,""
FIX50SP2,AY,"1483",41010,""
FIX50SP2,AY,"1483 41010",40994,""
FIX50SP2,AY,"1483 41010",41007,""
FIX50SP2,AY,"1483 41010",41031,""
FIX50SP2,AY,"1483",41013,""
FIX50SP2,AY,"1483",41018,""
FIX50SP2,AY,"1483",41029,""
FIX50SP2,AY,"",1976,""
FIX50SP2,AY,"",2304,""
FIX50SP2,AY,"",40019,""
FIX50SP2,AY,"40019",40000,""
FIX50SP2,AY,"",40022,""
FIX50SP2,AY,"40022",40277,""
FIX50SP2,AY,"40022",42214,""
FIX50SP2,AY,"",40040,""
FIX50SP2,AY,"",40042,""
FIX50SP2,AY,"",40046,""
FIX50SP2,AY,"",40049,""
FIX50SP2,AY,"40049",40085,""
FIX50SP2,AY,"40049",40825,""
FIX50SP2,AY,"40049",40828,""
FIX50SP2,AY,"40049 40828",40868,""
FIX50SP2,AY,"40049 40828",40945,""
FIX50SP2,AY,"40049 40828",40977,""
FIX50SP2,AY,"40049 40828",41161,""
FIX50SP2,AY,"40049",40872,""
FIX50SP2,AY,"40049 40872",42696,""
FIX50SP2,AY,"40049 40872",42705,""
FIX50SP2,AY,"40049",40946,""
FIX50SP2,AY,"40049",40947,""
FIX50SP2,AY,"40049",40948,""
FIX50SP2,AY,"40049",40949,""
FIX50SP2,AY,"40049",40950,""
FIX50SP2,AY,"40049",40958,""
FIX50SP2,AY,"40049",40959,""
FIX50SP2,AY,"40049",40960,""
FIX50SP2,AY,"40049",40961,""
FIX50SP2,AY,"40049",41037,""
FIX50SP2,AY,"40049 41037",41051,""
FIX50SP2,AY,"40049 41037 41051",41054,""
FIX50SP2,AY,"40049",41081,""
FIX50SP2,AY,"40049",41085,""
FIX50SP2,AY,"40049",41192,""
FIX50SP2,AY,"40049",41220,""
FIX50SP2,AY,"40049",41224,""
FIX50SP2,AY,"40049",41227,""
FIX50SP2,AY,"40049",41237,""
FIX50SP2,AY,"40049",41241,""
FIX50SP2,AY,"40049",41249,""
FIX50SP2,AY,"40049",41277,""
FIX50SP2,AY,"40049",41280,""
FIX50SP2,AY,"40049",41289,""
FIX50SP2,AY,"40049 41289",41283,""
FIX50SP2,AY,"40049 41289 41283",41286,""
FIX50SP2,AY,"40049",42236,""
FIX50SP2,AY,"40049",42272,""
FIX50SP2,AY,"40049",42274,""
FIX50SP2,AY,"40049 42274",42294,""
FIX50SP2,AY,"40049",42606,""
FIX50SP2,AY,"40049",42620,""
FIX50SP2,AY,"40049",42660,""
FIX50SP2,AY,"40049",42683,""
FIX50SP2,AY,"40049",42735,""
FIX50SP2,AY,"40049 42735",42709,""
FIX50SP2,AY,"40049 42735 42709",42770,""
FIX50SP2,AY,"40049 42735 42709",42772,""
FIX50SP2,AY,"40049 42735",42731,""
FIX50SP2,AY,"40049 42735",42761,""
FIX50SP2,AY,"40049 42735",42765,""
FIX50SP2,AY,"",40090,""
FIX50SP2,AY,"40090",40142,""
FIX50SP2,AY,"40090",40171,""
FIX50SP2,AY,"40090",40174,""
FIX50SP2,AY,"40090 40174",40178,""
FIX50SP2,AY,"40090",40952,""
FIX50SP2,AY,"40090",40953,""
FIX50SP2,AY,"40090",40954,""
FIX50SP2,AY,"40090",40955,""
FIX50SP2,AY,"40090",40956,""
FIX50SP2,AY,"40090",40957,""
FIX50SP2,AY,"",40181,""
FIX50SP2,AY,"40181",40191,""
FIX50SP2,AY,"40181 40191",40199,""
FIX50SP2,AY,"40181",40201,""
FIX50SP2,AY,"40181",40951,""
FIX50SP2,AY,"",40204,""
FIX50SP2,AY,"40204",40209,""
FIX50SP2,AY,"",40278,""
FIX50SP2,AY,"",41092,""
FIX50SP2,AY,"",41094,""
FIX50SP2,AY,"",41096,""
FIX50SP2,AY,"",41116,""
FIX50SP2,AY,"",41137,""
FIX50SP2,AY,"",41140,""
FIX50SP2,AY,"",41152,""
FIX50SP2,AY,"",41230,""
FIX50SP2,AY,"",42296,""
FIX50SP2,AY,"",42775,""
FIX50SP2,AZ,"",124,""
FIX50SP2,AZ,"",136,""
FIX50SP2,AZ,"136",2633,""
FIX50SP2,AZ,"",232,""
FIX50SP2,AZ,"",453,""
FIX50SP2,AZ,"453",802,""
FIX50SP2,AZ,"",454,""
FIX50SP2,AZ,"",555,""
FIX50SP2,AZ,"555",604,""
FIX50SP2,AZ,"555",2059,""
FIX50SP2,AZ,"555",2076,""
FIX50SP2,AZ,"555",2218,""
FIX50SP2,AZ,"555 2218",2250,""
FIX50SP2,AZ,"555 2218 2250",2253,""
FIX50SP2,AZ,"555 2218",41366,""
FIX50SP2,AZ,"555 2218 41366",41374,""
FIX50SP2,AZ,"555 2218",41379,""
FIX50SP2,AZ,"555 2218 41379",41363,""
FIX50SP2,AZ,"555 2218 41379",41376,""
FIX50SP2,AZ,"555 2218 41379",41400,""
FIX50SP2,AZ,"555 2218",41382,""
FIX50SP2,AZ,"555 2218",41387,""
FIX50SP2,AZ,"555 2218",41398,""
FIX50SP2,AZ,"555",2254,""
FIX50SP2,AZ,"555 2254",2258,""
FIX50SP2,AZ,"555",2308,""
FIX50SP2,AZ,"555",40241,""
FIX50SP2,AZ,"555 40241",40367,""
FIX50SP2,AZ,"555 40241",40374,""
FIX50SP2,AZ,"555 40241 40374",40414,""
FIX50SP2,AZ,"555 40241 40374",40927,""
FIX50SP2,AZ,"555 40241 40374",40928,""
FIX50SP2,AZ,"555 40241 40374",41530,""
FIX50SP2,AZ,"555 40241",40418,""
FIX50SP2,AZ,"555 40241 40418",42495,""
FIX50SP2,AZ,"555 40241 40418",42504,""
FIX50SP2,AZ,"555 40241",40902,""
FIX50SP2,AZ,"555 40241",40929,""
FIX50SP2,AZ,"555 40241",40930,""
FIX50SP2,AZ,"555 40241",40931,""
FIX50SP2,AZ,"555 40241",40932,""
FIX50SP2,AZ,"555 40241",40933,""
FIX50SP2,AZ,"555 40241",40940,""
FIX50SP2,AZ,"555 40241",40941,""
FIX50SP2,AZ,"555 40241",40942,""
FIX50SP2,AZ,"555 40241",40943,""
FIX50SP2,AZ,"555 40241",41408,""
FIX50SP2,AZ,"555 40241 41408",41422,""
FIX50SP2,AZ,"555 40241 41408 41422",41425,""
FIX50SP2,AZ,"555 40241",41452,""
FIX50SP2,AZ,"555 40241",41456,""
FIX50SP2,AZ,"555 40241",41460,""
FIX50SP2,AZ,"555 40241",41561,""
FIX50SP2,AZ,"555 40241",41589,""
FIX50SP2,AZ,"555 40241",41593,""
FIX50SP2,AZ,"555 40241",41596,""
FIX50SP2,AZ,"555 40241",41638,""
FIX50SP2,AZ,"555 40241",41646,""
FIX50SP2,AZ,"555 40241",41674,""
FIX50SP2,AZ,"555 40241",41677,""
FIX50SP2,AZ,"555 40241",41686,""
FIX50SP2,AZ,"555 40241 41686",41680,""
FIX50SP2,AZ,"555 40241 41686 41680",41683,""
FIX50SP2,AZ,"555 40241",42310,""
FIX50SP2,AZ,"555 40241",42364,""
FIX50SP2,AZ,"555 40241",42366,""
FIX50SP2,AZ,"555 40241 42366",42386,""
FIX50SP2,AZ,"555 40241",42405,""
FIX50SP2,AZ,"555 40241",42419,""
FIX50SP2,AZ,"555 40241",42459,""
FIX50SP2,AZ,"555 40241",42485,""
FIX50SP2,AZ,"555 40241",42534,""
FIX50SP2,AZ,"555 40241 42534",42508,""
FIX50SP2,AZ,"555 40241 42534 42508",42569,""
FIX50SP2,AZ,"555 40241 42534 42508",42571,""
FIX50SP2,AZ,"555 40241 42534",42530,""
FIX50SP2,AZ,"555 40241 42534",42560,""
FIX50SP2,AZ,"555 40241 42534",42564,""
FIX50SP2,AZ,"555",40448,""
FIX50SP2,AZ,"555 40448",40473,""
FIX50SP2,AZ,"555 40448",40495,""
FIX50SP2,AZ,"555 40448",40533,""
FIX50SP2,AZ,"555 40448 40533",40537,""
FIX50SP2,AZ,"555 40448",40934,""
FIX50SP2,AZ,"555 40448",40935,""
FIX50SP2,AZ,"555 40448",40936,""
FIX50SP2,AZ,"555 40448",40937,""
FIX50SP2,AZ,"555 40448",40938,""
FIX50SP2,AZ,"555 40448",40939,""
FIX50SP2,AZ,"555",40923,""
FIX50SP2,AZ,"555",41335,""
FIX50SP2,AZ,"555 41335",41316,""
FIX50SP2,AZ,"555",41344,""
FIX50SP2,AZ,"555 41344",41342,""
FIX50SP2,AZ,"555 41344",42306,""
FIX50SP2,AZ,"555",41467,""
FIX50SP2,AZ,"555",41469,""
FIX50SP2,AZ,"555",41471,""
FIX50SP2,AZ,"555",41491,""
FIX50SP2,AZ,"555",41512,""
FIX50SP2,AZ,"555",41515,""
FIX50SP2,AZ,"555",41527,""
FIX50SP2,AZ,"555",41599,""
FIX50SP2,AZ,"555 41599",41604,""
FIX50SP2,AZ,"555",41607,""
FIX50SP2,AZ,"555",41616,""
FIX50SP2,AZ,"555 41616",41614,""
FIX50SP2,AZ,"555 41616",41625,""
FIX50SP2,AZ,"555 41616 41625",41633,""
FIX50SP2,AZ,"555 41616",41635,""
FIX50SP2,AZ,"555",42198,""
FIX50SP2,AZ,"555",42200,""
FIX50SP2,AZ,"555",42203,""
FIX50SP2,AZ,"555",42388,""
FIX50SP2,AZ,"555",42581,""
FIX50SP2,AZ,"",711,""
FIX50SP2,AZ,"711",457,""
FIX50SP2,AZ,"711",887,""
FIX50SP2,AZ,"711",1058,""
FIX50SP2,AZ,"711 1058",1062,""
FIX50SP2,AZ,"711",1981,""
FIX50SP2,AZ,"711",2045,""
FIX50SP2,AZ,"711 2045",2053,""
FIX50SP2,AZ,"711 2045 2053",2056,""
FIX50SP2,AZ,"711 2045",41716,""
FIX50SP2,AZ,"711 2045 41716",41724,""
FIX50SP2,AZ,"711 2045",41729,""
FIX50SP2,AZ,"711 2045 41729",41713,""
FIX50SP2,AZ,"711 2045 41729",41726,""
FIX50SP2,AZ,"711 2045 41729",41750,""
FIX50SP2,AZ,"711 2045",41732,""
FIX50SP2,AZ,"711 2045",41737,""
FIX50SP2,AZ,"711 2045",41748,""
FIX50SP2,AZ,"711",2080,""
FIX50SP2,AZ,"711",2312,""
FIX50SP2,AZ,"711",40540,""
FIX50SP2,AZ,"711 40540",40656,""
FIX50SP2,AZ,"711 40540",40659,""
FIX50SP2,AZ,"711 40540",40664,""
FIX50SP2,AZ,"711 40540 40664",40704,""
FIX50SP2,AZ,"711 40540 40664",40966,""
FIX50SP2,AZ,"711 40540 40664",40967,""
FIX50SP2,AZ,"711 40540 40664",41878,""
FIX50SP2,AZ,"711 40540",40708,""
FIX50SP2,AZ,"711 40540 40708",42991,""
FIX50SP2,AZ,"711 40540 40708",43000,""
FIX50SP2,AZ,"711 40540",40968,""
FIX50SP2,AZ,"711 40540",40969,""
FIX50SP2,AZ,"711 40540",40970,""
FIX50SP2,AZ,"711 40540",40971,""
FIX50SP2,AZ,"711 40540",40972,""
FIX50SP2,AZ,"711 40540",40973,""
FIX50SP2,AZ,"711 40540",40974,""
FIX50SP2,AZ,"711 40540",40975,""
FIX50SP2,AZ,"711 40540",40976,""
FIX50SP2,AZ,"711 40540",41756,""
FIX50SP2,AZ,"711 40540 41756",41770,""
FIX50SP2,AZ,"711 40540 41756 41770",41773,""
FIX50SP2,AZ,"711 40540",41800,""
FIX50SP2,AZ,"711 40540",41804,""
FIX50SP2,AZ,"711 40540",41808,""
FIX50SP2,AZ,"711 40540",41909,""
FIX50SP2,AZ,"711 40540",41937,""
FIX50SP2,AZ,"711 40540",41941,""
FIX50SP2,AZ,"711 40540",41944,""
FIX50SP2,AZ,"711 40540",41954,""
FIX50SP2,AZ,"711 40540",41962,""
FIX50SP2,AZ,"711 40540",41990,""
FIX50SP2,AZ,"711 40540",41993,""
FIX50SP2,AZ,"711 40540",42002,""
FIX50SP2,AZ,"711 40540 42002",41996,""
FIX50SP2,AZ,"711 40540 42002 41996",41999,""
FIX50SP2,AZ,"711 40540",42799,""
FIX50SP2,AZ,"711 40540",42853,""
FIX50SP2,AZ,"711 40540",42862,""
FIX50SP2,AZ,"711 40540 42862",42882,""
FIX50SP2,AZ,"711 40540",42901,""
FIX50SP2,AZ,"711 40540",42915,""
FIX50SP2,AZ,"711 40540",42955,""
FIX50SP2,AZ,"711 40540",42981,""
FIX50SP2,AZ,"711 40540",43034,""
FIX50SP2,AZ,"711 40540 43034",43008,""
FIX50SP2,AZ,"711 40540 43034 43008",43069,""
FIX50SP2,AZ,"711 40540 43034 43008",43071,""
FIX50SP2,AZ,"711 40540 43034",43030,""
FIX50SP2,AZ,"711 40540 43034",43060,""
FIX50SP2,AZ,"711 40540 43034",43064,""
FIX50SP2,AZ,"711",40962,""
FIX50SP2,AZ,"711",41820,""
FIX50SP2,AZ,"711",41841,""
FIX50SP2,AZ,"711",41844,""
FIX50SP2,AZ,"711",41856,""
FIX50SP2,AZ,"711",41864,""
FIX50SP2,AZ,"711",41866,""
FIX50SP2,AZ,"711",41868,""
FIX50SP2,AZ,"711",41947,""
FIX50SP2,AZ,"711",42036,""
FIX50SP2,AZ,"711 42036",41340,""
FIX50SP2,AZ,"711",42041,""
FIX50SP2,AZ,"711 42041",42039,""
FIX50SP2,AZ,"711 42041",42788,""
FIX50SP2,AZ,"711",42060,""
FIX50SP2,AZ,"711 42060",42065,""
FIX50SP2,AZ,"711",42068,""
FIX50SP2,AZ,"711 42068",42077,""
FIX50SP2,AZ,"711 42068 42077",42085,""
FIX50SP2,AZ,"711 42068",42087,""
FIX50SP2,AZ,"711 42068",42090,""
FIX50SP2,AZ,"711",42149,""
FIX50SP2,AZ,"711 42149",42099,""
FIX50SP2,AZ,"711 42149",42112,""
FIX50SP2,AZ,"711 42149",42173,""
FIX50SP2,AZ,"711 42149 42173",42177,""
FIX50SP2,AZ,"711 42149",42180,""
FIX50SP2,AZ,"711 42149",42182,""
FIX50SP2,AZ,"711 42149",42184,""
FIX50SP2,AZ,"711 42149",42186,""
FIX50SP2,AZ,"711 42149",42188,""
FIX50SP2,AZ,"711 42149",42190,""
FIX50SP2,AZ,"711",42855,""
FIX50SP2,AZ,"711",42884,""
FIX50SP2,AZ,"711",43005,""
FIX50SP2,AZ,"711",43074,""
FIX50SP2,AZ,"",768,""
FIX50SP2,AZ,"",864,""
FIX50SP2,AZ,"",897,""
FIX50SP2,AZ,"",1018,""
FIX50SP2,AZ,"1018",1052,""
FIX50SP2,AZ,"",1483,""
FIX50SP2,AZ,"1483",1491,""
FIX50SP2,AZ,"1483 1491",1494,""
FIX50SP2,AZ,"1483",40997,""
FIX50SP2,AZ,"1483 40997",41005,""
FIX50SP2,AZ,"1483",41010,""
FIX50SP2,AZ,"1483 41010",40994,""
FIX50SP2,AZ,"1483 41010",41007,""
FIX50SP2,AZ,"1483 41010",41031,""
FIX50SP2,AZ,"1483",41013,""
FIX50SP2,AZ,"1483",41018,""
FIX50SP2,AZ,"1483",41029,""
FIX50SP2,AZ,"",1703,""
FIX50SP2,AZ,"1703",2845,""
FIX50SP2,AZ,"",1976,""
FIX50SP2,AZ,"",2304,""
FIX50SP2,AZ,"",40019,""
FIX50SP2,AZ,"40019",40000,""
FIX50SP2,AZ,"",40022,""
FIX50SP2,AZ,"40022",40277,""
FIX50SP2,AZ,"40022",42214,""
FIX50SP2,AZ,"",40040,""
FIX50SP2,AZ,"",40042,""
FIX50SP2,AZ,"",40046,""
FIX50SP2,AZ,"",40049,""
FIX50SP2,AZ,"40049",40085,""
FIX50SP2,AZ,"40049",40825,""
FIX50SP2,AZ,"40049",40828,""
FIX50SP2,AZ,"40049 40828",40868,""
FIX50SP2,AZ,"40049 40828",40945,""
FIX50SP2,AZ,"40049 40828",40977,""
FIX50SP2,AZ,"40049 40828",41161,""
FIX50SP2,AZ,"40049",40872,""
FIX50SP2,AZ,"40049 40872",42696,""
FIX50SP2,AZ,"40049 40872",42705,""
FIX50SP2,AZ,"40049",40946,""
FIX50SP2,AZ,"40049",40947,""
FIX50SP2,AZ,"40049",40948,""
FIX50SP2,AZ,"40049",40949,""
FIX50SP2,AZ,"40049",40950,""
FIX50SP2,AZ,"40049",40958,""
FIX50SP2,AZ,"40049",40959,""
FIX50SP2,AZ,"40049",40960,""
FIX50SP2,AZ,"40049",40961,""
FIX50SP2,AZ,"40049",41037,""
FIX50SP2,AZ,"40049 41037",41051,""
FIX50SP2,AZ,"40049 41037 41051",41054,""
FIX50SP2,AZ,"40049",41081,""
FIX50SP2,AZ,"40049",41085,""
FIX50SP2,AZ,"40049",41192,""
FIX50SP2,AZ,"40049",41220,""
FIX50SP2,AZ,"40049",41224,""
FIX50SP2,AZ,"40049",41227,""
FIX50SP2,AZ,"40049",41237,""
FIX50SP2,AZ,"40049",41241,""
FIX50SP2,AZ,"40049",41249,""
FIX50SP2,AZ,"40049",41277,""
FIX50SP2,AZ,"40049",41280,""
FIX50SP2,AZ,"40049",41289,""
FIX50SP2,AZ,"40049 41289",41283,""
FIX50SP2,AZ,"40049 41289 41283",41286,""
FIX50SP2,AZ,"40049",42236,""
FIX50SP2,AZ,"40049",42272,""
FIX50SP2,AZ,"40049",42274,""
FIX50SP2,AZ,"40049 42274",42294,""
FIX50SP2,AZ,"40049",42606,""
FIX50SP2,AZ,"40049",42620,""
FIX50SP2,AZ,"40049",42660,""
FIX50SP2,AZ,"40049",42683,""
FIX50SP2,AZ,"40049",42735,""
FIX50SP2,AZ,"40049 42735",42709,""
FIX50SP2,AZ,"40049 42735 42709",42770,""
FIX50SP2,AZ,"40049 42735 42709",42772,""
FIX50SP2,AZ,"40049 42735",42731,""
FIX50SP2,AZ,"40049 42735",42761,""
FIX50SP2,AZ,"40049 42735",42765,""
FIX50SP2,AZ,"",40090,""
FIX50SP2,AZ,"40090",40142,""
FIX50SP2,AZ,"40090",40171,""
FIX50SP2,AZ,"40090",40174,""
FIX50SP2,AZ,"40090 40174",40178,""
FIX50SP2,AZ,"40090",40952,""
FIX50SP2,AZ,"40090",40953,""
FIX50SP2,AZ,"40090",40954,""
FIX50SP2,AZ,"40090",40955,""
FIX50SP2,AZ,"40090",40956,""
FIX50SP2,AZ,"40090",40957,""
FIX50SP2,AZ,"",40181,""
FIX50SP2,AZ,"40181",40191,""
FIX50SP2,AZ,"40181 40191",40199,""
FIX50SP2,AZ,"40181",40201,""
FIX50SP2,AZ,"40181",40951,""
FIX50SP2,AZ,"",40204,""
FIX50SP2,AZ,"40204",40209,""
FIX50SP2,AZ,"",40278,""
FIX50SP2,AZ,"",41092,""
FIX50SP2,AZ,"",41094,""
FIX50SP2,AZ,"",41096,""
FIX50SP2,AZ,"",41116,""
FIX50SP2,AZ,"",41137,""
FIX50SP2,AZ,"",41140,""
FIX50SP2,AZ,"",41152,""
FIX50SP2,AZ,"",41230,""
FIX50SP2,AZ,"",42296,""
FIX50SP2,AZ,"",42775,""
FIX50SP2,B,"",33,""
FIX50SP2,B,"",146,""
FIX50SP2,B,"146",454,""
FIX50SP2,B,"146",864,""
FIX50SP2,B,"146",870,""
FIX50SP2,B,"146",1018,""
FIX50SP2,B,"146 1018",1052,""
FIX50SP2,B,"146",1483,""
FIX50SP2,B,"146 1483",1491,""
FIX50SP2,B,"146 1483 1491",1494,""
FIX50SP2,B,"146 1483",40997,""
FIX50SP2,B,"146 1483 40997",41005,""
FIX50SP2,B,"146 1483",41010,""
FIX50SP2,B,"146 1483 41010",40994,""
FIX50SP2,B,"146 1483 41010",41007,""
FIX50SP2,B,"146 1483 41010",41031,""
FIX50SP2,B,"146 1483",41013,""
FIX50SP2,B,"146 1483",41018,""
FIX50SP2,B,"146 1483",41029,""
FIX50SP2,B,"146",1647,""
FIX50SP2,B,"146",1976,""
FIX50SP2,B,"146",2304,""
FIX50SP2,B,"146",2734,""
FIX50SP2,B,"146",2746,""
FIX50SP2,B,"146",40019,""
FIX50SP2,B,"146 40019",40000,""
FIX50SP2,B,"146",40022,""
FIX50SP2,B,"146 40022",40277,""
FIX50SP2,B,"146 40022",42214,""
FIX50SP2,B,"146",40040,""
FIX50SP2,B,"146",40042,""
FIX50SP2,B,"146",40046,""
FIX50SP2,B,"146",40049,""
FIX50SP2,B,"146 40049",40085,""
FIX50SP2,B,"146 40049",40825,""
FIX50SP2,B,"146 40049",40828,""
FIX50SP2,B,"146 40049 40828",40868,""
FIX50SP2,B,"146 40049 40828",40945,""
FIX50SP2,B,"146 40049 40828",40977,""
FIX50SP2,B,"146 40049 40828",41161,""
FIX50SP2,B,"146 40049",40872,""
FIX50SP2,B,"146 40049 40872",42696,""
FIX50SP2,B,"146 40049 40872",42705,""
FIX50SP2,B,"146 40049",40946,""
FIX50SP2,B,"146 40049",40947,""
FIX50SP2,B,"146 40049",40948,""
FIX50SP2,B,"146 40049",40949,""
FIX50SP2,B,"146 40049",40950,""
FIX50SP2,B,"146 40049",40958,""
FIX50SP2,B,"146 40049",40959,""
FIX50SP2,B,"146 40049",40960,""
FIX50SP2,B,"146 40049",40961,""
FIX50SP2,B,"146 40049",41037,""
FIX50SP2,B,"146 40049 41037",41051,""
FIX50SP2,B,"146 40049 41037 41051",41054,""
FIX50SP2,B,"146 40049",41081,""
FIX50SP2,B,"146 40049",41085,""
FIX50SP2,B,"146 40049",41192,""
FIX50SP2,B,"146 40049",41220,""
FIX50SP2,B,"146 40049",41224,""
FIX50SP2,B,"146 40049",41227,""
FIX50SP2,B,"146 40049",41237,""
FIX50SP2,B,"146 40049",41241,""
FIX50SP2,B,"146 40049",41249,""
FIX50SP2,B,"146 40049",41277,""
FIX50SP2,B,"146 40049",41280,""
FIX50SP2,B,"146 40049",41289,""
FIX50SP2,B,"146 40049 41289",41283,""
FIX50SP2,B,"146 40049 41289 41283",41286,""
FIX50SP2,B,"146 40049",42236,""
FIX50SP2,B,"146 40049",42272,""
FIX50SP2,B,"146 40049",42274,""
FIX50SP2,B,"146 40049 42274",42294,""
FIX50SP2,B,"146 40049",42606,""
FIX50SP2,B,"146 40049",42620,""
FIX50SP2,B,"146 40049",42660,""
FIX50SP2,B,"146 40049",42683,""
FIX50SP2,B,"146 40049",42735,""
FIX50SP2,B,"146 40049 42735",42709,""
FIX50SP2,B,"146 40049 42735 42709",42770,""
FIX50SP2,B,"146 40049 42735 42709",42772,""
FIX50SP2,B,"146 40049 42735",42731,""
FIX50SP2,B,"146 40049 42735",42761,""
FIX50SP2,B,"146 40049 42735",42765,""
FIX50SP2,B,"146",40090,""
FIX50SP2,B,"146 40090",40142,""
FIX50SP2,B,"146 40090",40171,""
FIX50SP2,B,"146 40090",40174,""
FIX50SP2,B,"146 40090 40174",40178,""
FIX50SP2,B,"146 40090",40952,""
FIX50SP2,B,"146 40090",40953,""
FIX50SP2,B,"146 40090",40954,""
FIX50SP2,B,"146 40090",40955,""
FIX50SP2,B,"146 40090",40956,""
FIX50SP2,B,"146 40090",40957,""
FIX50SP2,B,"146",40181,""
FIX50SP2,B,"146 40181",40191,""
FIX50SP2,B,"146 40181 40191",40199,""
FIX50SP2,B,"146 40181",40201,""
FIX50SP2,B,"146 40181",40951,""
FIX50SP2,B,"146",40204,""
FIX50SP2,B,"146 40204",40209,""
FIX50SP2,B,"146",40278,""
FIX50SP2,B,"146",41092,""
FIX50SP2,B,"146",41094,""
FIX50SP2,B,"146",41096,""
FIX50SP2,B,"146",41116,""
FIX50SP2,B,"146",41137,""
FIX50SP2,B,"146",41140,""
FIX50SP2,B,"146",41152,""
FIX50SP2,B,"146",41230,""
FIX50SP2,B,"146",42296,""
FIX50SP2,B,"146",42775,""
FIX50SP2,B,"",215,""
FIX50SP2,B,"",555,""
FIX50SP2,B,"555",604,""
FIX50SP2,B,"555",2059,""
FIX50SP2,B,"555",2076,""
FIX50SP2,B,"555",2218,""
FIX50SP2,B,"555 2218",2250,""
FIX50SP2,B,"555 2218 2250",2253,""
FIX50SP2,B,"555 2218",41366,""
FIX50SP2,B,"555 2218 41366",41374,""
FIX50SP2,B,"555 2218",41379,""
FIX50SP2,B,"555 2218 41379",41363,""
FIX50SP2,B,"555 2218 41379",41376,""
FIX50SP2,B,"555 2218 41379",41400,""
FIX50SP2,B,"555 2218",41382,""
FIX50SP2,B,"555 2218",41387,""
FIX50SP2,B,"555 2218",41398,""
FIX50SP2,B,"555",2254,""
FIX50SP2,B,"555 2254",2258,""
FIX50SP2,B,"555",2308,""
FIX50SP2,B,"555",40241,""
FIX50SP2,B,"555 40241",40367,""
FIX50SP2,B,"555 40241",40374,""
FIX50SP2,B,"555 40241 40374",40414,""
FIX50SP2,B,"555 40241 40374",40927,""
FIX50SP2,B,"555 40241 40374",40928,""
FIX50SP2,B,"555 40241 40374",41530,""
FIX50SP2,B,"555 40241",40418,""
FIX50SP2,B,"555 40241 40418",42495,""
FIX50SP2,B,"555 40241 40418",42504,""
FIX50SP2,B,"555 40241",40902,""
FIX50SP2,B,"555 40241",40929,""
FIX50SP2,B,"555 40241",40930,""
FIX50SP2,B,"555 40241",40931,""
FIX50SP2,B,"555 40241",40932,""
FIX50SP2,B,"555 40241",40933,""
FIX50SP2,B,"555 40241",40940,""
FIX50SP2,B,"555 40241",40941,""
FIX50SP2,B,"555 40241",40942,""
FIX50SP2,B,"555 40241",40943,""
FIX50SP2,B,"555 40241",41408,""
FIX50SP2,B,"555 40241 41408",41422,""
FIX50SP2,B,"555 40241 41408 41422",41425,""
FIX50SP2,B,"555 40241",41452,""
FIX50SP2,B,"555 40241",41456,""
FIX50SP2,B,"555 40241",41460,""
FIX50SP2,B,"555 40241",41561,""
FIX50SP2,B,"555 40241",41589,""
FIX50SP2,B,"555 40241",41593,""
FIX50SP2,B,"555 40241",41596,""
FIX50SP2,B,"555 40241",41638,""
FIX50SP2,B,"555 40241",41646,""
FIX50SP2,B,"555 40241",41674,""
FIX50SP2,B,"555 40241",41677,""
FIX50SP2,B,"555 40241",41686,""
FIX50SP2,B,"555 40241 41686",41680,""
FIX50SP2,B,"555 40241 41686 41680",41683,""
FIX50SP2,B,"555 40241",42310,""
FIX50SP2,B,"555 40241",42364,""
FIX50SP2,B,"555 40241",42366,""
FIX50SP2,B,"555 40241 42366",42386,""
FIX50SP2,B,"555 40241",42405,""
FIX50SP2,B,"555 40241",42419,""
FIX50SP2,B,"555 40241",42459,""
FIX50SP2,B,"555 40241",42485,""
FIX50SP2,B,"555 40241",42534,""
FIX50SP2,B,"555 40241 42534",42508,""
FIX50SP2,B,"555 40241 42534 42508",42569,""
FIX50SP2,B,"555 40241 42534 42508",42571,""
FIX50SP2,B,"555 40241 42534",42530,""
FIX50SP2,B,"555 40241 42534",42560,""
FIX50SP2,B,"555 40241 42534",42564,""
FIX50SP2,B,"555",40448,""
FIX50SP2,B,"555 40448",40473,""
FIX50SP2,B,"555 40448",40495,""
FIX50SP2,B,"555 40448",40533,""
FIX50SP2,B,"555 40448 40533",40537,""
FIX50SP2,B,"555 40448",40934,""
FIX50SP2,B,"555 40448",40935,""
FIX50SP2,B,"555 40448",40936,""
FIX50SP2,B,"555 40448",40937,""
FIX50SP2,B,"555 40448",40938,""
FIX50SP2,B,"555 40448",40939,""
FIX50SP2,B,"555",40923,""
FIX50SP2,B,"555",41335,""
FIX50SP2,B,"555 41335",41316,""
FIX50SP2,B,"555",41344,""
FIX50SP2,B,"555 41344",41342,""
FIX50SP2,B,"555 41344",42306,""
FIX50SP2,B,"555",41467,""
FIX50SP2,B,"555",41469,""
FIX50SP2,B,"555",41471,""
FIX50SP2,B,"555",41491,""
FIX50SP2,B,"555",41512,""
FIX50SP2,B,"555",41515,""
FIX50SP2,B,"555",41527,""
FIX50SP2,B,"555",41599,""
FIX50SP2,B,"555 41599",41604,""
FIX50SP2,B,"555",41607,""
FIX50SP2,B,"555",41616,""
FIX50SP2,B,"555 41616",41614,""
FIX50SP2,B,"555 41616",41625,""
FIX50SP2,B,"555 41616 41625",41633,""
FIX50SP2,B,"555 41616",41635,""
FIX50SP2,B,"555",42198,""
FIX50SP2,B,"555",42200,""
FIX50SP2,B,"555",42203,""
FIX50SP2,B,"555",42388,""
FIX50SP2,B,"555",42581,""
FIX50SP2,B,"",711,""
FIX50SP2,B,"711",457,""
FIX50SP2,B,"711",887,""
FIX50SP2,B,"711",1058,""
FIX50SP2,B,"711 1058",1062,""
FIX50SP2,B,"711",1981,""
FIX50SP2,B,"711",2045,""
FIX50SP2,B,"711 2045",2053,""
FIX50SP2,B,"711 2045 2053",2056,""
FIX50SP2,B,"711 2045",41716,""
FIX50SP2,B,"711 2045 41716",41724,""
FIX50SP2,B,"711 2045",41729,""
FIX50SP2,B,"711 2045 41729",41713,""
FIX50SP2,B,"711 2045 41729",41726,""
FIX50SP2,B,"711 2045 41729",41750,""
FIX50SP2,B,"711 2045",41732,""
FIX50SP2,B,"711 2045",41737,""
FIX50SP2,B,"711 2045",41748,""
FIX50SP2,B,"711",2080,""
FIX50SP2,B,"711",2312,""
FIX50SP2,B,"711",40540,""
FIX50SP2,B,"711 40540",40656,""
FIX50SP2,B,"711 40540",40659,""
FIX50SP2,B,"711 40540",40664,""
FIX50SP2,B,"711 40540 40664",40704,""
FIX50SP2,B,"711 40540 40664",40966,""
FIX50SP2,B,"711 40540 40664",40967,""
FIX50SP2,B,"711 40540 40664",41878,""
FIX50SP2,B,"711 40540",40708,""
FIX50SP2,B,"711 40540 40708",42991,""
FIX50SP2,B,"711 40540 40708",43000,""
FIX50SP2,B,"711 40540",40968,""
FIX50SP2,B,"711 40540",40969,""
FIX50SP2,B,"711 40540",40970,""
FIX50SP2,B,"711 40540",40971,""
FIX50SP2,B,"711 40540",40972,""
FIX50SP2,B,"711 40540",40973,""
FIX50SP2,B,"711 40540",40974,""
FIX50SP2,B,"711 40540",40975,""
FIX50SP2,B,"711 40540",40976,""
FIX50SP2,B,"711 40540",41756,""
FIX50SP2,B,"711 40540 41756",41770,""
FIX50SP2,B,"711 40540 41756 41770",41773,""
FIX50SP2,B,"711 40540",41800,""
FIX50SP2,B,"711 40540",41804,""
FIX50SP2,B,"711 40540",41808,""
FIX50SP2,B,"711 40540",41909,""
FIX50SP2,B,"711 40540",41937,""
FIX50SP2,B,"711 40540",41941,""
FIX50SP2,B,"711 40540",41944,""
FIX50SP2,B,"711 40540",41954,""
FIX50SP2,B,"711 40540",41962,""
FIX50SP2,B,"711 40540",41990,""
FIX50SP2,B,"711 40540",41993,""
FIX50SP2,B,"711 40540",42002,""
FIX50SP2,B,"711 40540 42002",41996,""
FIX50SP2,B,"711 40540 42002 41996",41999,""
FIX50SP2,B,"711 40540",42799,""
FIX50SP2,B,"711 40540",42853,""
FIX50SP2,B,"711 40540",42862,""
FIX50SP2,B,"711 40540 42862",42882,""
FIX50SP2,B,"711 40540",42901,""
FIX50SP2,B,"711 40540",42915,""
FIX50SP2,B,"711 40540",42955,""
FIX50SP2,B,"711 40540",42981,""
FIX50SP2,B,"711 40540",43034,""
FIX50SP2,B,"711 40540 43034",43008,""
FIX50SP2,B,"711 40540 43034 43008",43069,""
FIX50SP2,B,"711 40540 43034 43008",43071,""
FIX50SP2,B,"711 40540 43034",43030,""
FIX50SP2,B,"711 40540 43034",43060,""
FIX50SP2,B,"711 40540 43034",43064,""
FIX50SP2,B,"711",40962,""
FIX50SP2,B,"711",41820,""
FIX50SP2,B,"711",41841,""
FIX50SP2,B,"711",41844,""
FIX50SP2,B,"711",41856,""
FIX50SP2,B,"711",41864,""
FIX50SP2,B,"711",41866,""
FIX50SP2,B,"711",41868,""
FIX50SP2,B,"711",41947,""
FIX50SP2,B,"711",42036,""
FIX50SP2,B,"711 42036",41340,""
FIX50SP2,B,"711",42041,""
FIX50SP2,B,"711 42041",42039,""
FIX50SP2,B,"711 42041",42788,""
FIX50SP2,B,"711",42060,""
FIX50SP2,B,"711 42060",42065,""
FIX50SP2,B,"711",42068,""
FIX50SP2,B,"711 42068",42077,""
FIX50SP2,B,"711 42068 42077",42085,""
FIX50SP2,B,"711 42068",42087,""
FIX50SP2,B,"711 42068",42090,""
FIX50SP2,B,"711",42149,""
FIX50SP2,B,"711 42149",42099,""
FIX50SP2,B,"711 42149",42112,""
FIX50SP2,B,"711 42149",42173,""
FIX50SP2,B,"711 42149 42173",42177,""
FIX50SP2,B,"711 42149",42180,""
FIX50SP2,B,"711 42149",42182,""
FIX50SP2,B,"711 42149",42184,""
FIX50SP2,B,"711 42149",42186,""
FIX50SP2,B,"711 42149",42188,""
FIX50SP2,B,"711 42149",42190,""
FIX50SP2,B,"711",42855,""
FIX50SP2,B,"711",42884,""
FIX50SP2,B,"711",43005,""
FIX50SP2,B,"711",43074,""
FIX50SP2,B,"",1475,""
FIX50SP2,BA,"",85,""
FIX50SP2,BA,"85",781,""
FIX50SP2,BA,"85 781",801,""
FIX50SP2,BA,"",124,""
FIX50SP2,BA,"",136,""
FIX50SP2,BA,"136",2633,""
FIX50SP2,BA,"",232,""
FIX50SP2,BA,"",453,""
FIX50SP2,BA,"453",802,""
FIX50SP2,BA,"",454,""
FIX50SP2,BA,"",555,""
FIX50SP2,BA,"555",604,""
FIX50SP2,BA,"555",2059,""
FIX50SP2,BA,"555",2076,""
FIX50SP2,BA,"555",2218,""
FIX50SP2,BA,"555 2218",2250,""
FIX50SP2,BA,"555 2218 2250",2253,""
FIX50SP2,BA,"555 2218",41366,""
FIX50SP2,BA,"555 2218 41366",41374,""
FIX50SP2,BA,"555 2218",41379,""
FIX50SP2,BA,"555 2218 41379",41363,""
FIX50SP2,BA,"555 2218 41379",41376,""
FIX50SP2,BA,"555 2218 41379",41400,""
FIX50SP2,BA,"555 2218",41382,""
FIX50SP2,BA,"555 2218",41387,""
FIX50SP2,BA,"555 2218",41398,""
FIX50SP2,BA,"555",2254,""
FIX50SP2,BA,"555 2254",2258,""
FIX50SP2,BA,"555",2308,""
FIX50SP2,BA,"555",40241,""
FIX50SP2,BA,"555 40241",40367,""
FIX50SP2,BA,"555 40241",40374,""
FIX50SP2,BA,"555 40241 40374",40414,""
FIX50SP2,BA,"555 40241 40374",40927,""
FIX50SP2,BA,"555 40241 40374",40928,""
FIX50SP2,BA,"555 40241 40374",41530,""
FIX50SP2,BA,"555 40241",40418,""
FIX50SP2,BA,"555 40241 40418",42495,""
FIX50SP2,BA,"555 40241 40418",42504,""
FIX50SP2,BA,"555 40241",40902,""
FIX50SP2,BA,"555 40241",40929,""
FIX50SP2,BA,"555 40241",40930,""
FIX50SP2,BA,"555 40241",40931,""
FIX50SP2,BA,"555 40241",40932,""
FIX50SP2,BA,"555 40241",40933,""
FIX50SP2,BA,"555 40241",40940,""
FIX50SP2,BA,"555 40241",40941,""
FIX50SP2,BA,"555 40241",40942,""
FIX50SP2,BA,"555 40241",40943,""
FIX50SP2,BA,"555 40241",41408,""
FIX50SP2,BA,"555 40241 41408",41422,""
FIX50SP2,BA,"555 40241 41408 41422",41425,""
FIX50SP2,BA,"555 40241",41452,""
FIX50SP2,BA,"555 40241",41456,""
FIX50SP2,BA,"555 40241",41460,""
FIX50SP2,BA,"555 40241",41561,""
FIX50SP2,BA,"555 40241",41589,""
FIX50SP2,BA,"555 40241",41593,""
FIX50SP2,BA,"555 40241",41596,""
FIX50SP2,BA,"555 40241",41638,""
FIX50SP2,BA,"555 40241",41646,""
FIX50SP2,BA,"555 40241",41674,""
FIX50SP2,BA,"555 40241",41677,""
FIX50SP2,BA,"555 40241",41686,""
FIX50SP2,BA,"555 40241 41686",41680,""
FIX50SP2,BA,"555 40241 41686 41680",41683,""
FIX50SP2,BA,"555 40241",42310,""
FIX50SP2,BA,"555 40241",42364,""
FIX50SP2,BA,"555 40241",42366,""
FIX50SP2,BA,"555 40241 42366",42386,""
FIX50SP2,BA,"555 40241",42405,""
FIX50SP2,BA,"555 40241",42419,""
FIX50SP2,BA,"555 40241",42459,""
FIX50SP2,BA,"555 40241",42485,""
FIX50SP2,BA,"555 40241",42534,""
FIX50SP2,BA,"555 40241 42534",42508,""
FIX50SP2,BA,"555 40241 42534 42508",42569,""
FIX50SP2,BA,"555 40241 42534 42508",42571,""
FIX50SP2,BA,"555 40241 42534",42530,""
FIX50SP2,BA,"555 40241 42534",42560,""
FIX50SP2,BA,"555 40241 42534",42564,""
FIX50SP2,BA,"555",40448,""
FIX50SP2,BA,"555 40448",40473,""
FIX50SP2,BA,"555 40448",40495,""
FIX50SP2,BA,"555 40448",40533,""
FIX50SP2,BA,"555 40448 40533",40537,""
FIX50SP2,BA,"555 40448",40934,""
FIX50SP2,BA,"555 40448",40935,""
FIX50SP2,BA,"555 40448",40936,""
FIX50SP2,BA,"555 40448",40937,""
FIX50SP2,BA,"555 40448",40938,""
FIX50SP2,BA,"555 40448",40939,""
FIX50SP2,BA,"555",40923,""
FIX50SP2,BA,"555",41335,""
FIX50SP2,BA,"555 41335",41316,""
FIX50SP2,BA,"555",41344,""
FIX50SP2,BA,"555 41344",41342,""
FIX50SP2,BA,"555 41344",42306,""
FIX50SP2,BA,"555",41467,""
FIX50SP2,BA,"555",41469,""
FIX50SP2,BA,"555",41471,""
FIX50SP2,BA,"555",41491,""
FIX50SP2,BA,"555",41512,""
FIX50SP2,BA,"555",41515,""
FIX50SP2,BA,"555",41527,""
FIX50SP2,BA,"555",41599,""
FIX50SP2,BA,"555 41599",41604,""
FIX50SP2,BA,"555",41607,""
FIX50SP2,BA,"555",41616,""
FIX50SP2,BA,"555 41616",41614,""
FIX50SP2,BA,"555 41616",41625,""
FIX50SP2,BA,"555 41616 41625",41633,""
FIX50SP2,BA,"555 41616",41635,""
FIX50SP2,BA,"555",42198,""
FIX50SP2,BA,"555",42200,""
FIX50SP2,BA,"555",42203,""
FIX50SP2,BA,"555",42388,""
FIX50SP2,BA,"555",42581,""
FIX50SP2,BA,"",711,""
FIX50SP2,BA,"711",457,""
FIX50SP2,BA,"711",887,""
FIX50SP2,BA,"711",1058,""
FIX50SP2,BA,"711 1058",1062,""
FIX50SP2,BA,"711",1981,""
FIX50SP2,BA,"711",2045,""
FIX50SP2,BA,"711 2045",2053,""
FIX50SP2,BA,"711 2045 2053",2056,""
FIX50SP2,BA,"711 2045",41716,""
FIX50SP2,BA,"711 2045 41716",41724,""
FIX50SP2,BA,"711 2045",41729,""
FIX50SP2,BA,"711 2045 41729",41713,""
FIX50SP2,BA,"711 2045 41729",41726,""
FIX50SP2,BA,"711 2045 41729",41750,""
FIX50SP2,BA,"711 2045",41732,""
FIX50SP2,BA,"711 2045",41737,""
FIX50SP2,BA,"711 2045",41748,""
FIX50SP2,BA,"711",2080,""
FIX50SP2,BA,"711",2312,""
FIX50SP2,BA,"711",40540,""
FIX50SP2,BA,"711 40540",40656,""
FIX50SP2,BA,"711 40540",40659,""
FIX50SP2,BA,"711 40540",40664,""
FIX50SP2,BA,"711 40540 40664",40704,""
FIX50SP2,BA,"711 40540 40664",40966,""
FIX50SP2,BA,"711 40540 40664",40967,""
FIX50SP2,BA,"711 40540 40664",41878,""
FIX50SP2,BA,"711 40540",40708,""
FIX50SP2,BA,"711 40540 40708",42991,""
FIX50SP2,BA,"711 40540 40708",43000,""
FIX50SP2,BA,"711 40540",40968,""
FIX50SP2,BA,"711 40540",40969,""
FIX50SP2,BA,"711 40540",40970,""
FIX50SP2,BA,"711 40540",40971,""
FIX50SP2,BA,"711 40540",40972,""
FIX50SP2,BA,"711 40540",40973,""
FIX50SP2,BA,"711 40540",40974,""
FIX50SP2,BA,"711 40540",40975,""
FIX50SP2,BA,"711 40540",40976,""
FIX50SP2,BA,"711 40540",41756,""
FIX50SP2,BA,"711 40540 41756",41770,""
FIX50SP2,BA,"711 40540 41756 41770",41773,""
FIX50SP2,BA,"711 40540",41800,""
FIX50SP2,BA,"711 40540",41804,""
FIX50SP2,BA,"711 40540",41808,""
FIX50SP2,BA,"711 40540",41909,""
FIX50SP2,BA,"711 40540",41937,""
FIX50SP2,BA,"711 40540",41941,""
FIX50SP2,BA,"711 40540",41944,""
FIX50SP2,BA,"711 40540",41954,""
FIX50SP2,BA,"711 40540",41962,""
FIX50SP2,BA,"711 40540",41990,""
FIX50SP2,BA,"711 40540",41993,""
FIX50SP2,BA,"711 40540",42002,""
FIX50SP2,BA,"711 40540 42002",41996,""
FIX50SP2,BA,"711 40540 42002 41996",41999,""
FIX50SP2,BA,"711 40540",42799,""
FIX50SP2,BA,"711 40540",42853,""
FIX50SP2,BA,"711 40540",42862,""
FIX50SP2,BA,"711 40540 42862",42882,""
FIX50SP2,BA,"711 40540",42901,""
FIX50SP2,BA,"711 40540",42915,""
FIX50SP2,BA,"711 40540",42955,""
FIX50SP2,BA,"711 40540",42981,""
FIX50SP2,BA,"711 40540",43034,""
FIX50SP2,BA,"711 40540 43034",43008,""
FIX50SP2,BA,"711 40540 43034 43008",43069,""
FIX50SP2,BA,"711 40540 43034 43008",43071,""
FIX50SP2,BA,"711 40540 43034",43030,""
FIX50SP2,BA,"711 40540 43034",43060,""
FIX50SP2,BA,"711 40540 43034",43064,""
FIX50SP2,BA,"711",40962,""
FIX50SP2,BA,"711",41820,""
FIX50SP2,BA,"711",41841,""
FIX50SP2,BA,"711",41844,""
FIX50SP2,BA,"711",41856,""
FIX50SP2,BA,"711",41864,""
FIX50SP2,BA,"711",41866,""
FIX50SP2,BA,"711",41868,""
FIX50SP2,BA,"711",41947,""
FIX50SP2,BA,"711",42036,""
FIX50SP2,BA,"711 42036",41340,""
FIX50SP2,BA,"711",42041,""
FIX50SP2,BA,"711 42041",42039,""
FIX50SP2,BA,"711 42041",42788,""
FIX50SP2,BA,"711",42060,""
FIX50SP2,BA,"711 42060",42065,""
FIX50SP2,BA,"711",42068,""
FIX50SP2,BA,"711 42068",42077,""
FIX50SP2,BA,"711 42068 42077",42085,""
FIX50SP2,BA,"711 42068",42087,""
FIX50SP2,BA,"711 42068",42090,""
FIX50SP2,BA,"711",42149,""
FIX50SP2,BA,"711 42149",42099,""
FIX50SP2,BA,"711 42149",42112,""
FIX50SP2,BA,"711 42149",42173,""
FIX50SP2,BA,"711 42149 42173",42177,""
FIX50SP2,BA,"711 42149",42180,""
FIX50SP2,BA,"711 42149",42182,""
FIX50SP2,BA,"711 42149",42184,""
FIX50SP2,BA,"711 42149",42186,""
FIX50SP2,BA,"711 42149",42188,""
FIX50SP2,BA,"711 42149",42190,""
FIX50SP2,BA,"711",42855,""
FIX50SP2,BA,"711",42884,""
FIX50SP2,BA,"711",43005,""
FIX50SP2,BA,"711",43074,""
FIX50SP2,BA,"",768,""
FIX50SP2,BA,"",864,""
FIX50SP2,BA,"",897,""
FIX50SP2,BA,"",1018,""
FIX50SP2,BA,"1018",1052,""
FIX50SP2,BA,"",1483,""
FIX50SP2,BA,"1483",1491,""
FIX50SP2,BA,"1483 1491",1494,""
FIX50SP2,BA,"1483",40997,""
FIX50SP2,BA,"1483 40997",41005,""
FIX50SP2,BA,"1483",41010,""
FIX50SP2,BA,"1483 41010",40994,""
FIX50SP2,BA,"1483 41010",41007,""
FIX50SP2,BA,"1483 41010",41031,""
FIX50SP2,BA,"1483",41013,""
FIX50SP2,BA,"1483",41018,""
FIX50SP2,BA,"1483",41029,""
FIX50SP2,BA,"",1703,""
FIX50SP2,BA,"1703",2845,""
FIX50SP2,BA,"",1907,""
FIX50SP2,BA,"",1976,""
FIX50SP2,BA,"",2304,""
FIX50SP2,BA,"",2849,""
FIX50SP2,BA,"",2871,""
FIX50SP2,BA,"",40019,""
FIX50SP2,BA,"40019",40000,""
FIX50SP2,BA,"",40022,""
FIX50SP2,BA,"40022",40277,""
FIX50SP2,BA,"40022",42214,""
FIX50SP2,BA,"",40040,""
FIX50SP2,BA,"",40042,""
FIX50SP2,BA,"",40046,""
FIX50SP2,BA,"",40049,""
FIX50SP2,BA,"40049",40085,""
FIX50SP2,BA,"40049",40825,""
FIX50SP2,BA,"40049",40828,""
FIX50SP2,BA,"40049 40828",40868,""
FIX50SP2,BA,"40049 40828",40945,""
FIX50SP2,BA,"40049 40828",40977,""
FIX50SP2,BA,"40049 40828",41161,""
FIX50SP2,BA,"40049",40872,""
FIX50SP2,BA,"40049 40872",42696,""
FIX50SP2,BA,"40049 40872",42705,""
FIX50SP2,BA,"40049",40946,""
FIX50SP2,BA,"40049",40947,""
FIX50SP2,BA,"40049",40948,""
FIX50SP2,BA,"40049",40949,""
FIX50SP2,BA,"40049",40950,""
FIX50SP2,BA,"40049",40958,""
FIX50SP2,BA,"40049",40959,""
FIX50SP2,BA,"40049",40960,""
FIX50SP2,BA,"40049",40961,""
FIX50SP2,BA,"40049",41037,""
FIX50SP2,BA,"40049 41037",41051,""
FIX50SP2,BA,"40049 41037 41051",41054,""
FIX50SP2,BA,"40049",41081,""
FIX50SP2,BA,"40049",41085,""
FIX50SP2,BA,"40049",41192,""
FIX50SP2,BA,"40049",41220,""
FIX50SP2,BA,"40049",41224,""
FIX50SP2,BA,"40049",41227,""
FIX50SP2,BA,"40049",41237,""
FIX50SP2,BA,"40049",41241,""
FIX50SP2,BA,"40049",41249,""
FIX50SP2,BA,"40049",41277,""
FIX50SP2,BA,"40049",41280,""
FIX50SP2,BA,"40049",41289,""
FIX50SP2,BA,"40049 41289",41283,""
FIX50SP2,BA,"40049 41289 41283",41286,""
FIX50SP2,BA,"40049",42236,""
FIX50SP2,BA,"40049",42272,""
FIX50SP2,BA,"40049",42274,""
FIX50SP2,BA,"40049 42274",42294,""
FIX50SP2,BA,"40049",42606,""
FIX50SP2,BA,"40049",42620,""
FIX50SP2,BA,"40049",42660,""
FIX50SP2,BA,"40049",42683,""
FIX50SP2,BA,"40049",42735,""
FIX50SP2,BA,"40049 42735",42709,""
FIX50SP2,BA,"40049 42735 42709",42770,""
FIX50SP2,BA,"40049 42735 42709",42772,""
FIX50SP2,BA,"40049 42735",42731,""
FIX50SP2,BA,"40049 42735",42761,""
FIX50SP2,BA,"40049 42735",42765,""
FIX50SP2,BA,"",40090,""
FIX50SP2,BA,"40090",40142,""
FIX50SP2,BA,"40090",40171,""
FIX50SP2,BA,"40090",40174,""
FIX50SP2,BA,"40090 40174",40178,""
FIX50SP2,BA,"40090",40952,""
FIX50SP2,BA,"40090",40953,""
FIX50SP2,BA,"40090",40954,""
FIX50SP2,BA,"40090",40955,""
FIX50SP2,BA,"40090",40956,""
FIX50SP2,BA,"40090",40957,""
FIX50SP2,BA,"",40181,""
FIX50SP2,BA,"40181",40191,""
FIX50SP2,BA,"40181 40191",40199,""
FIX50SP2,BA,"40181",40201,""
FIX50SP2,BA,"40181",40951,""
FIX50SP2,BA,"",40204,""
FIX50SP2,BA,"40204",40209,""
FIX50SP2,BA,"",40278,""
FIX50SP2,BA,"",41092,""
FIX50SP2,BA,"",41094,""
FIX50SP2,BA,"",41096,""
FIX50SP2,BA,"",41116,""
FIX50SP2,BA,"",41137,""
FIX50SP2,BA,"",41140,""
FIX50SP2,BA,"",41152,""
FIX50SP2,BA,"",41230,""
FIX50SP2,BA,"",42296,""
FIX50SP2,BA,"",42775,""
FIX50SP2,BB,"",85,""
FIX50SP2,BB,"85",781,""
FIX50SP2,BB,"85 781",801,""
FIX50SP2,BB,"",124,""
FIX50SP2,BB,"",232,""
FIX50SP2,BB,"",453,""
FIX50SP2,BB,"453",802,""
FIX50SP2,BB,"",454,""
FIX50SP2,BB,"",555,""
FIX50SP2,BB,"555",604,""
FIX50SP2,BB,"555",2059,""
FIX50SP2,BB,"555",2076,""
FIX50SP2,BB,"555",2218,""
FIX50SP2,BB,"555 2218",2250,""
FIX50SP2,BB,"555 2218 2250",2253,""
FIX50SP2,BB,"555 2218",41366,""
FIX50SP2,BB,"555 2218 41366",41374,""
FIX50SP2,BB,"555 2218",41379,""
FIX50SP2,BB,"555 2218 41379",41363,""
FIX50SP2,BB,"555 2218 41379",41376,""
FIX50SP2,BB,"555 2218 41379",41400,""
FIX50SP2,BB,"555 2218",41382,""
FIX50SP2,BB,"555 2218",41387,""
FIX50SP2,BB,"555 2218",41398,""
FIX50SP2,BB,"555",2254,""
FIX50SP2,BB,"555 2254",2258,""
FIX50SP2,BB,"555",2308,""
FIX50SP2,BB,"555",40241,""
FIX50SP2,BB,"555 40241",40367,""
FIX50SP2,BB,"555 40241",40374,""
FIX50SP2,BB,"555 40241 40374",40414,""
FIX50SP2,BB,"555 40241 40374",40927,""
FIX50SP2,BB,"555 40241 40374",40928,""
FIX50SP2,BB,"555 40241 40374",41530,""
FIX50SP2,BB,"555 40241",40418,""
FIX50SP2,BB,"555 40241 40418",42495,""
FIX50SP2,BB,"555 40241 40418",42504,""
FIX50SP2,BB,"555 40241",40902,""
FIX50SP2,BB,"555 40241",40929,""
FIX50SP2,BB,"555 40241",40930,""
FIX50SP2,BB,"555 40241",40931,""
FIX50SP2,BB,"555 40241",40932,""
FIX50SP2,BB,"555 40241",40933,""
FIX50SP2,BB,"555 40241",40940,""
FIX50SP2,BB,"555 40241",40941,""
FIX50SP2,BB,"555 40241",40942,""
FIX50SP2,BB,"555 40241",40943,""
FIX50SP2,BB,"555 40241",41408,""
FIX50SP2,BB,"555 40241 41408",41422,""
FIX50SP2,BB,"555 40241 41408 41422",41425,""
FIX50SP2,BB,"555 40241",41452,""
FIX50SP2,BB,"555 40241",41456,""
FIX50SP2,BB,"555 40241",41460,""
FIX50SP2,BB,"555 40241",41561,""
FIX50SP2,BB,"555 40241",41589,""
FIX50SP2,BB,"555 40241",41593,""
FIX50SP2,BB,"555 40241",41596,""
FIX50SP2,BB,"555 40241",41638,""
FIX50SP2,BB,"555 40241",41646,""
FIX50SP2,BB,"555 40241",41674,""
FIX50SP2,BB,"555 40241",41677,""
FIX50SP2,BB,"555 40241",41686,""
FIX50SP2,BB,"555 40241 41686",41680,""
FIX50SP2,BB,"555 40241 41686 41680",41683,""
FIX50SP2,BB,"555 40241",42310,""
FIX50SP2,BB,"555 40241",42364,""
FIX50SP2,BB,"555 40241",42366,""
FIX50SP2,BB,"555 40241 42366",42386,""
FIX50SP2,BB,"555 40241",42405,""
FIX50SP2,BB,"555 40241",42419,""
FIX50SP2,BB,"555 40241",42459,""
FIX50SP2,BB,"555 40241",42485,""
FIX50SP2,BB,"555 40241",42534,""
FIX50SP2,BB,"555 40241 42534",42508,""
FIX50SP2,BB,"555 40241 42534 42508",42569,""
FIX50SP2,BB,"555 40241 42534 42508",42571,""
FIX50SP2,BB,"555 40241 42534",42530,""
FIX50SP2,BB,"555 40241 42534",42560,""
FIX50SP2,BB,"555 40241 42534",42564,""
FIX50SP2,BB,"555",40448,""
FIX50SP2,BB,"555 40448",40473,""
FIX50SP2,BB,"555 40448",40495,""
FIX50SP2,BB,"555 40448",40533,""
FIX50SP2,BB,"555 40448 40533",40537,""
FIX50SP2,BB,"555 40448",40934,""
FIX50SP2,BB,"555 40448",40935,""
FIX50SP2,BB,"555 40448",40936,""
FIX50SP2,BB,"555 40448",40937,""
FIX50SP2,BB,"555 40448",40938,""
FIX50SP2,BB,"555 40448",40939,""
FIX50SP2,BB,"555",40923,""
FIX50SP2,BB,"555",41335,""
FIX50SP2,BB,"555 41335",41316,""
FIX50SP2,BB,"555",41344,""
FIX50SP2,BB,"555 41344",41342,""
FIX50SP2,BB,"555 41344",42306,""
FIX50SP2,BB,"555",41467,""
FIX50SP2,BB,"555",41469,""
FIX50SP2,BB,"555",41471,""
FIX50SP2,BB,"555",41491,""
FIX50SP2,BB,"555",41512,""
FIX50SP2,BB,"555",41515,""
FIX50SP2,BB,"555",41527,""
FIX50SP2,BB,"555",41599,""
FIX50SP2,BB,"555 41599",41604,""
FIX50SP2,BB,"555",41607,""
FIX50SP2,BB,"555",41616,""
FIX50SP2,BB,"555 41616",41614,""
FIX50SP2,BB,"555 41616",41625,""
FIX50SP2,BB,"555 41616 41625",41633,""
FIX50SP2,BB,"555 41616",41635,""
FIX50SP2,BB,"555",42198,""
FIX50SP2,BB,"555",42200,""
FIX50SP2,BB,"555",42203,""
FIX50SP2,BB,"555",42388,""
FIX50SP2,BB,"555",42581,""
FIX50SP2,BB,"",711,""
FIX50SP2,BB,"711",457,""
FIX50SP2,BB,"711",887,""
FIX50SP2,BB,"711",1058,""
FIX50SP2,BB,"711 1058",1062,""
FIX50SP2,BB,"711",1981,""
FIX50SP2,BB,"711",2045,""
FIX50SP2,BB,"711 2045",2053,""
FIX50SP2,BB,"711 2045 2053",2056,""
FIX50SP2,BB,"711 2045",41716,""
FIX50SP2,BB,"711 2045 41716",41724,""
FIX50SP2,BB,"711 2045",41729,""
FIX50SP2,BB,"711 2045 41729",41713,""
FIX50SP2,BB,"711 2045 41729",41726,""
FIX50SP2,BB,"711 2045 41729",41750,""
FIX50SP2,BB,"711 2045",41732,""
FIX50SP2,BB,"711 2045",41737,""
FIX50SP2,BB,"711 2045",41748,""
FIX50SP2,BB,"711",2080,""
FIX50SP2,BB,"711",2312,""
FIX50SP2,BB,"711",40540,""
FIX50SP2,BB,"711 40540",40656,""
FIX50SP2,BB,"711 40540",40659,""
FIX50SP2,BB,"711 40540",40664,""
FIX50SP2,BB,"711 40540 40664",40704,""
FIX50SP2,BB,"711 40540 40664",40966,""
FIX50SP2,BB,"711 40540 40664",40967,""
FIX50SP2,BB,"711 40540 40664",41878,""
FIX50SP2,BB,"711 40540",40708,""
FIX50SP2,BB,"711 40540 40708",42991,""
FIX50SP2,BB,"711 40540 40708",43000,""
FIX50SP2,BB,"711 40540",40968,""
FIX50SP2,BB,"711 40540",40969,""
FIX50SP2,BB,"711 40540",40970,""
FIX50SP2,BB,"711 40540",40971,""
FIX50SP2,BB,"711 40540",40972,""
FIX50SP2,BB,"711 40540",40973,""
FIX50SP2,BB,"711 40540",40974,""
FIX50SP2,BB,"711 40540",40975,""
FIX50SP2,BB,"711 40540",40976,""
FIX50SP2,BB,"711 40540",41756,""
FIX50SP2,BB,"711 40540 41756",41770,""
FIX50SP2,BB,"711 40540 41756 41770",41773,""
FIX50SP2,BB,"711 40540",41800,""
FIX50SP2,BB,"711 40540",41804,""
FIX50SP2,BB,"711 40540",41808,""
FIX50SP2,BB,"711 40540",41909,""
FIX50SP2,BB,"711 40540",41937,""
FIX50SP2,BB,"711 40540",41941,""
FIX50SP2,BB,"711 40540",41944,""
FIX50SP2,BB,"711 40540",41954,""
FIX50SP2,BB,"711 40540",41962,""
FIX50SP2,BB,"711 40540",41990,""
FIX50SP2,BB,"711 40540",41993,""
FIX50SP2,BB,"711 40540",42002,""
FIX50SP2,BB,"711 40540 42002",41996,""
FIX50SP2,BB,"711 40540 42002 41996",41999,""
FIX50SP2,BB,"711 40540",42799,""
FIX50SP2,BB,"711 40540",42853,""
FIX50SP2,BB,"711 40540",42862,""
FIX50SP2,BB,"711 40540 42862",42882,""
FIX50SP2,BB,"711 40540",42901,""
FIX50SP2,BB,"711 40540",42915,""
FIX50SP2,BB,"711 40540",42955,""
FIX50SP2,BB,"711 40540",42981,""
FIX50SP2,BB,"711 40540",43034,""
FIX50SP2,BB,"711 40540 43034",43008,""
FIX50SP2,BB,"711 40540 43034 43008",43069,""
FIX50SP2,BB,"711 40540 43034 43008",43071,""
FIX50SP2,BB,"711 40540 43034",43030,""
FIX50SP2,BB,"711 40540 43034",43060,""
FIX50SP2,BB,"711 40540 43034",43064,""
FIX50SP2,BB,"711",40962,""
FIX50SP2,BB,"711",41820,""
FIX50SP2,BB,"711",41841,""
FIX50SP2,BB,"711",41844,""
FIX50SP2,BB,"711",41856,""
FIX50SP2,BB,"711",41864,""
FIX50SP2,BB,"711",41866,""
FIX50SP2,BB,"711",41868,""
FIX50SP2,BB,"711",41947,""
FIX50SP2,BB,"711",42036,""
FIX50SP2,BB,"711 42036",41340,""
FIX50SP2,BB,"711",42041,""
FIX50SP2,BB,"711 42041",42039,""
FIX50SP2,BB,"711 42041",42788,""
FIX50SP2,BB,"711",42060,""
FIX50SP2,BB,"711 42060",42065,""
FIX50SP2,BB,"711",42068,""
FIX50SP2,BB,"711 42068",42077,""
FIX50SP2,BB,"711 42068 42077",42085,""
FIX50SP2,BB,"711 42068",42087,""
FIX50SP2,BB,"711 42068",42090,""
FIX50SP2,BB,"711",42149,""
FIX50SP2,BB,"711 42149",42099,""
FIX50SP2,BB,"711 42149",42112,""
FIX50SP2,BB,"711 42149",42173,""
FIX50SP2,BB,"711 42149 42173",42177,""
FIX50SP2,BB,"711 42149",42180,""
FIX50SP2,BB,"711 42149",42182,""
FIX50SP2,BB,"711 42149",42184,""
FIX50SP2,BB,"711 42149",42186,""
FIX50SP2,BB,"711 42149",42188,""
FIX50SP2,BB,"711 42149",42190,""
FIX50SP2,BB,"711",42855,""
FIX50SP2,BB,"711",42884,""
FIX50SP2,BB,"711",43005,""
FIX50SP2,BB,"711",43074,""
FIX50SP2,BB,"",768,""
FIX50SP2,BB,"",864,""
FIX50SP2,BB,"",897,""
FIX50SP2,BB,"",938,""
FIX50SP2,BB,"",1018,""
FIX50SP2,BB,"1018",1052,""
FIX50SP2,BB,"",1483,""
FIX50SP2,BB,"1483",1491,""
FIX50SP2,BB,"1483 1491",1494,""
FIX50SP2,BB,"1483",40997,""
FIX50SP2,BB,"1483 40997",41005,""
FIX50SP2,BB,"1483",41010,""
FIX50SP2,BB,"1483 41010",40994,""
FIX50SP2,BB,"1483 41010",41007,""
FIX50SP2,BB,"1483 41010",41031,""
FIX50SP2,BB,"1483",41013,""
FIX50SP2,BB,"1483",41018,""
FIX50SP2,BB,"1483",41029,""
FIX50SP2,BB,"",1976,""
FIX50SP2,BB,"",2304,""
FIX50SP2,BB,"",40019,""
FIX50SP2,BB,"40019",40000,""
FIX50SP2,BB,"",40022,""
FIX50SP2,BB,"40022",40277,""
FIX50SP2,BB,"40022",42214,""
FIX50SP2,BB,"",40040,""
FIX50SP2,BB,"",40042,""
FIX50SP2,BB,"",40046,""
FIX50SP2,BB,"",40049,""
FIX50SP2,BB,"40049",40085,""
FIX50SP2,BB,"40049",40825,""
FIX50SP2,BB,"40049",40828,""
FIX50SP2,BB,"40049 40828",40868,""
FIX50SP2,BB,"40049 40828",40945,""
FIX50SP2,BB,"40049 40828",40977,""
FIX50SP2,BB,"40049 40828",41161,""
FIX50SP2,BB,"40049",40872,""
FIX50SP2,BB,"40049 40872",42696,""
FIX50SP2,BB,"40049 40872",42705,""
FIX50SP2,BB,"40049",40946,""
FIX50SP2,BB,"40049",40947,""
FIX50SP2,BB,"40049",40948,""
FIX50SP2,BB,"40049",40949,""
FIX50SP2,BB,"40049",40950,""
FIX50SP2,BB,"40049",40958,""
FIX50SP2,BB,"40049",40959,""
FIX50SP2,BB,"40049",40960,""
FIX50SP2,BB,"40049",40961,""
FIX50SP2,BB,"40049",41037,""
FIX50SP2,BB,"40049 41037",41051,""
FIX50SP2,BB,"40049 41037 41051",41054,""
FIX50SP2,BB,"40049",41081,""
FIX50SP2,BB,"40049",41085,""
FIX50SP2,BB,"40049",41192,""
FIX50SP2,BB,"40049",41220,""
FIX50SP2,BB,"40049",41224,""
FIX50SP2,BB,"40049",41227,""
FIX50SP2,BB,"40049",41237,""
FIX50SP2,BB,"40049",41241,""
FIX50SP2,BB,"40049",41249,""
FIX50SP2,BB,"40049",41277,""
FIX50SP2,BB,"40049",41280,""
FIX50SP2,BB,"40049",41289,""
FIX50SP2,BB,"40049 41289",41283,""
FIX50SP2,BB,"40049 41289 41283",41286,""
FIX50SP2,BB,"40049",42236,""
FIX50SP2,BB,"40049",42272,""
FIX50SP2,BB,"40049",42274,""
FIX50SP2,BB,"40049 42274",42294,""
FIX50SP2,BB,"40049",42606,""
FIX50SP2,BB,"40049",42620,""
FIX50SP2,BB,"40049",42660,""
FIX50SP2,BB,"40049",42683,""
FIX50SP2,BB,"40049",42735,""
FIX50SP2,BB,"40049 42735",42709,""
FIX50SP2,BB,"40049 42735 42709",42770,""
FIX50SP2,BB,"40049 42735 42709",42772,""
FIX50SP2,BB,"40049 42735",42731,""
FIX50SP2,BB,"40049 42735",42761,""
FIX50SP2,BB,"40049 42735",42765,""
FIX50SP2,BB,"",40090,""
FIX50SP2,BB,"40090",40142,""
FIX50SP2,BB,"40090",40171,""
FIX50SP2,BB,"40090",40174,""
FIX50SP2,BB,"40090 40174",40178,""
FIX50SP2,BB,"40090",40952,""
FIX50SP2,BB,"40090",40953,""
FIX50SP2,BB,"40090",40954,""
FIX50SP2,BB,"40090",40955,""
FIX50SP2,BB,"40090",40956,""
FIX50SP2,BB,"40090",40957,""
FIX50SP2,BB,"",40181,""
FIX50SP2,BB,"40181",40191,""
FIX50SP2,BB,"40181 40191",40199,""
FIX50SP2,BB,"40181",40201,""
FIX50SP2,BB,"40181",40951,""
FIX50SP2,BB,"",40204,""
FIX50SP2,BB,"40204",40209,""
FIX50SP2,BB,"",40278,""
FIX50SP2,BB,"",41092,""
FIX50SP2,BB,"",41094,""
FIX50SP2,BB,"",41096,""
FIX50SP2,BB,"",41116,""
FIX50SP2,BB,"",41137,""
FIX50SP2,BB,"",41140,""
FIX50SP2,BB,"",41152,""
FIX50SP2,BB,"",41230,""
FIX50SP2,BB,"",42296,""
FIX50SP2,BB,"",42775,""
FIX50SP2,BC,"",936,""
FIX50SP2,BD,"",936,""
FIX50SP2,BF,"",1610,""
FIX50SP2,BF,"1610",1618,""
FIX50SP2,BG,"",124,""
FIX50SP2,BG,"",453,""
FIX50SP2,BG,"453",802,""
FIX50SP2,BG,"",454,""
FIX50SP2,BG,"",555,""
FIX50SP2,BG,"555",604,""
FIX50SP2,BG,"555",2059,""
FIX50SP2,BG,"555",2076,""
FIX50SP2,BG,"555",2218,""
FIX50SP2,BG,"555 2218",2250,""
FIX50SP2,BG,"555 2218 2250",2253,""
FIX50SP2,BG,"555 2218",41366,""
FIX50SP2,BG,"555 2218 41366",41374,""
FIX50SP2,BG,"555 2218",41379,""
FIX50SP2,BG,"555 2218 41379",41363,""
FIX50SP2,BG,"555 2218 41379",41376,""
FIX50SP2,BG,"555 2218 41379",41400,""
FIX50SP2,BG,"555 2218",41382,""
FIX50SP2,BG,"555 2218",41387,""
FIX50SP2,BG,"555 2218",41398,""
FIX50SP2,BG,"555",2254,""
FIX50SP2,BG,"555 2254",2258,""
FIX50SP2,BG,"555",2308,""
FIX50SP2,BG,"555",40241,""
FIX50SP2,BG,"555 40241",40367,""
FIX50SP2,BG,"555 40241",40374,""
FIX50SP2,BG,"555 40241 40374",40414,""
FIX50SP2,BG,"555 40241 40374",40927,""
FIX50SP2,BG,"555 40241 40374",40928,""
FIX50SP2,BG,"555 40241 40374",41530,""
FIX50SP2,BG,"555 40241",40418,""
FIX50SP2,BG,"555 40241 40418",42495,""
FIX50SP2,BG,"555 40241 40418",42504,""
FIX50SP2,BG,"555 40241",40902,""
FIX50SP2,BG,"555 40241",40929,""
FIX50SP2,BG,"555 40241",40930,""
FIX50SP2,BG,"555 40241",40931,""
FIX50SP2,BG,"555 40241",40932,""
FIX50SP2,BG,"555 40241",40933,""
FIX50SP2,BG,"555 40241",40940,""
FIX50SP2,BG,"555 40241",40941,""
FIX50SP2,BG,"555 40241",40942,""
FIX50SP2,BG,"555 40241",40943,""
FIX50SP2,BG,"555 40241",41408,""
FIX50SP2,BG,"555 40241 41408",41422,""
FIX50SP2,BG,"555 40241 41408 41422",41425,""
FIX50SP2,BG,"555 40241",41452,""
FIX50SP2,BG,"555 40241",41456,""
FIX50SP2,BG,"555 40241",41460,""
FIX50SP2,BG,"555 40241",41561,""
FIX50SP2,BG,"555 40241",41589,""
FIX50SP2,BG,"555 40241",41593,""
FIX50SP2,BG,"555 40241",41596,""
FIX50SP2,BG,"555 40241",41638,""
FIX50SP2,BG,"555 40241",41646,""
FIX50SP2,BG,"555 40241",41674,""
FIX50SP2,BG,"555 40241",41677,""
FIX50SP2,BG,"555 40241",41686,""
FIX50SP2,BG,"555 40241 41686",41680,""
FIX50SP2,BG,"555 40241 41686 41680",41683,""
FIX50SP2,BG,"555 40241",42310,""
FIX50SP2,BG,"555 40241",42364,""
FIX50SP2,BG,"555 40241",42366,""
FIX50SP2,BG,"555 40241 42366",42386,""
FIX50SP2,BG,"555 40241",42405,""
FIX50SP2,BG,"555 40241",42419,""
FIX50SP2,BG,"555 40241",42459,""
FIX50SP2,BG,"555 40241",42485,""
FIX50SP2,BG,"555 40241",42534,""
FIX50SP2,BG,"555 40241 42534",42508,""
FIX50SP2,BG,"555 40241 42534 42508",42569,""
FIX50SP2,BG,"555 40241 42534 42508",42571,""
FIX50SP2,BG,"555 40241 42534",42530,""
FIX50SP2,BG,"555 40241 42534",42560,""
FIX50SP2,BG,"555 40241 42534",42564,""
FIX50SP2,BG,"555",40448,""
FIX50SP2,BG,"555 40448",40473,""
FIX50SP2,BG,"555 40448",40495,""
FIX50SP2,BG,"555 40448",40533,""
FIX50SP2,BG,"555 40448 40533",40537,""
FIX50SP2,BG,"555 40448",40934,""
FIX50SP2,BG,"555 40448",40935,""
FIX50SP2,BG,"555 40448",40936,""
FIX50SP2,BG,"555 40448",40937,""
FIX50SP2,BG,"555 40448",40938,""
FIX50SP2,BG,"555 40448",40939,""
FIX50SP2,BG,"555",40923,""
FIX50SP2,BG,"555",41335,""
FIX50SP2,BG,"555 41335",41316,""
FIX50SP2,BG,"555",41344,""
FIX50SP2,BG,"555 41344",41342,""
FIX50SP2,BG,"555 41344",42306,""
FIX50SP2,BG,"555",41467,""
FIX50SP2,BG,"555",41469,""
FIX50SP2,BG,"555",41471,""
FIX50SP2,BG,"555",41491,""
FIX50SP2,BG,"555",41512,""
FIX50SP2,BG,"555",41515,""
FIX50SP2,BG,"555",41527,""
FIX50SP2,BG,"555",41599,""
FIX50SP2,BG,"555 41599",41604,""
FIX50SP2,BG,"555",41607,""
FIX50SP2,BG,"555",41616,""
FIX50SP2,BG,"555 41616",41614,""
FIX50SP2,BG,"555 41616",41625,""
FIX50SP2,BG,"555 41616 41625",41633,""
FIX50SP2,BG,"555 41616",41635,""
FIX50SP2,BG,"555",42198,""
FIX50SP2,BG,"555",42200,""
FIX50SP2,BG,"555",42203,""
FIX50SP2,BG,"555",42388,""
FIX50SP2,BG,"555",42581,""
FIX50SP2,BG,"",711,""
FIX50SP2,BG,"711",457,""
FIX50SP2,BG,"711",887,""
FIX50SP2,BG,"711",1058,""
FIX50SP2,BG,"711 1058",1062,""
FIX50SP2,BG,"711",1981,""
FIX50SP2,BG,"711",2045,""
FIX50SP2,BG,"711 2045",2053,""
FIX50SP2,BG,"711 2045 2053",2056,""
FIX50SP2,BG,"711 2045",41716,""
FIX50SP2,BG,"711 2045 41716",41724,""
FIX50SP2,BG,"711 2045",41729,""
FIX50SP2,BG,"711 2045 41729",41713,""
FIX50SP2,BG,"711 2045 41729",41726,""
FIX50SP2,BG,"711 2045 41729",41750,""
FIX50SP2,BG,"711 2045",41732,""
FIX50SP2,BG,"711 2045",41737,""
FIX50SP2,BG,"711 2045",41748,""
FIX50SP2,BG,"711",2080,""
FIX50SP2,BG,"711",2312,""
FIX50SP2,BG,"711",40540,""
FIX50SP2,BG,"711 40540",40656,""
FIX50SP2,BG,"711 40540",40659,""
FIX50SP2,BG,"711 40540",40664,""
FIX50SP2,BG,"711 40540 40664",40704,""
FIX50SP2,BG,"711 40540 40664",40966,""
FIX50SP2,BG,"711 40540 40664",40967,""
FIX50SP2,BG,"711 40540 40664",41878,""
FIX50SP2,BG,"711 40540",40708,""
FIX50SP2,BG,"711 40540 40708",42991,""
FIX50SP2,BG,"711 40540 40708",43000,""
FIX50SP2,BG,"711 40540",40968,""
FIX50SP2,BG,"711 40540",40969,""
FIX50SP2,BG,"711 40540",40970,""
FIX50SP2,BG,"711 40540",40971,""
FIX50SP2,BG,"711 40540",40972,""
FIX50SP2,BG,"711 40540",40973,""
FIX50SP2,BG,"711 40540",40974,""
FIX50SP2,BG,"711 40540",40975,""
FIX50SP2,BG,"711 40540",40976,""
FIX50SP2,BG,"711 40540",41756,""
FIX50SP2,BG,"711 40540 41756",41770,""
FIX50SP2,BG,"711 40540 41756 41770",41773,""
FIX50SP2,BG,"711 40540",41800,""
FIX50SP2,BG,"711 40540",41804,""
FIX50SP2,BG,"711 40540",41808,""
FIX50SP2,BG,"711 40540",41909,""
FIX50SP2,BG,"711 40540",41937,""
FIX50SP2,BG,"711 40540",41941,""
FIX50SP2,BG,"711 40540",41944,""
FIX50SP2,BG,"711 40540",41954,""
FIX50SP2,BG,"711 40540",41962,""
FIX50SP2,BG,"711 40540",41990,""
FIX50SP2,BG,"711 40540",41993,""
FIX50SP2,BG,"711 40540",42002,""
FIX50SP2,BG,"711 40540 42002",41996,""
FIX50SP2,BG,"711 40540 42002 41996",41999,""
FIX50SP2,BG,"711 40540",42799,""
FIX50SP2,BG,"711 40540",42853,""
FIX50SP2,BG,"711 40540",42862,""
FIX50SP2,BG,"711 40540 42862",42882,""
FIX50SP2,BG,"711 40540",42901,""
FIX50SP2,BG,"711 40540",42915,""
FIX50SP2,BG,"711 40540",42955,""
FIX50SP2,BG,"711 40540",42981,""
FIX50SP2,BG,"711 40540",43034,""
FIX50SP2,BG,"711 40540 43034",43008,""
FIX50SP2,BG,"711 40540 43034 43008",43069,""
FIX50SP2,BG,"711 40540 43034 43008",43071,""
FIX50SP2,BG,"711 40540 43034",43030,""
FIX50SP2,BG,"711 40540 43034",43060,""
FIX50SP2,BG,"711 40540 43034",43064,""
FIX50SP2,BG,"711",40962,""
FIX50SP2,BG,"711",41820,""
FIX50SP2,BG,"711",41841,""
FIX50SP2,BG,"711",41844,""
FIX50SP2,BG,"711",41856,""
FIX50SP2,BG,"711",41864,""
FIX50SP2,BG,"711",41866,""
FIX50SP2,BG,"711",41868,""
FIX50SP2,BG,"711",41947,""
FIX50SP2,BG,"711",42036,""
FIX50SP2,BG,"711 42036",41340,""
FIX50SP2,BG,"711",42041,""
FIX50SP2,BG,"711 42041",42039,""
FIX50SP2,BG,"711 42041",42788,""
FIX50SP2,BG,"711",42060,""
FIX50SP2,BG,"711 42060",42065,""
FIX50SP2,BG,"711",42068,""
FIX50SP2,BG,"711 42068",42077,""
FIX50SP2,BG,"711 42068 42077",42085,""
FIX50SP2,BG,"711 42068",42087,""
FIX50SP2,BG,"711 42068",42090,""
FIX50SP2,BG,"711",42149,""
FIX50SP2,BG,"711 42149",42099,""
FIX50SP2,BG,"711 42149",42112,""
FIX50SP2,BG,"711 42149",42173,""
FIX50SP2,BG,"711 42149 42173",42177,""
FIX50SP2,BG,"711 42149",42180,""
FIX50SP2,BG,"711 42149",42182,""
FIX50SP2,BG,"711 42149",42184,""
FIX50SP2,BG,"711 42149",42186,""
FIX50SP2,BG,"711 42149",42188,""
FIX50SP2,BG,"711 42149",42190,""
FIX50SP2,BG,"711",42855,""
FIX50SP2,BG,"711",42884,""
FIX50SP2,BG,"711",43005,""
FIX50SP2,BG,"711",43074,""
FIX50SP2,BG,"",864,""
FIX50SP2,BG,"",897,""
FIX50SP2,BG,"",938,""
FIX50SP2,BG,"",1018,""
FIX50SP2,BG,"1018",1052,""
FIX50SP2,BG,"",1483,""
FIX50SP2,BG,"1483",1491,""
FIX50SP2,BG,"1483 1491",1494,""
FIX50SP2,BG,"1483",40997,""
FIX50SP2,BG,"1483 40997",41005,""
FIX50SP2,BG,"1483",41010,""
FIX50SP2,BG,"1483 41010",40994,""
FIX50SP2,BG,"1483 41010",41007,""
FIX50SP2,BG,"1483 41010",41031,""
FIX50SP2,BG,"1483",41013,""
FIX50SP2,BG,"1483",41018,""
FIX50SP2,BG,"1483",41029,""
FIX50SP2,BG,"",1976,""
FIX50SP2,BG,"",2304,""
FIX50SP2,BG,"",40019,""
FIX50SP2,BG,"40019",40000,""
FIX50SP2,BG,"",40022,""
FIX50SP2,BG,"40022",40277,""
FIX50SP2,BG,"40022",42214,""
FIX50SP2,BG,"",40040,""
FIX50SP2,BG,"",40042,""
FIX50SP2,BG,"",40046,""
FIX50SP2,BG,"",40049,""
FIX50SP2,BG,"40049",40085,""
FIX50SP2,BG,"40049",40825,""
FIX50SP2,BG,"40049",40828,""
FIX50SP2,BG,"40049 40828",40868,""
FIX50SP2,BG,"40049 40828",40945,""
FIX50SP2,BG,"40049 40828",40977,""
FIX50SP2,BG,"40049 40828",41161,""
FIX50SP2,BG,"40049",40872,""
FIX50SP2,BG,"40049 40872",42696,""
FIX50SP2,BG,"40049 40872",42705,""
FIX50SP2,BG,"40049",40946,""
FIX50SP2,BG,"40049",40947,""
FIX50SP2,BG,"40049",40948,""
FIX50SP2,BG,"40049",40949,""
FIX50SP2,BG,"40049",40950,""
FIX50SP2,BG,"40049",40958,""
FIX50SP2,BG,"40049",40959,""
FIX50SP2,BG,"40049",40960,""
FIX50SP2,BG,"40049",40961,""
FIX50SP2,BG,"40049",41037,""
FIX50SP2,BG,"40049 41037",41051,""
FIX50SP2,BG,"40049 41037 41051",41054,""
FIX50SP2,BG,"40049",41081,""
FIX50SP2,BG,"40049",41085,""
FIX50SP2,BG,"40049",41192,""
FIX50SP2,BG,"40049",41220,""
FIX50SP2,BG,"40049",41224,""
FIX50SP2,BG,"40049",41227,""
FIX50SP2,BG,"40049",41237,""
FIX50SP2,BG,"40049",41241,""
FIX50SP2,BG,"40049",41249,""
FIX50SP2,BG,"40049",41277,""
FIX50SP2,BG,"40049",41280,""
FIX50SP2,BG,"40049",41289,""
FIX50SP2,BG,"40049 41289",41283,""
FIX50SP2,BG,"40049 41289 41283",41286,""
FIX50SP2,BG,"40049",42236,""
FIX50SP2,BG,"40049",42272,""
FIX50SP2,BG,"40049",42274,""
FIX50SP2,BG,"40049 42274",42294,""
FIX50SP2,BG,"40049",42606,""
FIX50SP2,BG,"40049",42620,""
FIX50SP2,BG,"40049",42660,""
FIX50SP2,BG,"40049",42683,""
FIX50SP2,BG,"40049",42735,""
FIX50SP2,BG,"40049 42735",42709,""
FIX50SP2,BG,"40049 42735 42709",42770,""
FIX50SP2,BG,"40049 42735 42709",42772,""
FIX50SP2,BG,"40049 42735",42731,""
FIX50SP2,BG,"40049 42735",42761,""
FIX50SP2,BG,"40049 42735",42765,""
FIX50SP2,BG,"",40090,""
FIX50SP2,BG,"40090",40142,""
FIX50SP2,BG,"40090",40171,""
FIX50SP2,BG,"40090",40174,""
FIX50SP2,BG,"40090 40174",40178,""
FIX50SP2,BG,"40090",40952,""
FIX50SP2,BG,"40090",40953,""
FIX50SP2,BG,"40090",40954,""
FIX50SP2,BG,"40090",40955,""
FIX50SP2,BG,"40090",40956,""
FIX50SP2,BG,"40090",40957,""
FIX50SP2,BG,"",40181,""
FIX50SP2,BG,"40181",40191,""
FIX50SP2,BG,"40181 40191",40199,""
FIX50SP2,BG,"40181",40201,""
FIX50SP2,BG,"40181",40951,""
FIX50SP2,BG,"",40204,""
FIX50SP2,BG,"40204",40209,""
FIX50SP2,BG,"",40278,""
FIX50SP2,BG,"",41092,""
FIX50SP2,BG,"",41094,""
FIX50SP2,BG,"",41096,""
FIX50SP2,BG,"",41116,""
FIX50SP2,BG,"",41137,""
FIX50SP2,BG,"",41140,""
FIX50SP2,BG,"",41152,""
FIX50SP2,BG,"",41230,""
FIX50SP2,BG,"",42296,""
FIX50SP2,BG,"",42775,""
FIX50SP2,BH,"",73,""
FIX50SP2,BH,"73",756,""
FIX50SP2,BH,"73 756",806,""
FIX50SP2,BJ,"",386,""
FIX50SP2,BJ,"386",1141,""
FIX50SP2,BJ,"386",1232,""
FIX50SP2,BJ,"386",1235,""
FIX50SP2,BJ,"386",1237,""
FIX50SP2,BJ,"386",1239,""
FIX50SP2,BJ,"386",2548,""
FIX50SP2,BK,"",146,""
FIX50SP2,BK,"146",232,""
FIX50SP2,BK,"146",454,""
FIX50SP2,BK,"146",555,""
FIX50SP2,BK,"146 555",604,""
FIX50SP2,BK,"146 555",683,""
FIX50SP2,BK,"146 555",2059,""
FIX50SP2,BK,"146 555",2076,""
FIX50SP2,BK,"146 555",2218,""
FIX50SP2,BK,"146 555 2218",2250,""
FIX50SP2,BK,"146 555 2218 2250",2253,""
FIX50SP2,BK,"146 555 2218",41366,""
FIX50SP2,BK,"146 555 2218 41366",41374,""
FIX50SP2,BK,"146 555 2218",41379,""
FIX50SP2,BK,"146 555 2218 41379",41363,""
FIX50SP2,BK,"146 555 2218 41379",41376,""
FIX50SP2,BK,"146 555 2218 41379",41400,""
FIX50SP2,BK,"146 555 2218",41382,""
FIX50SP2,BK,"146 555 2218",41387,""
FIX50SP2,BK,"146 555 2218",41398,""
FIX50SP2,BK,"146 555",2254,""
FIX50SP2,BK,"146 555 2254",2258,""
FIX50SP2,BK,"146 555",2308,""
FIX50SP2,BK,"146 555",40241,""
FIX50SP2,BK,"146 555 40241",40367,""
FIX50SP2,BK,"146 555 40241",40374,""
FIX50SP2,BK,"146 555 40241 40374",40414,""
FIX50SP2,BK,"146 555 40241 40374",40927,""
FIX50SP2,BK,"146 555 40241 40374",40928,""
FIX50SP2,BK,"146 555 40241 40374",41530,""
FIX50SP2,BK,"146 555 40241",40418,""
FIX50SP2,BK,"146 555 40241 40418",42495,""
FIX50SP2,BK,"146 555 40241 40418",42504,""
FIX50SP2,BK,"146 555 40241",40902,""
FIX50SP2,BK,"146 555 40241",40929,""
FIX50SP2,BK,"146 555 40241",40930,""
FIX50SP2,BK,"146 555 40241",40931,""
FIX50SP2,BK,"146 555 40241",40932,""
FIX50SP2,BK,"146 555 40241",40933,""
FIX50SP2,BK,"146 555 40241",40940,""
FIX50SP2,BK,"146 555 40241",40941,""
FIX50SP2,BK,"146 555 40241",40942,""
FIX50SP2,BK,"146 555 40241",40943,""
FIX50SP2,BK,"146 555 40241",41408,""
FIX50SP2,BK,"146 555 40241 41408",41422,""
FIX50SP2,BK,"146 555 40241 41408 41422",41425,""
FIX50SP2,BK,"146 555 40241",41452,""
FIX50SP2,BK,"146 555 40241",41456,""
FIX50SP2,BK,"146 555 40241",41460,""
FIX50SP2,BK,"146 555 40241",41561,""
FIX50SP2,BK,"146 555 40241",41589,""
FIX50SP2,BK,"146 555 40241",41593,""
FIX50SP2,BK,"146 555 40241",41596,""
FIX50SP2,BK,"146 555 40241",41638,""
FIX50SP2,BK,"146 555 40241",41646,""
FIX50SP2,BK,"146 555 40241",41674,""
FIX50SP2,BK,"146 555 40241",41677,""
FIX50SP2,BK,"146 555 40241",41686,""
FIX50SP2,BK,"146 555 40241 41686",41680,""
FIX50SP2,BK,"146 555 40241 41686 41680",41683,""
FIX50SP2,BK,"146 555 40241",42310,""
FIX50SP2,BK,"146 555 40241",42364,""
FIX50SP2,BK,"146 555 40241",42366,""
FIX50SP2,BK,"146 555 40241 42366",42386,""
FIX50SP2,BK,"146 555 40241",42405,""
FIX50SP2,BK,"146 555 40241",42419,""
FIX50SP2,BK,"146 555 40241",42459,""
FIX50SP2,BK,"146 555 40241",42485,""
FIX50SP2,BK,"146 555 40241",42534,""
FIX50SP2,BK,"146 555 40241 42534",42508,""
FIX50SP2,BK,"146 555 40241 42534 42508",42569,""
FIX50SP2,BK,"146 555 40241 42534 42508",42571,""
FIX50SP2,BK,"146 555 40241 42534",42530,""
FIX50SP2,BK,"146 555 40241 42534",42560,""
FIX50SP2,BK,"146 555 40241 42534",42564,""
FIX50SP2,BK,"146 555",40448,""
FIX50SP2,BK,"146 555 40448",40473,""
FIX50SP2,BK,"146 555 40448",40495,""
FIX50SP2,BK,"146 555 40448",40533,""
FIX50SP2,BK,"146 555 40448 40533",40537,""
FIX50SP2,BK,"146 555 40448",40934,""
FIX50SP2,BK,"146 555 40448",40935,""
FIX50SP2,BK,"146 555 40448",40936,""
FIX50SP2,BK,"146 555 40448",40937,""
FIX50SP2,BK,"146 555 40448",40938,""
FIX50SP2,BK,"146 555 40448",40939,""
FIX50SP2,BK,"146 555",40923,""
FIX50SP2,BK,"146 555",41335,""
FIX50SP2,BK,"146 555 41335",41316,""
FIX50SP2,BK,"146 555",41344,""
FIX50SP2,BK,"146 555 41344",41342,""
FIX50SP2,BK,"146 555 41344",42306,""
FIX50SP2,BK,"146 555",41467,""
FIX50SP2,BK,"146 555",41469,""
FIX50SP2,BK,"146 555",41471,""
FIX50SP2,BK,"146 555",41491,""
FIX50SP2,BK,"146 555",41512,""
FIX50SP2,BK,"146 555",41515,""
FIX50SP2,BK,"146 555",41527,""
FIX50SP2,BK,"146 555",41599,""
FIX50SP2,BK,"146 555 41599",41604,""
FIX50SP2,BK,"146 555",41607,""
FIX50SP2,BK,"146 555",41616,""
FIX50SP2,BK,"146 555 41616",41614,""
FIX50SP2,BK,"146 555 41616",41625,""
FIX50SP2,BK,"146 555 41616 41625",41633,""
FIX50SP2,BK,"146 555 41616",41635,""
FIX50SP2,BK,"146 555",42388,""
FIX50SP2,BK,"146 555",42581,""
FIX50SP2,BK,"146",711,""
FIX50SP2,BK,"146 711",457,""
FIX50SP2,BK,"146 711",887,""
FIX50SP2,BK,"146 711",1058,""
FIX50SP2,BK,"146 711 1058",1062,""
FIX50SP2,BK,"146 711",1981,""
FIX50SP2,BK,"146 711",2045,""
FIX50SP2,BK,"146 711 2045",2053,""
FIX50SP2,BK,"146 711 2045 2053",2056,""
FIX50SP2,BK,"146 711 2045",41716,""
FIX50SP2,BK,"146 711 2045 41716",41724,""
FIX50SP2,BK,"146 711 2045",41729,""
FIX50SP2,BK,"146 711 2045 41729",41713,""
FIX50SP2,BK,"146 711 2045 41729",41726,""
FIX50SP2,BK,"146 711 2045 41729",41750,""
FIX50SP2,BK,"146 711 2045",41732,""
FIX50SP2,BK,"146 711 2045",41737,""
FIX50SP2,BK,"146 711 2045",41748,""
FIX50SP2,BK,"146 711",2080,""
FIX50SP2,BK,"146 711",2312,""
FIX50SP2,BK,"146 711",40540,""
FIX50SP2,BK,"146 711 40540",40656,""
FIX50SP2,BK,"146 711 40540",40659,""
FIX50SP2,BK,"146 711 40540",40664,""
FIX50SP2,BK,"146 711 40540 40664",40704,""
FIX50SP2,BK,"146 711 40540 40664",40966,""
FIX50SP2,BK,"146 711 40540 40664",40967,""
FIX50SP2,BK,"146 711 40540 40664",41878,""
FIX50SP2,BK,"146 711 40540",40708,""
FIX50SP2,BK,"146 711 40540 40708",42991,""
FIX50SP2,BK,"146 711 40540 40708",43000,""
FIX50SP2,BK,"146 711 40540",40968,""
FIX50SP2,BK,"146 711 40540",40969,""
FIX50SP2,BK,"146 711 40540",40970,""
FIX50SP2,BK,"146 711 40540",40971,""
FIX50SP2,BK,"146 711 40540",40972,""
FIX50SP2,BK,"146 711 40540",40973,""
FIX50SP2,BK,"146 711 40540",40974,""
FIX50SP2,BK,"146 711 40540",40975,""
FIX50SP2,BK,"146 711 40540",40976,""
FIX50SP2,BK,"146 711 40540",41756,""
FIX50SP2,BK,"146 711 40540 41756",41770,""
FIX50SP2,BK,"146 711 40540 41756 41770",41773,""
FIX50SP2,BK,"146 711 40540",41800,""
FIX50SP2,BK,"146 711 40540",41804,""
FIX50SP2,BK,"146 711 40540",41808,""
FIX50SP2,BK,"146 711 40540",41909,""
FIX50SP2,BK,"146 711 40540",41937,""
FIX50SP2,BK,"146 711 40540",41941,""
FIX50SP2,BK,"146 711 40540",41944,""
FIX50SP2,BK,"146 711 40540",41954,""
FIX50SP2,BK,"146 711 40540",41962,""
FIX50SP2,BK,"146 711 40540",41990,""
FIX50SP2,BK,"146 711 40540",41993,""
FIX50SP2,BK,"146 711 40540",42002,""
FIX50SP2,BK,"146 711 40540 42002",41996,""
FIX50SP2,BK,"146 711 40540 42002 41996",41999,""
FIX50SP2,BK,"146 711 40540",42799,""
FIX50SP2,BK,"146 711 40540",42853,""
FIX50SP2,BK,"146 711 40540",42862,""
FIX50SP2,BK,"146 711 40540 42862",42882,""
FIX50SP2,BK,"146 711 40540",42901,""
FIX50SP2,BK,"146 711 40540",42915,""
FIX50SP2,BK,"146 711 40540",42955,""
FIX50SP2,BK,"146 711 40540",42981,""
FIX50SP2,BK,"146 711 40540",43034,""
FIX50SP2,BK,"146 711 40540 43034",43008,""
FIX50SP2,BK,"146 711 40540 43034 43008",43069,""
FIX50SP2,BK,"146 711 40540 43034 43008",43071,""
FIX50SP2,BK,"146 711 40540 43034",43030,""
FIX50SP2,BK,"146 711 40540 43034",43060,""
FIX50SP2,BK,"146 711 40540 43034",43064,""
FIX50SP2,BK,"146 711",40962,""
FIX50SP2,BK,"146 711",41820,""
FIX50SP2,BK,"146 711",41841,""
FIX50SP2,BK,"146 711",41844,""
FIX50SP2,BK,"146 711",41856,""
FIX50SP2,BK,"146 711",41864,""
FIX50SP2,BK,"146 711",41866,""
FIX50SP2,BK,"146 711",41868,""
FIX50SP2,BK,"146 711",41947,""
FIX50SP2,BK,"146 711",42036,""
FIX50SP2,BK,"146 711 42036",41340,""
FIX50SP2,BK,"146 711",42041,""
FIX50SP2,BK,"146 711 42041",42039,""
FIX50SP2,BK,"146 711 42041",42788,""
FIX50SP2,BK,"146 711",42060,""
FIX50SP2,BK,"146 711 42060",42065,""
FIX50SP2,BK,"146 711",42068,""
FIX50SP2,BK,"146 711 42068",42077,""
FIX50SP2,BK,"146 711 42068 42077",42085,""
FIX50SP2,BK,"146 711 42068",42087,""
FIX50SP2,BK,"146 711 42068",42090,""
FIX50SP2,BK,"146 711",42149,""
FIX50SP2,BK,"146 711 42149",42099,""
FIX50SP2,BK,"146 711 42149",42112,""
FIX50SP2,BK,"146 711 42149",42173,""
FIX50SP2,BK,"146 711 42149 42173",42177,""
FIX50SP2,BK,"146 711 42149",42180,""
FIX50SP2,BK,"146 711 42149",42182,""
FIX50SP2,BK,"146 711 42149",42184,""
FIX50SP2,BK,"146 711 42149",42186,""
FIX50SP2,BK,"146 711 42149",42188,""
FIX50SP2,BK,"146 711 42149",42190,""
FIX50SP2,BK,"146 711",42855,""
FIX50SP2,BK,"146 711",42884,""
FIX50SP2,BK,"146 711",43005,""
FIX50SP2,BK,"146 711",43074,""
FIX50SP2,BK,"146",864,""
FIX50SP2,BK,"146",870,""
FIX50SP2,BK,"146",1018,""
FIX50SP2,BK,"146 1018",1052,""
FIX50SP2,BK,"146",1201,""
FIX50SP2,BK,"146 1201",1236,""
FIX50SP2,BK,"146",1205,""
FIX50SP2,BK,"146",1234,""
FIX50SP2,BK,"146",1309,""
FIX50SP2,BK,"146 1309",1141,""
FIX50SP2,BK,"146 1309",1232,""
FIX50SP2,BK,"146 1309",1235,""
FIX50SP2,BK,"146 1309",1237,""
FIX50SP2,BK,"146 1309",1239,""
FIX50SP2,BK,"146 1309",2548,""
FIX50SP2,BK,"146",1312,""
FIX50SP2,BK,"146",1483,""
FIX50SP2,BK,"146 1483",1491,""
FIX50SP2,BK,"146 1483 1491",1494,""
FIX50SP2,BK,"146 1483",40997,""
FIX50SP2,BK,"146 1483 40997",41005,""
FIX50SP2,BK,"146 1483",41010,""
FIX50SP2,BK,"146 1483 41010",40994,""
FIX50SP2,BK,"146 1483 41010",41007,""
FIX50SP2,BK,"146 1483 41010",41031,""
FIX50SP2,BK,"146 1483",41013,""
FIX50SP2,BK,"146 1483",41018,""
FIX50SP2,BK,"146 1483",41029,""
FIX50SP2,BK,"146",1647,""
FIX50SP2,BK,"146",1976,""
FIX50SP2,BK,"146",2304,""
FIX50SP2,BK,"146",2550,""
FIX50SP2,BK,"146",2558,""
FIX50SP2,BK,"146",2734,""
FIX50SP2,BK,"146",2746,""
FIX50SP2,BK,"146",40019,""
FIX50SP2,BK,"146 40019",40000,""
FIX50SP2,BK,"146",40022,""
FIX50SP2,BK,"146 40022",40277,""
FIX50SP2,BK,"146 40022",42214,""
FIX50SP2,BK,"146",40040,""
FIX50SP2,BK,"146",40042,""
FIX50SP2,BK,"146",40046,""
FIX50SP2,BK,"146",40049,""
FIX50SP2,BK,"146 40049",40085,""
FIX50SP2,BK,"146 40049",40825,""
FIX50SP2,BK,"146 40049",40828,""
FIX50SP2,BK,"146 40049 40828",40868,""
FIX50SP2,BK,"146 40049 40828",40945,""
FIX50SP2,BK,"146 40049 40828",40977,""
FIX50SP2,BK,"146 40049 40828",41161,""
FIX50SP2,BK,"146 40049",40872,""
FIX50SP2,BK,"146 40049 40872",42696,""
FIX50SP2,BK,"146 40049 40872",42705,""
FIX50SP2,BK,"146 40049",40946,""
FIX50SP2,BK,"146 40049",40947,""
FIX50SP2,BK,"146 40049",40948,""
FIX50SP2,BK,"146 40049",40949,""
FIX50SP2,BK,"146 40049",40950,""
FIX50SP2,BK,"146 40049",40958,""
FIX50SP2,BK,"146 40049",40959,""
FIX50SP2,BK,"146 40049",40960,""
FIX50SP2,BK,"146 40049",40961,""
FIX50SP2,BK,"146 40049",41037,""
FIX50SP2,BK,"146 40049 41037",41051,""
FIX50SP2,BK,"146 40049 41037 41051",41054,""
FIX50SP2,BK,"146 40049",41081,""
FIX50SP2,BK,"146 40049",41085,""
FIX50SP2,BK,"146 40049",41192,""
FIX50SP2,BK,"146 40049",41220,""
FIX50SP2,BK,"146 40049",41224,""
FIX50SP2,BK,"146 40049",41227,""
FIX50SP2,BK,"146 40049",41237,""
FIX50SP2,BK,"146 40049",41241,""
FIX50SP2,BK,"146 40049",41249,""
FIX50SP2,BK,"146 40049",41277,""
FIX50SP2,BK,"146 40049",41280,""
FIX50SP2,BK,"146 40049",41289,""
FIX50SP2,BK,"146 40049 41289",41283,""
FIX50SP2,BK,"146 40049 41289 41283",41286,""
FIX50SP2,BK,"146 40049",42236,""
FIX50SP2,BK,"146 40049",42272,""
FIX50SP2,BK,"146 40049",42274,""
FIX50SP2,BK,"146 40049 42274",42294,""
FIX50SP2,BK,"146 40049",42606,""
FIX50SP2,BK,"146 40049",42620,""
FIX50SP2,BK,"146 40049",42660,""
FIX50SP2,BK,"146 40049",42683,""
FIX50SP2,BK,"146 40049",42735,""
FIX50SP2,BK,"146 40049 42735",42709,""
FIX50SP2,BK,"146 40049 42735 42709",42770,""
FIX50SP2,BK,"146 40049 42735 42709",42772,""
FIX50SP2,BK,"146 40049 42735",42731,""
FIX50SP2,BK,"146 40049 42735",42761,""
FIX50SP2,BK,"146 40049 42735",42765,""
FIX50SP2,BK,"146",40090,""
FIX50SP2,BK,"146 40090",40142,""
FIX50SP2,BK,"146 40090",40171,""
FIX50SP2,BK,"146 40090",40174,""
FIX50SP2,BK,"146 40090 40174",40178,""
FIX50SP2,BK,"146 40090",40952,""
FIX50SP2,BK,"146 40090",40953,""
FIX50SP2,BK,"146 40090",40954,""
FIX50SP2,BK,"146 40090",40955,""
FIX50SP2,BK,"146 40090",40956,""
FIX50SP2,BK,"146 40090",40957,""
FIX50SP2,BK,"146",40181,""
FIX50SP2,BK,"146 40181",40191,""
FIX50SP2,BK,"146 40181 40191",40199,""
FIX50SP2,BK,"146 40181",40201,""
FIX50SP2,BK,"146 40181",40951,""
FIX50SP2,BK,"146",40204,""
FIX50SP2,BK,"146 40204",40209,""
FIX50SP2,BK,"146",40278,""
FIX50SP2,BK,"146",41092,""
FIX50SP2,BK,"146",41094,""
FIX50SP2,BK,"146",41096,""
FIX50SP2,BK,"146",41116,""
FIX50SP2,BK,"146",41137,""
FIX50SP2,BK,"146",41140,""
FIX50SP2,BK,"146",41152,""
FIX50SP2,BK,"146",41230,""
FIX50SP2,BK,"146",42296,""
FIX50SP2,BK,"146",42775,""
FIX50SP2,BL,"",146,""
FIX50SP2,BL,"146",454,""
FIX50SP2,BL,"146",864,""
FIX50SP2,BL,"146",870,""
FIX50SP2,BL,"146",1018,""
FIX50SP2,BL,"146 1018",1052,""
FIX50SP2,BL,"146",1483,""
FIX50SP2,BL,"146 1483",1491,""
FIX50SP2,BL,"146 1483 1491",1494,""
FIX50SP2,BL,"146 1483",40997,""
FIX50SP2,BL,"146 1483 40997",41005,""
FIX50SP2,BL,"146 1483",41010,""
FIX50SP2,BL,"146 1483 41010",40994,""
FIX50SP2,BL,"146 1483 41010",41007,""
FIX50SP2,BL,"146 1483 41010",41031,""
FIX50SP2,BL,"146 1483",41013,""
FIX50SP2,BL,"146 1483",41018,""
FIX50SP2,BL,"146 1483",41029,""
FIX50SP2,BL,"146",1647,""
FIX50SP2,BL,"146",1976,""
FIX50SP2,BL,"146",2304,""
FIX50SP2,BL,"146",2734,""
FIX50SP2,BL,"146",2746,""
FIX50SP2,BL,"146",40019,""
FIX50SP2,BL,"146 40019",40000,""
FIX50SP2,BL,"146",40022,""
FIX50SP2,BL,"146 40022",40277,""
FIX50SP2,BL,"146 40022",42214,""
FIX50SP2,BL,"146",40040,""
FIX50SP2,BL,"146",40042,""
FIX50SP2,BL,"146",40046,""
FIX50SP2,BL,"146",40049,""
FIX50SP2,BL,"146 40049",40085,""
FIX50SP2,BL,"146 40049",40825,""
FIX50SP2,BL,"146 40049",40828,""
FIX50SP2,BL,"146 40049 40828",40868,""
FIX50SP2,BL,"146 40049 40828",40945,""
FIX50SP2,BL,"146 40049 40828",40977,""
FIX50SP2,BL,"146 40049 40828",41161,""
FIX50SP2,BL,"146 40049",40872,""
FIX50SP2,BL,"146 40049 40872",42696,""
FIX50SP2,BL,"146 40049 40872",42705,""
FIX50SP2,BL,"146 40049",40946,""
FIX50SP2,BL,"146 40049",40947,""
FIX50SP2,BL,"146 40049",40948,""
FIX50SP2,BL,"146 40049",40949,""
FIX50SP2,BL,"146 40049",40950,""
FIX50SP2,BL,"146 40049",40958,""
FIX50SP2,BL,"146 40049",40959,""
FIX50SP2,BL,"146 40049",40960,""
FIX50SP2,BL,"146 40049",40961,""
FIX50SP2,BL,"146 40049",41037,""
FIX50SP2,BL,"146 40049 41037",41051,""
FIX50SP2,BL,"146 40049 41037 41051",41054,""
FIX50SP2,BL,"146 40049",41081,""
FIX50SP2,BL,"146 40049",41085,""
FIX50SP2,BL,"146 40049",41192,""
FIX50SP2,BL,"146 40049",41220,""
FIX50SP2,BL,"146 40049",41224,""
FIX50SP2,BL,"146 40049",41227,""
FIX50SP2,BL,"146 40049",41237,""
FIX50SP2,BL,"146 40049",41241,""
FIX50SP2,BL,"146 40049",41249,""
FIX50SP2,BL,"146 40049",41277,""
FIX50SP2,BL,"146 40049",41280,""
FIX50SP2,BL,"146 40049",41289,""
FIX50SP2,BL,"146 40049 41289",41283,""
FIX50SP2,BL,"146 40049 41289 41283",41286,""
FIX50SP2,BL,"146 40049",42236,""
FIX50SP2,BL,"146 40049",42272,""
FIX50SP2,BL,"146 40049",42274,""
FIX50SP2,BL,"146 40049 42274",42294,""
FIX50SP2,BL,"146 40049",42606,""
FIX50SP2,BL,"146 40049",42620,""
FIX50SP2,BL,"146 40049",42660,""
FIX50SP2,BL,"146 40049",42683,""
FIX50SP2,BL,"146 40049",42735,""
FIX50SP2,BL,"146 40049 42735",42709,""
FIX50SP2,BL,"146 40049 42735 42709",42770,""
FIX50SP2,BL,"146 40049 42735 42709",42772,""
FIX50SP2,BL,"146 40049 42735",42731,""
FIX50SP2,BL,"146 40049 42735",42761,""
FIX50SP2,BL,"146 40049 42735",42765,""
FIX50SP2,BL,"146",40090,""
FIX50SP2,BL,"146 40090",40142,""
FIX50SP2,BL,"146 40090",40171,""
FIX50SP2,BL,"146 40090",40174,""
FIX50SP2,BL,"146 40090 40174",40178,""
FIX50SP2,BL,"146 40090",40952,""
FIX50SP2,BL,"146 40090",40953,""
FIX50SP2,BL,"146 40090",40954,""
FIX50SP2,BL,"146 40090",40955,""
FIX50SP2,BL,"146 40090",40956,""
FIX50SP2,BL,"146 40090",40957,""
FIX50SP2,BL,"146",40181,""
FIX50SP2,BL,"146 40181",40191,""
FIX50SP2,BL,"146 40181 40191",40199,""
FIX50SP2,BL,"146 40181",40201,""
FIX50SP2,BL,"146 40181",40951,""
FIX50SP2,BL,"146",40204,""
FIX50SP2,BL,"146 40204",40209,""
FIX50SP2,BL,"146",40278,""
FIX50SP2,BL,"146",41092,""
FIX50SP2,BL,"146",41094,""
FIX50SP2,BL,"146",41096,""
FIX50SP2,BL,"146",41116,""
FIX50SP2,BL,"146",41137,""
FIX50SP2,BL,"146",41140,""
FIX50SP2,BL,"146",41152,""
FIX50SP2,BL,"146",41230,""
FIX50SP2,BL,"146",42296,""
FIX50SP2,BL,"146",42775,""
FIX50SP2,BL,"",453,""
FIX50SP2,BL,"453",802,""
FIX50SP2,BL,"",702,""
FIX50SP2,BL,"702",539,""
FIX50SP2,BL,"702 539",804,""
FIX50SP2,BM,"",73,""
FIX50SP2,BM,"73",756,""
FIX50SP2,BM,"73 756",806,""
FIX50SP2,BM,"",78,""
FIX50SP2,BM,"78",85,""
FIX50SP2,BM,"78 85",781,""
FIX50SP2,BM,"78 85 781",801,""
FIX50SP2,BM,"78",136,""
FIX50SP2,BM,"78 136",2633,""
FIX50SP2,BM,"78",539,""
FIX50SP2,BM,"78 539",804,""
FIX50SP2,BM,"78",576,""
FIX50SP2,BM,"78",1844,""
FIX50SP2,BM,"78",1908,""
FIX50SP2,BM,"78",2653,""
FIX50SP2,BM,"",124,""
FIX50SP2,BM,"124",1838,""
FIX50SP2,BM,"124",2668,""
FIX50SP2,BM,"",232,""
FIX50SP2,BM,"",453,""
FIX50SP2,BM,"453",802,""
FIX50SP2,BM,"",454,""
FIX50SP2,BM,"",555,""
FIX50SP2,BM,"555",604,""
FIX50SP2,BM,"555",2059,""
FIX50SP2,BM,"555",2076,""
FIX50SP2,BM,"555",2218,""
FIX50SP2,BM,"555 2218",2250,""
FIX50SP2,BM,"555 2218 2250",2253,""
FIX50SP2,BM,"555 2218",41366,""
FIX50SP2,BM,"555 2218 41366",41374,""
FIX50SP2,BM,"555 2218",41379,""
FIX50SP2,BM,"555 2218 41379",41363,""
FIX50SP2,BM,"555 2218 41379",41376,""
FIX50SP2,BM,"555 2218 41379",41400,""
FIX50SP2,BM,"555 2218",41382,""
FIX50SP2,BM,"555 2218",41387,""
FIX50SP2,BM,"555 2218",41398,""
FIX50SP2,BM,"555",2254,""
FIX50SP2,BM,"555 2254",2258,""
FIX50SP2,BM,"555",2308,""
FIX50SP2,BM,"555",40241,""
FIX50SP2,BM,"555 40241",40367,""
FIX50SP2,BM,"555 40241",40374,""
FIX50SP2,BM,"555 40241 40374",40414,""
FIX50SP2,BM,"555 40241 40374",40927,""
FIX50SP2,BM,"555 40241 40374",40928,""
FIX50SP2,BM,"555 40241 40374",41530,""
FIX50SP2,BM,"555 40241",40418,""
FIX50SP2,BM,"555 40241 40418",42495,""
FIX50SP2,BM,"555 40241 40418",42504,""
FIX50SP2,BM,"555 40241",40902,""
FIX50SP2,BM,"555 40241",40929,""
FIX50SP2,BM,"555 40241",40930,""
FIX50SP2,BM,"555 40241",40931,""
FIX50SP2,BM,"555 40241",40932,""
FIX50SP2,BM,"555 40241",40933,""
FIX50SP2,BM,"555 40241",40940,""
FIX50SP2,BM,"555 40241",40941,""
FIX50SP2,BM,"555 40241",40942,""
FIX50SP2,BM,"555 40241",40943,""
FIX50SP2,BM,"555 40241",41408,""
FIX50SP2,BM,"555 40241 41408",41422,""
FIX50SP2,BM,"555 40241 41408 41422",41425,""
FIX50SP2,BM,"555 40241",41452,""
FIX50SP2,BM,"555 40241",41456,""
FIX50SP2,BM,"555 40241",41460,""
FIX50SP2,BM,"555 40241",41561,""
FIX50SP2,BM,"555 40241",41589,""
FIX50SP2,BM,"555 40241",41593,""
FIX50SP2,BM,"555 40241",41596,""
FIX50SP2,BM,"555 40241",41638,""
FIX50SP2,BM,"555 40241",41646,""
FIX50SP2,BM,"555 40241",41674,""
FIX50SP2,BM,"555 40241",41677,""
FIX50SP2,BM,"555 40241",41686,""
FIX50SP2,BM,"555 40241 41686",41680,""
FIX50SP2,BM,"555 40241 41686 41680",41683,""
FIX50SP2,BM,"555 40241",42310,""
FIX50SP2,BM,"555 40241",42364,""
FIX50SP2,BM,"555 40241",42366,""
FIX50SP2,BM,"555 40241 42366",42386,""
FIX50SP2,BM,"555 40241",42405,""
FIX50SP2,BM,"555 40241",42419,""
FIX50SP2,BM,"555 40241",42459,""
FIX50SP2,BM,"555 40241",42485,""
FIX50SP2,BM,"555 40241",42534,""
FIX50SP2,BM,"555 40241 42534",42508,""
FIX50SP2,BM,"555 40241 42534 42508",42569,""
FIX50SP2,BM,"555 40241 42534 42508",42571,""
FIX50SP2,BM,"555 40241 42534",42530,""
FIX50SP2,BM,"555 40241 42534",42560,""
FIX50SP2,BM,"555 40241 42534",42564,""
FIX50SP2,BM,"555",40448,""
FIX50SP2,BM,"555 40448",40473,""
FIX50SP2,BM,"555 40448",40495,""
FIX50SP2,BM,"555 40448",40533,""
FIX50SP2,BM,"555 40448 40533",40537,""
FIX50SP2,BM,"555 40448",40934,""
FIX50SP2,BM,"555 40448",40935,""
FIX50SP2,BM,"555 40448",40936,""
FIX50SP2,BM,"555 40448",40937,""
FIX50SP2,BM,"555 40448",40938,""
FIX50SP2,BM,"555 40448",40939,""
FIX50SP2,BM,"555",40923,""
FIX50SP2,BM,"555",41335,""
FIX50SP2,BM,"555 41335",41316,""
FIX50SP2,BM,"555",41344,""
FIX50SP2,BM,"555 41344",41342,""
FIX50SP2,BM,"555 41344",42306,""
FIX50SP2,BM,"555",41467,""
FIX50SP2,BM,"555",41469,""
FIX50SP2,BM,"555",41471,""
FIX50SP2,BM,"555",41491,""
FIX50SP2,BM,"555",41512,""
FIX50SP2,BM,"555",41515,""
FIX50SP2,BM,"555",41527,""
FIX50SP2,BM,"555",41599,""
FIX50SP2,BM,"555 41599",41604,""
FIX50SP2,BM,"555",41607,""
FIX50SP2,BM,"555",41616,""
FIX50SP2,BM,"555 41616",41614,""
FIX50SP2,BM,"555 41616",41625,""
FIX50SP2,BM,"555 41616 41625",41633,""
FIX50SP2,BM,"555 41616",41635,""
FIX50SP2,BM,"555",42198,""
FIX50SP2,BM,"555",42200,""
FIX50SP2,BM,"555",42203,""
FIX50SP2,BM,"555",42388,""
FIX50SP2,BM,"555",42581,""
FIX50SP2,BM,"",711,""
FIX50SP2,BM,"711",457,""
FIX50SP2,BM,"711",887,""
FIX50SP2,BM,"711",1058,""
FIX50SP2,BM,"711 1058",1062,""
FIX50SP2,BM,"711",1981,""
FIX50SP2,BM,"711",2045,""
FIX50SP2,BM,"711 2045",2053,""
FIX50SP2,BM,"711 2045 2053",2056,""
FIX50SP2,BM,"711 2045",41716,""
FIX50SP2,BM,"711 2045 41716",41724,""
FIX50SP2,BM,"711 2045",41729,""
FIX50SP2,BM,"711 2045 41729",41713,""
FIX50SP2,BM,"711 2045 41729",41726,""
FIX50SP2,BM,"711 2045 41729",41750,""
FIX50SP2,BM,"711 2045",41732,""
FIX50SP2,BM,"711 2045",41737,""
FIX50SP2,BM,"711 2045",41748,""
FIX50SP2,BM,"711",2080,""
FIX50SP2,BM,"711",2312,""
FIX50SP2,BM,"711",40540,""
FIX50SP2,BM,"711 40540",40656,""
FIX50SP2,BM,"711 40540",40659,""
FIX50SP2,BM,"711 40540",40664,""
FIX50SP2,BM,"711 40540 40664",40704,""
FIX50SP2,BM,"711 40540 40664",40966,""
FIX50SP2,BM,"711 40540 40664",40967,""
FIX50SP2,BM,"711 40540 40664",41878,""
FIX50SP2,BM,"711 40540",40708,""
FIX50SP2,BM,"711 40540 40708",42991,""
FIX50SP2,BM,"711 40540 40708",43000,""
FIX50SP2,BM,"711 40540",40968,""
FIX50SP2,BM,"711 40540",40969,""
FIX50SP2,BM,"711 40540",40970,""
FIX50SP2,BM,"711 40540",40971,""
FIX50SP2,BM,"711 40540",40972,""
FIX50SP2,BM,"711 40540",40973,""
FIX50SP2,BM,"711 40540",40974,""
FIX50SP2,BM,"711 40540",40975,""
FIX50SP2,BM,"711 40540",40976,""
FIX50SP2,BM,"711 40540",41756,""
FIX50SP2,BM,"711 40540 41756",41770,""
FIX50SP2,BM,"711 40540 41756 41770",41773,""
FIX50SP2,BM,"711 40540",41800,""
FIX50SP2,BM,"711 40540",41804,""
FIX50SP2,BM,"711 40540",41808,""
FIX50SP2,BM,"711 40540",41909,""
FIX50SP2,BM,"711 40540",41937,""
FIX50SP2,BM,"711 40540",41941,""
FIX50SP2,BM,"711 40540",41944,""
FIX50SP2,BM,"711 40540",41954,""
FIX50SP2,BM,"711 40540",41962,""
FIX50SP2,BM,"711 40540",41990,""
FIX50SP2,BM,"711 40540",41993,""
FIX50SP2,BM,"711 40540",42002,""
FIX50SP2,BM,"711 40540 42002",41996,""
FIX50SP2,BM,"711 40540 42002 41996",41999,""
FIX50SP2,BM,"711 40540",42799,""
FIX50SP2,BM,"711 40540",42853,""
FIX50SP2,BM,"711 40540",42862,""
FIX50SP2,BM,"711 40540 42862",42882,""
FIX50SP2,BM,"711 40540",42901,""
FIX50SP2,BM,"711 40540",42915,""
FIX50SP2,BM,"711 40540",42955,""
FIX50SP2,BM,"711 40540",42981,""
FIX50SP2,BM,"711 40540",43034,""
FIX50SP2,BM,"711 40540 43034",43008,""
FIX50SP2,BM,"711 40540 43034 43008",43069,""
FIX50SP2,BM,"711 40540 43034 43008",43071,""
FIX50SP2,BM,"711 40540 43034",43030,""
FIX50SP2,BM,"711 40540 43034",43060,""
FIX50SP2,BM,"711 40540 43034",43064,""
FIX50SP2,BM,"711",40962,""
FIX50SP2,BM,"711",41820,""
FIX50SP2,BM,"711",41841,""
FIX50SP2,BM,"711",41844,""
FIX50SP2,BM,"711",41856,""
FIX50SP2,BM,"711",41864,""
FIX50SP2,BM,"711",41866,""
FIX50SP2,BM,"711",41868,""
FIX50SP2,BM,"711",41947,""
FIX50SP2,BM,"711",42036,""
FIX50SP2,BM,"711 42036",41340,""
FIX50SP2,BM,"711",42041,""
FIX50SP2,BM,"711 42041",42039,""
FIX50SP2,BM,"711 42041",42788,""
FIX50SP2,BM,"711",42060,""
FIX50SP2,BM,"711 42060",42065,""
FIX50SP2,BM,"711",42068,""
FIX50SP2,BM,"711 42068",42077,""
FIX50SP2,BM,"711 42068 42077",42085,""
FIX50SP2,BM,"711 42068",42087,""
FIX50SP2,BM,"711 42068",42090,""
FIX50SP2,BM,"711",42149,""
FIX50SP2,BM,"711 42149",42099,""
FIX50SP2,BM,"711 42149",42112,""
FIX50SP2,BM,"711 42149",42173,""
FIX50SP2,BM,"711 42149 42173",42177,""
FIX50SP2,BM,"711 42149",42180,""
FIX50SP2,BM,"711 42149",42182,""
FIX50SP2,BM,"711 42149",42184,""
FIX50SP2,BM,"711 42149",42186,""
FIX50SP2,BM,"711 42149",42188,""
FIX50SP2,BM,"711 42149",42190,""
FIX50SP2,BM,"711",42855,""
FIX50SP2,BM,"711",42884,""
FIX50SP2,BM,"711",43005,""
FIX50SP2,BM,"711",43074,""
FIX50SP2,BM,"",753,""
FIX50SP2,BM,"",864,""
FIX50SP2,BM,"",870,""
FIX50SP2,BM,"",1018,""
FIX50SP2,BM,"1018",1052,""
FIX50SP2,BM,"",1483,""
FIX50SP2,BM,"1483",1491,""
FIX50SP2,BM,"1483 1491",1494,""
FIX50SP2,BM,"1483",40997,""
FIX50SP2,BM,"1483 40997",41005,""
FIX50SP2,BM,"1483",41010,""
FIX50SP2,BM,"1483 41010",40994,""
FIX50SP2,BM,"1483 41010",41007,""
FIX50SP2,BM,"1483 41010",41031,""
FIX50SP2,BM,"1483",41013,""
FIX50SP2,BM,"1483",41018,""
FIX50SP2,BM,"1483",41029,""
FIX50SP2,BM,"",1976,""
FIX50SP2,BM,"",2304,""
FIX50SP2,BM,"",2709,""
FIX50SP2,BM,"",2734,""
FIX50SP2,BM,"",2746,""
FIX50SP2,BM,"",40019,""
FIX50SP2,BM,"40019",40000,""
FIX50SP2,BM,"",40022,""
FIX50SP2,BM,"40022",40277,""
FIX50SP2,BM,"40022",42214,""
FIX50SP2,BM,"",40040,""
FIX50SP2,BM,"",40042,""
FIX50SP2,BM,"",40046,""
FIX50SP2,BM,"",40049,""
FIX50SP2,BM,"40049",40085,""
FIX50SP2,BM,"40049",40825,""
FIX50SP2,BM,"40049",40828,""
FIX50SP2,BM,"40049 40828",40868,""
FIX50SP2,BM,"40049 40828",40945,""
FIX50SP2,BM,"40049 40828",40977,""
FIX50SP2,BM,"40049 40828",41161,""
FIX50SP2,BM,"40049",40872,""
FIX50SP2,BM,"40049 40872",42696,""
FIX50SP2,BM,"40049 40872",42705,""
FIX50SP2,BM,"40049",40946,""
FIX50SP2,BM,"40049",40947,""
FIX50SP2,BM,"40049",40948,""
FIX50SP2,BM,"40049",40949,""
FIX50SP2,BM,"40049",40950,""
FIX50SP2,BM,"40049",40958,""
FIX50SP2,BM,"40049",40959,""
FIX50SP2,BM,"40049",40960,""
FIX50SP2,BM,"40049",40961,""
FIX50SP2,BM,"40049",41037,""
FIX50SP2,BM,"40049 41037",41051,""
FIX50SP2,BM,"40049 41037 41051",41054,""
FIX50SP2,BM,"40049",41081,""
FIX50SP2,BM,"40049",41085,""
FIX50SP2,BM,"40049",41192,""
FIX50SP2,BM,"40049",41220,""
FIX50SP2,BM,"40049",41224,""
FIX50SP2,BM,"40049",41227,""
FIX50SP2,BM,"40049",41237,""
FIX50SP2,BM,"40049",41241,""
FIX50SP2,BM,"40049",41249,""
FIX50SP2,BM,"40049",41277,""
FIX50SP2,BM,"40049",41280,""
FIX50SP2,BM,"40049",41289,""
FIX50SP2,BM,"40049 41289",41283,""
FIX50SP2,BM,"40049 41289 41283",41286,""
FIX50SP2,BM,"40049",42236,""
FIX50SP2,BM,"40049",42272,""
FIX50SP2,BM,"40049",42274,""
FIX50SP2,BM,"40049 42274",42294,""
FIX50SP2,BM,"40049",42606,""
FIX50SP2,BM,"40049",42620,""
FIX50SP2,BM,"40049",42660,""
FIX50SP2,BM,"40049",42683,""
FIX50SP2,BM,"40049",42735,""
FIX50SP2,BM,"40049 42735",42709,""
FIX50SP2,BM,"40049 42735 42709",42770,""
FIX50SP2,BM,"40049 42735 42709",42772,""
FIX50SP2,BM,"40049 42735",42731,""
FIX50SP2,BM,"40049 42735",42761,""
FIX50SP2,BM,"40049 42735",42765,""
FIX50SP2,BM,"",40090,""
FIX50SP2,BM,"40090",40142,""
FIX50SP2,BM,"40090",40171,""
FIX50SP2,BM,"40090",40174,""
FIX50SP2,BM,"40090 40174",40178,""
FIX50SP2,BM,"40090",40952,""
FIX50SP2,BM,"40090",40953,""
FIX50SP2,BM,"40090",40954,""
FIX50SP2,BM,"40090",40955,""
FIX50SP2,BM,"40090",40956,""
FIX50SP2,BM,"40090",40957,""
FIX50SP2,BM,"",40181,""
FIX50SP2,BM,"40181",40191,""
FIX50SP2,BM,"40181 40191",40199,""
FIX50SP2,BM,"40181",40201,""
FIX50SP2,BM,"40181",40951,""
FIX50SP2,BM,"",40204,""
FIX50SP2,BM,"40204",40209,""
FIX50SP2,BM,"",40278,""
FIX50SP2,BM,"",41092,""
FIX50SP2,BM,"",41094,""
FIX50SP2,BM,"",41096,""
FIX50SP2,BM,"",41116,""
FIX50SP2,BM,"",41137,""
FIX50SP2,BM,"",41140,""
FIX50SP2,BM,"",41152,""
FIX50SP2,BM,"",41230,""
FIX50SP2,BM,"",42296,""
FIX50SP2,BM,"",42775,""
FIX50SP2,BN,"",454,""
FIX50SP2,BN,"",555,""
FIX50SP2,BN,"555",604,""
FIX50SP2,BN,"555",2059,""
FIX50SP2,BN,"555",2076,""
FIX50SP2,BN,"555",2218,""
FIX50SP2,BN,"555 2218",2250,""
FIX50SP2,BN,"555 2218 2250",2253,""
FIX50SP2,BN,"555 2218",41366,""
FIX50SP2,BN,"555 2218 41366",41374,""
FIX50SP2,BN,"555 2218",41379,""
FIX50SP2,BN,"555 2218 41379",41363,""
FIX50SP2,BN,"555 2218 41379",41376,""
FIX50SP2,BN,"555 2218 41379",41400,""
FIX50SP2,BN,"555 2218",41382,""
FIX50SP2,BN,"555 2218",41387,""
FIX50SP2,BN,"555 2218",41398,""
FIX50SP2,BN,"555",2254,""
FIX50SP2,BN,"555 2254",2258,""
FIX50SP2,BN,"555",2308,""
FIX50SP2,BN,"555",40241,""
FIX50SP2,BN,"555 40241",40367,""
FIX50SP2,BN,"555 40241",40374,""
FIX50SP2,BN,"555 40241 40374",40414,""
FIX50SP2,BN,"555 40241 40374",40927,""
FIX50SP2,BN,"555 40241 40374",40928,""
FIX50SP2,BN,"555 40241 40374",41530,""
FIX50SP2,BN,"555 40241",40418,""
FIX50SP2,BN,"555 40241 40418",42495,""
FIX50SP2,BN,"555 40241 40418",42504,""
FIX50SP2,BN,"555 40241",40902,""
FIX50SP2,BN,"555 40241",40929,""
FIX50SP2,BN,"555 40241",40930,""
FIX50SP2,BN,"555 40241",40931,""
FIX50SP2,BN,"555 40241",40932,""
FIX50SP2,BN,"555 40241",40933,""
FIX50SP2,BN,"555 40241",40940,""
FIX50SP2,BN,"555 40241",40941,""
FIX50SP2,BN,"555 40241",40942,""
FIX50SP2,BN,"555 40241",40943,""
FIX50SP2,BN,"555 40241",41408,""
FIX50SP2,BN,"555 40241 41408",41422,""
FIX50SP2,BN,"555 40241 41408 41422",41425,""
FIX50SP2,BN,"555 40241",41452,""
FIX50SP2,BN,"555 40241",41456,""
FIX50SP2,BN,"555 40241",41460,""
FIX50SP2,BN,"555 40241",41561,""
FIX50SP2,BN,"555 40241",41589,""
FIX50SP2,BN,"555 40241",41593,""
FIX50SP2,BN,"555 40241",41596,""
FIX50SP2,BN,"555 40241",41638,""
FIX50SP2,BN,"555 40241",41646,""
FIX50SP2,BN,"555 40241",41674,""
FIX50SP2,BN,"555 40241",41677,""
FIX50SP2,BN,"555 40241",41686,""
FIX50SP2,BN,"555 40241 41686",41680,""
FIX50SP2,BN,"555 40241 41686 41680",41683,""
FIX50SP2,BN,"555 40241",42310,""
FIX50SP2,BN,"555 40241",42364,""
FIX50SP2,BN,"555 40241",42366,""
FIX50SP2,BN,"555 40241 42366",42386,""
FIX50SP2,BN,"555 40241",42405,""
FIX50SP2,BN,"555 40241",42419,""
FIX50SP2,BN,"555 40241",42459,""
FIX50SP2,BN,"555 40241",42485,""
FIX50SP2,BN,"555 40241",42534,""
FIX50SP2,BN,"555 40241 42534",42508,""
FIX50SP2,BN,"555 40241 42534 42508",42569,""
FIX50SP2,BN,"555 40241 42534 42508",42571,""
FIX50SP2,BN,"555 40241 42534",42530,""
FIX50SP2,BN,"555 40241 42534",42560,""
FIX50SP2,BN,"555 40241 42534",42564,""
FIX50SP2,BN,"555",40448,""
FIX50SP2,BN,"555 40448",40473,""
FIX50SP2,BN,"555 40448",40495,""
FIX50SP2,BN,"555 40448",40533,""
FIX50SP2,BN,"555 40448 40533",40537,""
FIX50SP2,BN,"555 40448",40934,""
FIX50SP2,BN,"555 40448",40935,""
FIX50SP2,BN,"555 40448",40936,""
FIX50SP2,BN,"555 40448",40937,""
FIX50SP2,BN,"555 40448",40938,""
FIX50SP2,BN,"555 40448",40939,""
FIX50SP2,BN,"555",40923,""
FIX50SP2,BN,"555",41335,""
FIX50SP2,BN,"555 41335",41316,""
FIX50SP2,BN,"555",41344,""
FIX50SP2,BN,"555 41344",41342,""
FIX50SP2,BN,"555 41344",42306,""
FIX50SP2,BN,"555",41467,""
FIX50SP2,BN,"555",41469,""
FIX50SP2,BN,"555",41471,""
FIX50SP2,BN,"555",41491,""
FIX50SP2,BN,"555",41512,""
FIX50SP2,BN,"555",41515,""
FIX50SP2,BN,"555",41527,""
FIX50SP2,BN,"555",41599,""
FIX50SP2,BN,"555 41599",41604,""
FIX50SP2,BN,"555",41607,""
FIX50SP2,BN,"555",41616,""
FIX50SP2,BN,"555 41616",41614,""
FIX50SP2,BN,"555 41616",41625,""
FIX50SP2,BN,"555 41616 41625",41633,""
FIX50SP2,BN,"555 41616",41635,""
FIX50SP2,BN,"555",42198,""
FIX50SP2,BN,"555",42200,""
FIX50SP2,BN,"555",42203,""
FIX50SP2,BN,"555",42388,""
FIX50SP2,BN,"555",42581,""
FIX50SP2,BN,"",711,""
FIX50SP2,BN,"711",457,""
FIX50SP2,BN,"711",887,""
FIX50SP2,BN,"711",1058,""
FIX50SP2,BN,"711 1058",1062,""
FIX50SP2,BN,"711",1981,""
FIX50SP2,BN,"711",2045,""
FIX50SP2,BN,"711 2045",2053,""
FIX50SP2,BN,"711 2045 2053",2056,""
FIX50SP2,BN,"711 2045",41716,""
FIX50SP2,BN,"711 2045 41716",41724,""
FIX50SP2,BN,"711 2045",41729,""
FIX50SP2,BN,"711 2045 41729",41713,""
FIX50SP2,BN,"711 2045 41729",41726,""
FIX50SP2,BN,"711 2045 41729",41750,""
FIX50SP2,BN,"711 2045",41732,""
FIX50SP2,BN,"711 2045",41737,""
FIX50SP2,BN,"711 2045",41748,""
FIX50SP2,BN,"711",2080,""
FIX50SP2,BN,"711",2312,""
FIX50SP2,BN,"711",40540,""
FIX50SP2,BN,"711 40540",40656,""
FIX50SP2,BN,"711 40540",40659,""
FIX50SP2,BN,"711 40540",40664,""
FIX50SP2,BN,"711 40540 40664",40704,""
FIX50SP2,BN,"711 40540 40664",40966,""
FIX50SP2,BN,"711 40540 40664",40967,""
FIX50SP2,BN,"711 40540 40664",41878,""
FIX50SP2,BN,"711 40540",40708,""
FIX50SP2,BN,"711 40540 40708",42991,""
FIX50SP2,BN,"711 40540 40708",43000,""
FIX50SP2,BN,"711 40540",40968,""
FIX50SP2,BN,"711 40540",40969,""
FIX50SP2,BN,"711 40540",40970,""
FIX50SP2,BN,"711 40540",40971,""
FIX50SP2,BN,"711 40540",40972,""
FIX50SP2,BN,"711 40540",40973,""
FIX50SP2,BN,"711 40540",40974,""
FIX50SP2,BN,"711 40540",40975,""
FIX50SP2,BN,"711 40540",40976,""
FIX50SP2,BN,"711 40540",41756,""
FIX50SP2,BN,"711 40540 41756",41770,""
FIX50SP2,BN,"711 40540 41756 41770",41773,""
FIX50SP2,BN,"711 40540",41800,""
FIX50SP2,BN,"711 40540",41804,""
FIX50SP2,BN,"711 40540",41808,""
FIX50SP2,BN,"711 40540",41909,""
FIX50SP2,BN,"711 40540",41937,""
FIX50SP2,BN,"711 40540",41941,""
FIX50SP2,BN,"711 40540",41944,""
FIX50SP2,BN,"711 40540",41954,""
FIX50SP2,BN,"711 40540",41962,""
FIX50SP2,BN,"711 40540",41990,""
FIX50SP2,BN,"711 40540",41993,""
FIX50SP2,BN,"711 40540",42002,""
FIX50SP2,BN,"711 40540 42002",41996,""
FIX50SP2,BN,"711 40540 42002 41996",41999,""
FIX50SP2,BN,"711 40540",42799,""
FIX50SP2,BN,"711 40540",42853,""
FIX50SP2,BN,"711 40540",42862,""
FIX50SP2,BN,"711 40540 42862",42882,""
FIX50SP2,BN,"711 40540",42901,""
FIX50SP2,BN,"711 40540",42915,""
FIX50SP2,BN,"711 40540",42955,""
FIX50SP2,BN,"711 40540",42981,""
FIX50SP2,BN,"711 40540",43034,""
FIX50SP2,BN,"711 40540 43034",43008,""
FIX50SP2,BN,"711 40540 43034 43008",43069,""
FIX50SP2,BN,"711 40540 43034 43008",43071,""
FIX50SP2,BN,"711 40540 43034",43030,""
FIX50SP2,BN,"711 40540 43034",43060,""
FIX50SP2,BN,"711 40540 43034",43064,""
FIX50SP2,BN,"711",40962,""
FIX50SP2,BN,"711",41820,""
FIX50SP2,BN,"711",41841,""
FIX50SP2,BN,"711",41844,""
FIX50SP2,BN,"711",41856,""
FIX50SP2,BN,"711",41864,""
FIX50SP2,BN,"711",41866,""
FIX50SP2,BN,"711",41868,""
FIX50SP2,BN,"711",41947,""
FIX50SP2,BN,"711",42036,""
FIX50SP2,BN,"711 42036",41340,""
FIX50SP2,BN,"711",42041,""
FIX50SP2,BN,"711 42041",42039,""
FIX50SP2,BN,"711 42041",42788,""
FIX50SP2,BN,"711",42060,""
FIX50SP2,BN,"711 42060",42065,""
FIX50SP2,BN,"711",42068,""
FIX50SP2,BN,"711 42068",42077,""
FIX50SP2,BN,"711 42068 42077",42085,""
FIX50SP2,BN,"711 42068",42087,""
FIX50SP2,BN,"711 42068",42090,""
FIX50SP2,BN,"711",42149,""
FIX50SP2,BN,"711 42149",42099,""
FIX50SP2,BN,"711 42149",42112,""
FIX50SP2,BN,"711 42149",42173,""
FIX50SP2,BN,"711 42149 42173",42177,""
FIX50SP2,BN,"711 42149",42180,""
FIX50SP2,BN,"711 42149",42182,""
FIX50SP2,BN,"711 42149",42184,""
FIX50SP2,BN,"711 42149",42186,""
FIX50SP2,BN,"711 42149",42188,""
FIX50SP2,BN,"711 42149",42190,""
FIX50SP2,BN,"711",42855,""
FIX50SP2,BN,"711",42884,""
FIX50SP2,BN,"711",43005,""
FIX50SP2,BN,"711",43074,""
FIX50SP2,BN,"",864,""
FIX50SP2,BN,"",1018,""
FIX50SP2,BN,"1018",1052,""
FIX50SP2,BN,"",1483,""
FIX50SP2,BN,"1483",1491,""
FIX50SP2,BN,"1483 1491",1494,""
FIX50SP2,BN,"1483",40997,""
FIX50SP2,BN,"1483 40997",41005,""
FIX50SP2,BN,"1483",41010,""
FIX50SP2,BN,"1483 41010",40994,""
FIX50SP2,BN,"1483 41010",41007,""
FIX50SP2,BN,"1483 41010",41031,""
FIX50SP2,BN,"1483",41013,""
FIX50SP2,BN,"1483",41018,""
FIX50SP2,BN,"1483",41029,""
FIX50SP2,BN,"",1907,""
FIX50SP2,BN,"",1976,""
FIX50SP2,BN,"",2304,""
FIX50SP2,BN,"",2709,""
FIX50SP2,BN,"",40019,""
FIX50SP2,BN,"40019",40000,""
FIX50SP2,BN,"",40022,""
FIX50SP2,BN,"40022",40277,""
FIX50SP2,BN,"40022",42214,""
FIX50SP2,BN,"",40049,""
FIX50SP2,BN,"40049",40085,""
FIX50SP2,BN,"40049",40825,""
FIX50SP2,BN,"40049",40828,""
FIX50SP2,BN,"40049 40828",40868,""
FIX50SP2,BN,"40049 40828",40945,""
FIX50SP2,BN,"40049 40828",40977,""
FIX50SP2,BN,"40049 40828",41161,""
FIX50SP2,BN,"40049",40872,""
FIX50SP2,BN,"40049 40872",42696,""
FIX50SP2,BN,"40049 40872",42705,""
FIX50SP2,BN,"40049",40946,""
FIX50SP2,BN,"40049",40947,""
FIX50SP2,BN,"40049",40948,""
FIX50SP2,BN,"40049",40949,""
FIX50SP2,BN,"40049",40950,""
FIX50SP2,BN,"40049",40958,""
FIX50SP2,BN,"40049",40959,""
FIX50SP2,BN,"40049",40960,""
FIX50SP2,BN,"40049",40961,""
FIX50SP2,BN,"40049",41037,""
FIX50SP2,BN,"40049 41037",41051,""
FIX50SP2,BN,"40049 41037 41051",41054,""
FIX50SP2,BN,"40049",41081,""
FIX50SP2,BN,"40049",41085,""
FIX50SP2,BN,"40049",41192,""
FIX50SP2,BN,"40049",41220,""
FIX50SP2,BN,"40049",41224,""
FIX50SP2,BN,"40049",41227,""
FIX50SP2,BN,"40049",41237,""
FIX50SP2,BN,"40049",41241,""
FIX50SP2,BN,"40049",41249,""
FIX50SP2,BN,"40049",41277,""
FIX50SP2,BN,"40049",41280,""
FIX50SP2,BN,"40049",41289,""
FIX50SP2,BN,"40049 41289",41283,""
FIX50SP2,BN,"40049 41289 41283",41286,""
FIX50SP2,BN,"40049",42236,""
FIX50SP2,BN,"40049",42272,""
FIX50SP2,BN,"40049",42274,""
FIX50SP2,BN,"40049 42274",42294,""
FIX50SP2,BN,"40049",42606,""
FIX50SP2,BN,"40049",42620,""
FIX50SP2,BN,"40049",42660,""
FIX50SP2,BN,"40049",42683,""
FIX50SP2,BN,"40049",42735,""
FIX50SP2,BN,"40049 42735",42709,""
FIX50SP2,BN,"40049 42735 42709",42770,""
FIX50SP2,BN,"40049 42735 42709",42772,""
FIX50SP2,BN,"40049 42735",42731,""
FIX50SP2,BN,"40049 42735",42761,""
FIX50SP2,BN,"40049 42735",42765,""
FIX50SP2,BN,"",40090,""
FIX50SP2,BN,"40090",40142,""
FIX50SP2,BN,"40090",40171,""
FIX50SP2,BN,"40090",40174,""
FIX50SP2,BN,"40090 40174",40178,""
FIX50SP2,BN,"40090",40952,""
FIX50SP2,BN,"40090",40953,""
FIX50SP2,BN,"40090",40954,""
FIX50SP2,BN,"40090",40955,""
FIX50SP2,BN,"40090",40956,""
FIX50SP2,BN,"40090",40957,""
FIX50SP2,BN,"",40181,""
FIX50SP2,BN,"40181",40191,""
FIX50SP2,BN,"40181 40191",40199,""
FIX50SP2,BN,"40181",40201,""
FIX50SP2,BN,"40181",40951,""
FIX50SP2,BN,"",40204,""
FIX50SP2,BN,"40204",40209,""
FIX50SP2,BN,"",40278,""
FIX50SP2,BN,"",41092,""
FIX50SP2,BN,"",41094,""
FIX50SP2,BN,"",41096,""
FIX50SP2,BN,"",41116,""
FIX50SP2,BN,"",41137,""
FIX50SP2,BN,"",41140,""
FIX50SP2,BN,"",41152,""
FIX50SP2,BN,"",41230,""
FIX50SP2,BN,"",42296,""
FIX50SP2,BN,"",42775,""
FIX50SP2,BO,"",453,""
FIX50SP2,BO,"453",802,""
FIX50SP2,BO,"",454,""
FIX50SP2,BO,"",711,""
FIX50SP2,BO,"711",457,""
FIX50SP2,BO,"711",887,""
FIX50SP2,BO,"711",1058,""
FIX50SP2,BO,"711 1058",1062,""
FIX50SP2,BO,"711",1981,""
FIX50SP2,BO,"711",2045,""
FIX50SP2,BO,"711 2045",2053,""
FIX50SP2,BO,"711 2045 2053",2056,""
FIX50SP2,BO,"711 2045",41716,""
FIX50SP2,BO,"711 2045 41716",41724,""
FIX50SP2,BO,"711 2045",41729,""
FIX50SP2,BO,"711 2045 41729",41713,""
FIX50SP2,BO,"711 2045 41729",41726,""
FIX50SP2,BO,"711 2045 41729",41750,""
FIX50SP2,BO,"711 2045",41732,""
FIX50SP2,BO,"711 2045",41737,""
FIX50SP2,BO,"711 2045",41748,""
FIX50SP2,BO,"711",2080,""
FIX50SP2,BO,"711",2312,""
FIX50SP2,BO,"711",40540,""
FIX50SP2,BO,"711 40540",40656,""
FIX50SP2,BO,"711 40540",40659,""
FIX50SP2,BO,"711 40540",40664,""
FIX50SP2,BO,"711 40540 40664",40704,""
FIX50SP2,BO,"711 40540 40664",40966,""
FIX50SP2,BO,"711 40540 40664",40967,""
FIX50SP2,BO,"711 40540 40664",41878,""
FIX50SP2,BO,"711 40540",40708,""
FIX50SP2,BO,"711 40540 40708",42991,""
FIX50SP2,BO,"711 40540 40708",43000,""
FIX50SP2,BO,"711 40540",40968,""
FIX50SP2,BO,"711 40540",40969,""
FIX50SP2,BO,"711 40540",40970,""
FIX50SP2,BO,"711 40540",40971,""
FIX50SP2,BO,"711 40540",40972,""
FIX50SP2,BO,"711 40540",40973,""
FIX50SP2,BO,"711 40540",40974,""
FIX50SP2,BO,"711 40540",40975,""
FIX50SP2,BO,"711 40540",40976,""
FIX50SP2,BO,"711 40540",41756,""
FIX50SP2,BO,"711 40540 41756",41770,""
FIX50SP2,BO,"711 40540 41756 41770",41773,""
FIX50SP2,BO,"711 40540",41800,""
FIX50SP2,BO,"711 40540",41804,""
FIX50SP2,BO,"711 40540",41808,""
FIX50SP2,BO,"711 40540",41909,""
FIX50SP2,BO,"711 40540",41937,""
FIX50SP2,BO,"711 40540",41941,""
FIX50SP2,BO,"711 40540",41944,""
FIX50SP2,BO,"711 40540",41954,""
FIX50SP2,BO,"711 40540",41962,""
FIX50SP2,BO,"711 40540",41990,""
FIX50SP2,BO,"711 40540",41993,""
FIX50SP2,BO,"711 40540",42002,""
FIX50SP2,BO,"711 40540 42002",41996,""
FIX50SP2,BO,"711 40540 42002 41996",41999,""
FIX50SP2,BO,"711 40540",42799,""
FIX50SP2,BO,"711 40540",42853,""
FIX50SP2,BO,"711 40540",42862,""
FIX50SP2,BO,"711 40540 42862",42882,""
FIX50SP2,BO,"711 40540",42901,""
FIX50SP2,BO,"711 40540",42915,""
FIX50SP2,BO,"711 40540",42955,""
FIX50SP2,BO,"711 40540",42981,""
FIX50SP2,BO,"711 40540",43034,""
FIX50SP2,BO,"711 40540 43034",43008,""
FIX50SP2,BO,"711 40540 43034 43008",43069,""
FIX50SP2,BO,"711 40540 43034 43008",43071,""
FIX50SP2,BO,"711 40540 43034",43030,""
FIX50SP2,BO,"711 40540 43034",43060,""
FIX50SP2,BO,"711 40540 43034",43064,""
FIX50SP2,BO,"711",40962,""
FIX50SP2,BO,"711",41820,""
FIX50SP2,BO,"711",41841,""
FIX50SP2,BO,"711",41844,""
FIX50SP2,BO,"711",41856,""
FIX50SP2,BO,"711",41864,""
FIX50SP2,BO,"711",41866,""
FIX50SP2,BO,"711",41868,""
FIX50SP2,BO,"711",41947,""
FIX50SP2,BO,"711",42036,""
FIX50SP2,BO,"711 42036",41340,""
FIX50SP2,BO,"711",42041,""
FIX50SP2,BO,"711 42041",42039,""
FIX50SP2,BO,"711 42041",42788,""
FIX50SP2,BO,"711",42060,""
FIX50SP2,BO,"711 42060",42065,""
FIX50SP2,BO,"711",42068,""
FIX50SP2,BO,"711 42068",42077,""
FIX50SP2,BO,"711 42068 42077",42085,""
FIX50SP2,BO,"711 42068",42087,""
FIX50SP2,BO,"711 42068",42090,""
FIX50SP2,BO,"711",42149,""
FIX50SP2,BO,"711 42149",42099,""
FIX50SP2,BO,"711 42149",42112,""
FIX50SP2,BO,"711 42149",42173,""
FIX50SP2,BO,"711 42149 42173",42177,""
FIX50SP2,BO,"711 42149",42180,""
FIX50SP2,BO,"711 42149",42182,""
FIX50SP2,BO,"711 42149",42184,""
FIX50SP2,BO,"711 42149",42186,""
FIX50SP2,BO,"711 42149",42188,""
FIX50SP2,BO,"711 42149",42190,""
FIX50SP2,BO,"711",42855,""
FIX50SP2,BO,"711",42884,""
FIX50SP2,BO,"711",43005,""
FIX50SP2,BO,"711",43074,""
FIX50SP2,BO,"",864,""
FIX50SP2,BO,"",981,""
FIX50SP2,BO,"",1018,""
FIX50SP2,BO,"1018",1052,""
FIX50SP2,BO,"",1483,""
FIX50SP2,BO,"1483",1491,""
FIX50SP2,BO,"1483 1491",1494,""
FIX50SP2,BO,"1483",40997,""
FIX50SP2,BO,"1483 40997",41005,""
FIX50SP2,BO,"1483",41010,""
FIX50SP2,BO,"1483 41010",40994,""
FIX50SP2,BO,"1483 41010",41007,""
FIX50SP2,BO,"1483 41010",41031,""
FIX50SP2,BO,"1483",41013,""
FIX50SP2,BO,"1483",41018,""
FIX50SP2,BO,"1483",41029,""
FIX50SP2,BO,"",1976,""
FIX50SP2,BO,"",2304,""
FIX50SP2,BO,"",40019,""
FIX50SP2,BO,"40019",40000,""
FIX50SP2,BO,"",40022,""
FIX50SP2,BO,"40022",40277,""
FIX50SP2,BO,"40022",42214,""
FIX50SP2,BO,"",40049,""
FIX50SP2,BO,"40049",40085,""
FIX50SP2,BO,"40049",40825,""
FIX50SP2,BO,"40049",40828,""
FIX50SP2,BO,"40049 40828",40868,""
FIX50SP2,BO,"40049 40828",40945,""
FIX50SP2,BO,"40049 40828",40977,""
FIX50SP2,BO,"40049 40828",41161,""
FIX50SP2,BO,"40049",40872,""
FIX50SP2,BO,"40049 40872",42696,""
FIX50SP2,BO,"40049 40872",42705,""
FIX50SP2,BO,"40049",40946,""
FIX50SP2,BO,"40049",40947,""
FIX50SP2,BO,"40049",40948,""
FIX50SP2,BO,"40049",40949,""
FIX50SP2,BO,"40049",40950,""
FIX50SP2,BO,"40049",40958,""
FIX50SP2,BO,"40049",40959,""
FIX50SP2,BO,"40049",40960,""
FIX50SP2,BO,"40049",40961,""
FIX50SP2,BO,"40049",41037,""
FIX50SP2,BO,"40049 41037",41051,""
FIX50SP2,BO,"40049 41037 41051",41054,""
FIX50SP2,BO,"40049",41081,""
FIX50SP2,BO,"40049",41085,""
FIX50SP2,BO,"40049",41192,""
FIX50SP2,BO,"40049",41220,""
FIX50SP2,BO,"40049",41224,""
FIX50SP2,BO,"40049",41227,""
FIX50SP2,BO,"40049",41237,""
FIX50SP2,BO,"40049",41241,""
FIX50SP2,BO,"40049",41249,""
FIX50SP2,BO,"40049",41277,""
FIX50SP2,BO,"40049",41280,""
FIX50SP2,BO,"40049",41289,""
FIX50SP2,BO,"40049 41289",41283,""
FIX50SP2,BO,"40049 41289 41283",41286,""
FIX50SP2,BO,"40049",42236,""
FIX50SP2,BO,"40049",42272,""
FIX50SP2,BO,"40049",42274,""
FIX50SP2,BO,"40049 42274",42294,""
FIX50SP2,BO,"40049",42606,""
FIX50SP2,BO,"40049",42620,""
FIX50SP2,BO,"40049",42660,""
FIX50SP2,BO,"40049",42683,""
FIX50SP2,BO,"40049",42735,""
FIX50SP2,BO,"40049 42735",42709,""
FIX50SP2,BO,"40049 42735 42709",42770,""
FIX50SP2,BO,"40049 42735 42709",42772,""
FIX50SP2,BO,"40049 42735",42731,""
FIX50SP2,BO,"40049 42735",42761,""
FIX50SP2,BO,"40049 42735",42765,""
FIX50SP2,BO,"",40090,""
FIX50SP2,BO,"40090",40142,""
FIX50SP2,BO,"40090",40171,""
FIX50SP2,BO,"40090",40174,""
FIX50SP2,BO,"40090 40174",40178,""
FIX50SP2,BO,"40090",40952,""
FIX50SP2,BO,"40090",40953,""
FIX50SP2,BO,"40090",40954,""
FIX50SP2,BO,"40090",40955,""
FIX50SP2,BO,"40090",40956,""
FIX50SP2,BO,"40090",40957,""
FIX50SP2,BO,"",40181,""
FIX50SP2,BO,"40181",40191,""
FIX50SP2,BO,"40181 40191",40199,""
FIX50SP2,BO,"40181",40201,""
FIX50SP2,BO,"40181",40951,""
FIX50SP2,BO,"",40204,""
FIX50SP2,BO,"40204",40209,""
FIX50SP2,BO,"",40278,""
FIX50SP2,BO,"",41092,""
FIX50SP2,BO,"",41094,""
FIX50SP2,BO,"",41096,""
FIX50SP2,BO,"",41116,""
FIX50SP2,BO,"",41137,""
FIX50SP2,BO,"",41140,""
FIX50SP2,BO,"",41152,""
FIX50SP2,BO,"",41230,""
FIX50SP2,BO,"",42296,""
FIX50SP2,BO,"",42775,""
FIX50SP2,BP,"",232,""
FIX50SP2,BP,"",454,""
FIX50SP2,BP,"",555,""
FIX50SP2,BP,"555",604,""
FIX50SP2,BP,"555",2059,""
FIX50SP2,BP,"555",2076,""
FIX50SP2,BP,"555",2218,""
FIX50SP2,BP,"555 2218",2250,""
FIX50SP2,BP,"555 2218 2250",2253,""
FIX50SP2,BP,"555 2218",41366,""
FIX50SP2,BP,"555 2218 41366",41374,""
FIX50SP2,BP,"555 2218",41379,""
FIX50SP2,BP,"555 2218 41379",41363,""
FIX50SP2,BP,"555 2218 41379",41376,""
FIX50SP2,BP,"555 2218 41379",41400,""
FIX50SP2,BP,"555 2218",41382,""
FIX50SP2,BP,"555 2218",41387,""
FIX50SP2,BP,"555 2218",41398,""
FIX50SP2,BP,"555",2254,""
FIX50SP2,BP,"555 2254",2258,""
FIX50SP2,BP,"555",2308,""
FIX50SP2,BP,"555",40241,""
FIX50SP2,BP,"555 40241",40367,""
FIX50SP2,BP,"555 40241",40374,""
FIX50SP2,BP,"555 40241 40374",40414,""
FIX50SP2,BP,"555 40241 40374",40927,""
FIX50SP2,BP,"555 40241 40374",40928,""
FIX50SP2,BP,"555 40241 40374",41530,""
FIX50SP2,BP,"555 40241",40418,""
FIX50SP2,BP,"555 40241 40418",42495,""
FIX50SP2,BP,"555 40241 40418",42504,""
FIX50SP2,BP,"555 40241",40902,""
FIX50SP2,BP,"555 40241",40929,""
FIX50SP2,BP,"555 40241",40930,""
FIX50SP2,BP,"555 40241",40931,""
FIX50SP2,BP,"555 40241",40932,""
FIX50SP2,BP,"555 40241",40933,""
FIX50SP2,BP,"555 40241",40940,""
FIX50SP2,BP,"555 40241",40941,""
FIX50SP2,BP,"555 40241",40942,""
FIX50SP2,BP,"555 40241",40943,""
FIX50SP2,BP,"555 40241",41408,""
FIX50SP2,BP,"555 40241 41408",41422,""
FIX50SP2,BP,"555 40241 41408 41422",41425,""
FIX50SP2,BP,"555 40241",41452,""
FIX50SP2,BP,"555 40241",41456,""
FIX50SP2,BP,"555 40241",41460,""
FIX50SP2,BP,"555 40241",41561,""
FIX50SP2,BP,"555 40241",41589,""
FIX50SP2,BP,"555 40241",41593,""
FIX50SP2,BP,"555 40241",41596,""
FIX50SP2,BP,"555 40241",41638,""
FIX50SP2,BP,"555 40241",41646,""
FIX50SP2,BP,"555 40241",41674,""
FIX50SP2,BP,"555 40241",41677,""
FIX50SP2,BP,"555 40241",41686,""
FIX50SP2,BP,"555 40241 41686",41680,""
FIX50SP2,BP,"555 40241 41686 41680",41683,""
FIX50SP2,BP,"555 40241",42310,""
FIX50SP2,BP,"555 40241",42364,""
FIX50SP2,BP,"555 40241",42366,""
FIX50SP2,BP,"555 40241 42366",42386,""
FIX50SP2,BP,"555 40241",42405,""
FIX50SP2,BP,"555 40241",42419,""
FIX50SP2,BP,"555 40241",42459,""
FIX50SP2,BP,"555 40241",42485,""
FIX50SP2,BP,"555 40241",42534,""
FIX50SP2,BP,"555 40241 42534",42508,""
FIX50SP2,BP,"555 40241 42534 42508",42569,""
FIX50SP2,BP,"555 40241 42534 42508",42571,""
FIX50SP2,BP,"555 40241 42534",42530,""
FIX50SP2,BP,"555 40241 42534",42560,""
FIX50SP2,BP,"555 40241 42534",42564,""
FIX50SP2,BP,"555",40448,""
FIX50SP2,BP,"555 40448",40473,""
FIX50SP2,BP,"555 40448",40495,""
FIX50SP2,BP,"555 40448",40533,""
FIX50SP2,BP,"555 40448 40533",40537,""
FIX50SP2,BP,"555 40448",40934,""
FIX50SP2,BP,"555 40448",40935,""
FIX50SP2,BP,"555 40448",40936,""
FIX50SP2,BP,"555 40448",40937,""
FIX50SP2,BP,"555 40448",40938,""
FIX50SP2,BP,"555 40448",40939,""
FIX50SP2,BP,"555",40923,""
FIX50SP2,BP,"555",41335,""
FIX50SP2,BP,"555 41335",41316,""
FIX50SP2,BP,"555",41344,""
FIX50SP2,BP,"555 41344",41342,""
FIX50SP2,BP,"555 41344",42306,""
FIX50SP2,BP,"555",41467,""
FIX50SP2,BP,"555",41469,""
FIX50SP2,BP,"555",41471,""
FIX50SP2,BP,"555",41491,""
FIX50SP2,BP,"555",41512,""
FIX50SP2,BP,"555",41515,""
FIX50SP2,BP,"555",41527,""
FIX50SP2,BP,"555",41599,""
FIX50SP2,BP,"555 41599",41604,""
FIX50SP2,BP,"555",41607,""
FIX50SP2,BP,"555",41616,""
FIX50SP2,BP,"555 41616",41614,""
FIX50SP2,BP,"555 41616",41625,""
FIX50SP2,BP,"555 41616 41625",41633,""
FIX50SP2,BP,"555 41616",41635,""
FIX50SP2,BP,"555",42198,""
FIX50SP2,BP,"555",42200,""
FIX50SP2,BP,"555",42203,""
FIX50SP2,BP,"555",42388,""
FIX50SP2,BP,"555",42581,""
FIX50SP2,BP,"",711,""
FIX50SP2,BP,"711",457,""
FIX50SP2,BP,"711",887,""
FIX50SP2,BP,"711",1058,""
FIX50SP2,BP,"711 1058",1062,""
FIX50SP2,BP,"711",1981,""
FIX50SP2,BP,"711",2045,""
FIX50SP2,BP,"711 2045",2053,""
FIX50SP2,BP,"711 2045 2053",2056,""
FIX50SP2,BP,"711 2045",41716,""
FIX50SP2,BP,"711 2045 41716",41724,""
FIX50SP2,BP,"711 2045",41729,""
FIX50SP2,BP,"711 2045 41729",41713,""
FIX50SP2,BP,"711 2045 41729",41726,""
FIX50SP2,BP,"711 2045 41729",41750,""
FIX50SP2,BP,"711 2045",41732,""
FIX50SP2,BP,"711 2045",41737,""
FIX50SP2,BP,"711 2045",41748,""
FIX50SP2,BP,"711",2080,""
FIX50SP2,BP,"711",2312,""
FIX50SP2,BP,"711",40540,""
FIX50SP2,BP,"711 40540",40656,""
FIX50SP2,BP,"711 40540",40659,""
FIX50SP2,BP,"711 40540",40664,""
FIX50SP2,BP,"711 40540 40664",40704,""
FIX50SP2,BP,"711 40540 40664",40966,""
FIX50SP2,BP,"711 40540 40664",40967,""
FIX50SP2,BP,"711 40540 40664",41878,""
FIX50SP2,BP,"711 40540",40708,""
FIX50SP2,BP,"711 40540 40708",42991,""
FIX50SP2,BP,"711 40540 40708",43000,""
FIX50SP2,BP,"711 40540",40968,""
FIX50SP2,BP,"711 40540",40969,""
FIX50SP2,BP,"711 40540",40970,""
FIX50SP2,BP,"711 40540",40971,""
FIX50SP2,BP,"711 40540",40972,""
FIX50SP2,BP,"711 40540",40973,""
FIX50SP2,BP,"711 40540",40974,""
FIX50SP2,BP,"711 40540",40975,""
FIX50SP2,BP,"711 40540",40976,""
FIX50SP2,BP,"711 40540",41756,""
FIX50SP2,BP,"711 40540 41756",41770,""
FIX50SP2,BP,"711 40540 41756 41770",41773,""
FIX50SP2,BP,"711 40540",41800,""
FIX50SP2,BP,"711 40540",41804,""
FIX50SP2,BP,"711 40540",41808,""
FIX50SP2,BP,"711 40540",41909,""
FIX50SP2,BP,"711 40540",41937,""
FIX50SP2,BP,"711 40540",41941,""
FIX50SP2,BP,"711 40540",41944,""
FIX50SP2,BP,"711 40540",41954,""
FIX50SP2,BP,"711 40540",41962,""
FIX50SP2,BP,"711 40540",41990,""
FIX50SP2,BP,"711 40540",41993,""
FIX50SP2,BP,"711 40540",42002,""
FIX50SP2,BP,"711 40540 42002",41996,""
FIX50SP2,BP,"711 40540 42002 41996",41999,""
FIX50SP2,BP,"711 40540",42799,""
FIX50SP2,BP,"711 40540",42853,""
FIX50SP2,BP,"711 40540",42862,""
FIX50SP2,BP,"711 40540 42862",42882,""
FIX50SP2,BP,"711 40540",42901,""
FIX50SP2,BP,"711 40540",42915,""
FIX50SP2,BP,"711 40540",42955,""
FIX50SP2,BP,"711 40540",42981,""
FIX50SP2,BP,"711 40540",43034,""
FIX50SP2,BP,"711 40540 43034",43008,""
FIX50SP2,BP,"711 40540 43034 43008",43069,""
FIX50SP2,BP,"711 40540 43034 43008",43071,""
FIX50SP2,BP,"711 40540 43034",43030,""
FIX50SP2,BP,"711 40540 43034",43060,""
FIX50SP2,BP,"711 40540 43034",43064,""
FIX50SP2,BP,"711",40962,""
FIX50SP2,BP,"711",41820,""
FIX50SP2,BP,"711",41841,""
FIX50SP2,BP,"711",41844,""
FIX50SP2,BP,"711",41856,""
FIX50SP2,BP,"711",41864,""
FIX50SP2,BP,"711",41866,""
FIX50SP2,BP,"711",41868,""
FIX50SP2,BP,"711",41947,""
FIX50SP2,BP,"711",42036,""
FIX50SP2,BP,"711 42036",41340,""
FIX50SP2,BP,"711",42041,""
FIX50SP2,BP,"711 42041",42039,""
FIX50SP2,BP,"711 42041",42788,""
FIX50SP2,BP,"711",42060,""
FIX50SP2,BP,"711 42060",42065,""
FIX50SP2,BP,"711",42068,""
FIX50SP2,BP,"711 42068",42077,""
FIX50SP2,BP,"711 42068 42077",42085,""
FIX50SP2,BP,"711 42068",42087,""
FIX50SP2,BP,"711 42068",42090,""
FIX50SP2,BP,"711",42149,""
FIX50SP2,BP,"711 42149",42099,""
FIX50SP2,BP,"711 42149",42112,""
FIX50SP2,BP,"711 42149",42173,""
FIX50SP2,BP,"711 42149 42173",42177,""
FIX50SP2,BP,"711 42149",42180,""
FIX50SP2,BP,"711 42149",42182,""
FIX50SP2,BP,"711 42149",42184,""
FIX50SP2,BP,"711 42149",42186,""
FIX50SP2,BP,"711 42149",42188,""
FIX50SP2,BP,"711 42149",42190,""
FIX50SP2,BP,"711",42855,""
FIX50SP2,BP,"711",42884,""
FIX50SP2,BP,"711",43005,""
FIX50SP2,BP,"711",43074,""
FIX50SP2,BP,"",864,""
FIX50SP2,BP,"",870,""
FIX50SP2,BP,"",1018,""
FIX50SP2,BP,"1018",1052,""
FIX50SP2,BP,"",1310,""
FIX50SP2,BP,"1310",1201,""
FIX50SP2,BP,"1310 1201",1236,""
FIX50SP2,BP,"1310",1205,""
FIX50SP2,BP,"1310",1234,""
FIX50SP2,BP,"1310",1309,""
FIX50SP2,BP,"1310 1309",1141,""
FIX50SP2,BP,"1310 1309",1232,""
FIX50SP2,BP,"1310 1309",1235,""
FIX50SP2,BP,"1310 1309",1237,""
FIX50SP2,BP,"1310 1309",1239,""
FIX50SP2,BP,"1310 1309",2548,""
FIX50SP2,BP,"1310",1312,""
FIX50SP2,BP,"1310",2550,""
FIX50SP2,BP,"1310",2558,""
FIX50SP2,BP,"",1483,""
FIX50SP2,BP,"1483",1491,""
FIX50SP2,BP,"1483 1491",1494,""
FIX50SP2,BP,"1483",40997,""
FIX50SP2,BP,"1483 40997",41005,""
FIX50SP2,BP,"1483",41010,""
FIX50SP2,BP,"1483 41010",40994,""
FIX50SP2,BP,"1483 41010",41007,""
FIX50SP2,BP,"1483 41010",41031,""
FIX50SP2,BP,"1483",41013,""
FIX50SP2,BP,"1483",41018,""
FIX50SP2,BP,"1483",41029,""
FIX50SP2,BP,"",1647,""
FIX50SP2,BP,"",1976,""
FIX50SP2,BP,"",2304,""
FIX50SP2,BP,"",2734,""
FIX50SP2,BP,"",2746,""
FIX50SP2,BP,"",40019,""
FIX50SP2,BP,"40019",40000,""
FIX50SP2,BP,"",40022,""
FIX50SP2,BP,"40022",40277,""
FIX50SP2,BP,"40022",42214,""
FIX50SP2,BP,"",40040,""
FIX50SP2,BP,"",40042,""
FIX50SP2,BP,"",40046,""
FIX50SP2,BP,"",40049,""
FIX50SP2,BP,"40049",40085,""
FIX50SP2,BP,"40049",40825,""
FIX50SP2,BP,"40049",40828,""
FIX50SP2,BP,"40049 40828",40868,""
FIX50SP2,BP,"40049 40828",40945,""
FIX50SP2,BP,"40049 40828",40977,""
FIX50SP2,BP,"40049 40828",41161,""
FIX50SP2,BP,"40049",40872,""
FIX50SP2,BP,"40049 40872",42696,""
FIX50SP2,BP,"40049 40872",42705,""
FIX50SP2,BP,"40049",40946,""
FIX50SP2,BP,"40049",40947,""
FIX50SP2,BP,"40049",40948,""
FIX50SP2,BP,"40049",40949,""
FIX50SP2,BP,"40049",40950,""
FIX50SP2,BP,"40049",40958,""
FIX50SP2,BP,"40049",40959,""
FIX50SP2,BP,"40049",40960,""
FIX50SP2,BP,"40049",40961,""
FIX50SP2,BP,"40049",41037,""
FIX50SP2,BP,"40049 41037",41051,""
FIX50SP2,BP,"40049 41037 41051",41054,""
FIX50SP2,BP,"40049",41081,""
FIX50SP2,BP,"40049",41085,""
FIX50SP2,BP,"40049",41192,""
FIX50SP2,BP,"40049",41220,""
FIX50SP2,BP,"40049",41224,""
FIX50SP2,BP,"40049",41227,""
FIX50SP2,BP,"40049",41237,""
FIX50SP2,BP,"40049",41241,""
FIX50SP2,BP,"40049",41249,""
FIX50SP2,BP,"40049",41277,""
FIX50SP2,BP,"40049",41280,""
FIX50SP2,BP,"40049",41289,""
FIX50SP2,BP,"40049 41289",41283,""
FIX50SP2,BP,"40049 41289 41283",41286,""
FIX50SP2,BP,"40049",42236,""
FIX50SP2,BP,"40049",42272,""
FIX50SP2,BP,"40049",42274,""
FIX50SP2,BP,"40049 42274",42294,""
FIX50SP2,BP,"40049",42606,""
FIX50SP2,BP,"40049",42620,""
FIX50SP2,BP,"40049",42660,""
FIX50SP2,BP,"40049",42683,""
FIX50SP2,BP,"40049",42735,""
FIX50SP2,BP,"40049 42735",42709,""
FIX50SP2,BP,"40049 42735 42709",42770,""
FIX50SP2,BP,"40049 42735 42709",42772,""
FIX50SP2,BP,"40049 42735",42731,""
FIX50SP2,BP,"40049 42735",42761,""
FIX50SP2,BP,"40049 42735",42765,""
FIX50SP2,BP,"",40090,""
FIX50SP2,BP,"40090",40142,""
FIX50SP2,BP,"40090",40171,""
FIX50SP2,BP,"40090",40174,""
FIX50SP2,BP,"40090 40174",40178,""
FIX50SP2,BP,"40090",40952,""
FIX50SP2,BP,"40090",40953,""
FIX50SP2,BP,"40090",40954,""
FIX50SP2,BP,"40090",40955,""
FIX50SP2,BP,"40090",40956,""
FIX50SP2,BP,"40090",40957,""
FIX50SP2,BP,"",40181,""
FIX50SP2,BP,"40181",40191,""
FIX50SP2,BP,"40181 40191",40199,""
FIX50SP2,BP,"40181",40201,""
FIX50SP2,BP,"40181",40951,""
FIX50SP2,BP,"",40204,""
FIX50SP2,BP,"40204",40209,""
FIX50SP2,BP,"",40278,""
FIX50SP2,BP,"",41092,""
FIX50SP2,BP,"",41094,""
FIX50SP2,BP,"",41096,""
FIX50SP2,BP,"",41116,""
FIX50SP2,BP,"",41137,""
FIX50SP2,BP,"",41140,""
FIX50SP2,BP,"",41152,""
FIX50SP2,BP,"",41230,""
FIX50SP2,BP,"",42296,""
FIX50SP2,BP,"",42775,""
FIX50SP2,BQ,"",1165,""
FIX50SP2,BQ,"1165",453,""
FIX50SP2,BQ,"1165 453",802,""
FIX50SP2,BQ,"1165",454,""
FIX50SP2,BQ,"1165",864,""
FIX50SP2,BQ,"1165",1018,""
FIX50SP2,BQ,"1165 1018",1052,""
FIX50SP2,BQ,"1165",1158,""
FIX50SP2,BQ,"1165 1158",781,""
FIX50SP2,BQ,"1165 1158 781",801,""
FIX50SP2,BQ,"1165",1483,""
FIX50SP2,BQ,"1165 1483",1491,""
FIX50SP2,BQ,"1165 1483 1491",1494,""
FIX50SP2,BQ,"1165 1483",40997,""
FIX50SP2,BQ,"1165 1483 40997",41005,""
FIX50SP2,BQ,"1165 1483",41010,""
FIX50SP2,BQ,"1165 1483 41010",40994,""
FIX50SP2,BQ,"1165 1483 41010",41007,""
FIX50SP2,BQ,"1165 1483 41010",41031,""
FIX50SP2,BQ,"1165 1483",41013,""
FIX50SP2,BQ,"1165 1483",41018,""
FIX50SP2,BQ,"1165 1483",41029,""
FIX50SP2,BQ,"1165",1976,""
FIX50SP2,BQ,"1165",2304,""
FIX50SP2,BQ,"1165",40019,""
FIX50SP2,BQ,"1165 40019",40000,""
FIX50SP2,BQ,"1165",40022,""
FIX50SP2,BQ,"1165 40022",40277,""
FIX50SP2,BQ,"1165 40022",42214,""
FIX50SP2,BQ,"1165",40049,""
FIX50SP2,BQ,"1165 40049",40085,""
FIX50SP2,BQ,"1165 40049",40825,""
FIX50SP2,BQ,"1165 40049",40828,""
FIX50SP2,BQ,"1165 40049 40828",40868,""
FIX50SP2,BQ,"1165 40049 40828",40945,""
FIX50SP2,BQ,"1165 40049 40828",40977,""
FIX50SP2,BQ,"1165 40049 40828",41161,""
FIX50SP2,BQ,"1165 40049",40872,""
FIX50SP2,BQ,"1165 40049 40872",42696,""
FIX50SP2,BQ,"1165 40049 40872",42705,""
FIX50SP2,BQ,"1165 40049",40946,""
FIX50SP2,BQ,"1165 40049",40947,""
FIX50SP2,BQ,"1165 40049",40948,""
FIX50SP2,BQ,"1165 40049",40949,""
FIX50SP2,BQ,"1165 40049",40950,""
FIX50SP2,BQ,"1165 40049",40958,""
FIX50SP2,BQ,"1165 40049",40959,""
FIX50SP2,BQ,"1165 40049",40960,""
FIX50SP2,BQ,"1165 40049",40961,""
FIX50SP2,BQ,"1165 40049",41037,""
FIX50SP2,BQ,"1165 40049 41037",41051,""
FIX50SP2,BQ,"1165 40049 41037 41051",41054,""
FIX50SP2,BQ,"1165 40049",41081,""
FIX50SP2,BQ,"1165 40049",41085,""
FIX50SP2,BQ,"1165 40049",41192,""
FIX50SP2,BQ,"1165 40049",41220,""
FIX50SP2,BQ,"1165 40049",41224,""
FIX50SP2,BQ,"1165 40049",41227,""
FIX50SP2,BQ,"1165 40049",41237,""
FIX50SP2,BQ,"1165 40049",41241,""
FIX50SP2,BQ,"1165 40049",41249,""
FIX50SP2,BQ,"1165 40049",41277,""
FIX50SP2,BQ,"1165 40049",41280,""
FIX50SP2,BQ,"1165 40049",41289,""
FIX50SP2,BQ,"1165 40049 41289",41283,""
FIX50SP2,BQ,"1165 40049 41289 41283",41286,""
FIX50SP2,BQ,"1165 40049",42236,""
FIX50SP2,BQ,"1165 40049",42272,""
FIX50SP2,BQ,"1165 40049",42274,""
FIX50SP2,BQ,"1165 40049 42274",42294,""
FIX50SP2,BQ,"1165 40049",42606,""
FIX50SP2,BQ,"1165 40049",42620,""
FIX50SP2,BQ,"1165 40049",42660,""
FIX50SP2,BQ,"1165 40049",42683,""
FIX50SP2,BQ,"1165 40049",42735,""
FIX50SP2,BQ,"1165 40049 42735",42709,""
FIX50SP2,BQ,"1165 40049 42735 42709",42770,""
FIX50SP2,BQ,"1165 40049 42735 42709",42772,""
FIX50SP2,BQ,"1165 40049 42735",42731,""
FIX50SP2,BQ,"1165 40049 42735",42761,""
FIX50SP2,BQ,"1165 40049 42735",42765,""
FIX50SP2,BQ,"1165",40090,""
FIX50SP2,BQ,"1165 40090",40142,""
FIX50SP2,BQ,"1165 40090",40171,""
FIX50SP2,BQ,"1165 40090",40174,""
FIX50SP2,BQ,"1165 40090 40174",40178,""
FIX50SP2,BQ,"1165 40090",40952,""
FIX50SP2,BQ,"1165 40090",40953,""
FIX50SP2,BQ,"1165 40090",40954,""
FIX50SP2,BQ,"1165 40090",40955,""
FIX50SP2,BQ,"1165 40090",40956,""
FIX50SP2,BQ,"1165 40090",40957,""
FIX50SP2,BQ,"1165",40181,""
FIX50SP2,BQ,"1165 40181",40191,""
FIX50SP2,BQ,"1165 40181 40191",40199,""
FIX50SP2,BQ,"1165 40181",40201,""
FIX50SP2,BQ,"1165 40181",40951,""
FIX50SP2,BQ,"1165",40204,""
FIX50SP2,BQ,"1165 40204",40209,""
FIX50SP2,BQ,"1165",40278,""
FIX50SP2,BQ,"1165",41092,""
FIX50SP2,BQ,"1165",41094,""
FIX50SP2,BQ,"1165",41096,""
FIX50SP2,BQ,"1165",41116,""
FIX50SP2,BQ,"1165",41137,""
FIX50SP2,BQ,"1165",41140,""
FIX50SP2,BQ,"1165",41152,""
FIX50SP2,BQ,"1165",41230,""
FIX50SP2,BQ,"1165",42296,""
FIX50SP2,BQ,"1165",42775,""
FIX50SP2,BR,"",146,""
FIX50SP2,BR,"146",454,""
FIX50SP2,BR,"146",555,""
FIX50SP2,BR,"146 555",604,""
FIX50SP2,BR,"146 555",2059,""
FIX50SP2,BR,"146 555",2076,""
FIX50SP2,BR,"146 555",2218,""
FIX50SP2,BR,"146 555 2218",2250,""
FIX50SP2,BR,"146 555 2218 2250",2253,""
FIX50SP2,BR,"146 555 2218",41366,""
FIX50SP2,BR,"146 555 2218 41366",41374,""
FIX50SP2,BR,"146 555 2218",41379,""
FIX50SP2,BR,"146 555 2218 41379",41363,""
FIX50SP2,BR,"146 555 2218 41379",41376,""
FIX50SP2,BR,"146 555 2218 41379",41400,""
FIX50SP2,BR,"146 555 2218",41382,""
FIX50SP2,BR,"146 555 2218",41387,""
FIX50SP2,BR,"146 555 2218",41398,""
FIX50SP2,BR,"146 555",2254,""
FIX50SP2,BR,"146 555 2254",2258,""
FIX50SP2,BR,"146 555",2308,""
FIX50SP2,BR,"146 555",40241,""
FIX50SP2,BR,"146 555 40241",40367,""
FIX50SP2,BR,"146 555 40241",40374,""
FIX50SP2,BR,"146 555 40241 40374",40414,""
FIX50SP2,BR,"146 555 40241 40374",40927,""
FIX50SP2,BR,"146 555 40241 40374",40928,""
FIX50SP2,BR,"146 555 40241 40374",41530,""
FIX50SP2,BR,"146 555 40241",40418,""
FIX50SP2,BR,"146 555 40241 40418",42495,""
FIX50SP2,BR,"146 555 40241 40418",42504,""
FIX50SP2,BR,"146 555 40241",40902,""
FIX50SP2,BR,"146 555 40241",40929,""
FIX50SP2,BR,"146 555 40241",40930,""
FIX50SP2,BR,"146 555 40241",40931,""
FIX50SP2,BR,"146 555 40241",40932,""
FIX50SP2,BR,"146 555 40241",40933,""
FIX50SP2,BR,"146 555 40241",40940,""
FIX50SP2,BR,"146 555 40241",40941,""
FIX50SP2,BR,"146 555 40241",40942,""
FIX50SP2,BR,"146 555 40241",40943,""
FIX50SP2,BR,"146 555 40241",41408,""
FIX50SP2,BR,"146 555 40241 41408",41422,""
FIX50SP2,BR,"146 555 40241 41408 41422",41425,""
FIX50SP2,BR,"146 555 40241",41452,""
FIX50SP2,BR,"146 555 40241",41456,""
FIX50SP2,BR,"146 555 40241",41460,""
FIX50SP2,BR,"146 555 40241",41561,""
FIX50SP2,BR,"146 555 40241",41589,""
FIX50SP2,BR,"146 555 40241",41593,""
FIX50SP2,BR,"146 555 40241",41596,""
FIX50SP2,BR,"146 555 40241",41638,""
FIX50SP2,BR,"146 555 40241",41646,""
FIX50SP2,BR,"146 555 40241",41674,""
FIX50SP2,BR,"146 555 40241",41677,""
FIX50SP2,BR,"146 555 40241",41686,""
FIX50SP2,BR,"146 555 40241 41686",41680,""
FIX50SP2,BR,"146 555 40241 41686 41680",41683,""
FIX50SP2,BR,"146 555 40241",42310,""
FIX50SP2,BR,"146 555 40241",42364,""
FIX50SP2,BR,"146 555 40241",42366,""
FIX50SP2,BR,"146 555 40241 42366",42386,""
FIX50SP2,BR,"146 555 40241",42405,""
FIX50SP2,BR,"146 555 40241",42419,""
FIX50SP2,BR,"146 555 40241",42459,""
FIX50SP2,BR,"146 555 40241",42485,""
FIX50SP2,BR,"146 555 40241",42534,""
FIX50SP2,BR,"146 555 40241 42534",42508,""
FIX50SP2,BR,"146 555 40241 42534 42508",42569,""
FIX50SP2,BR,"146 555 40241 42534 42508",42571,""
FIX50SP2,BR,"146 555 40241 42534",42530,""
FIX50SP2,BR,"146 555 40241 42534",42560,""
FIX50SP2,BR,"146 555 40241 42534",42564,""
FIX50SP2,BR,"146 555",40448,""
FIX50SP2,BR,"146 555 40448",40473,""
FIX50SP2,BR,"146 555 40448",40495,""
FIX50SP2,BR,"146 555 40448",40533,""
FIX50SP2,BR,"146 555 40448 40533",40537,""
FIX50SP2,BR,"146 555 40448",40934,""
FIX50SP2,BR,"146 555 40448",40935,""
FIX50SP2,BR,"146 555 40448",40936,""
FIX50SP2,BR,"146 555 40448",40937,""
FIX50SP2,BR,"146 555 40448",40938,""
FIX50SP2,BR,"146 555 40448",40939,""
FIX50SP2,BR,"146 555",40923,""
FIX50SP2,BR,"146 555",41335,""
FIX50SP2,BR,"146 555 41335",41316,""
FIX50SP2,BR,"146 555",41344,""
FIX50SP2,BR,"146 555 41344",41342,""
FIX50SP2,BR,"146 555 41344",42306,""
FIX50SP2,BR,"146 555",41467,""
FIX50SP2,BR,"146 555",41469,""
FIX50SP2,BR,"146 555",41471,""
FIX50SP2,BR,"146 555",41491,""
FIX50SP2,BR,"146 555",41512,""
FIX50SP2,BR,"146 555",41515,""
FIX50SP2,BR,"146 555",41527,""
FIX50SP2,BR,"146 555",41599,""
FIX50SP2,BR,"146 555 41599",41604,""
FIX50SP2,BR,"146 555",41607,""
FIX50SP2,BR,"146 555",41616,""
FIX50SP2,BR,"146 555 41616",41614,""
FIX50SP2,BR,"146 555 41616",41625,""
FIX50SP2,BR,"146 555 41616 41625",41633,""
FIX50SP2,BR,"146 555 41616",41635,""
FIX50SP2,BR,"146 555",42198,""
FIX50SP2,BR,"146 555",42200,""
FIX50SP2,BR,"146 555",42203,""
FIX50SP2,BR,"146 555",42388,""
FIX50SP2,BR,"146 555",42581,""
FIX50SP2,BR,"146",864,""
FIX50SP2,BR,"146",870,""
FIX50SP2,BR,"146",1018,""
FIX50SP2,BR,"146 1018",1052,""
FIX50SP2,BR,"146",1483,""
FIX50SP2,BR,"146 1483",1491,""
FIX50SP2,BR,"146 1483 1491",1494,""
FIX50SP2,BR,"146 1483",40997,""
FIX50SP2,BR,"146 1483 40997",41005,""
FIX50SP2,BR,"146 1483",41010,""
FIX50SP2,BR,"146 1483 41010",40994,""
FIX50SP2,BR,"146 1483 41010",41007,""
FIX50SP2,BR,"146 1483 41010",41031,""
FIX50SP2,BR,"146 1483",41013,""
FIX50SP2,BR,"146 1483",41018,""
FIX50SP2,BR,"146 1483",41029,""
FIX50SP2,BR,"146",1976,""
FIX50SP2,BR,"146",2304,""
FIX50SP2,BR,"146",2734,""
FIX50SP2,BR,"146",2746,""
FIX50SP2,BR,"146",40019,""
FIX50SP2,BR,"146 40019",40000,""
FIX50SP2,BR,"146",40022,""
FIX50SP2,BR,"146 40022",40277,""
FIX50SP2,BR,"146 40022",42214,""
FIX50SP2,BR,"146",40049,""
FIX50SP2,BR,"146 40049",40085,""
FIX50SP2,BR,"146 40049",40825,""
FIX50SP2,BR,"146 40049",40828,""
FIX50SP2,BR,"146 40049 40828",40868,""
FIX50SP2,BR,"146 40049 40828",40945,""
FIX50SP2,BR,"146 40049 40828",40977,""
FIX50SP2,BR,"146 40049 40828",41161,""
FIX50SP2,BR,"146 40049",40872,""
FIX50SP2,BR,"146 40049 40872",42696,""
FIX50SP2,BR,"146 40049 40872",42705,""
FIX50SP2,BR,"146 40049",40946,""
FIX50SP2,BR,"146 40049",40947,""
FIX50SP2,BR,"146 40049",40948,""
FIX50SP2,BR,"146 40049",40949,""
FIX50SP2,BR,"146 40049",40950,""
FIX50SP2,BR,"146 40049",40958,""
FIX50SP2,BR,"146 40049",40959,""
FIX50SP2,BR,"146 40049",40960,""
FIX50SP2,BR,"146 40049",40961,""
FIX50SP2,BR,"146 40049",41037,""
FIX50SP2,BR,"146 40049 41037",41051,""
FIX50SP2,BR,"146 40049 41037 41051",41054,""
FIX50SP2,BR,"146 40049",41081,""
FIX50SP2,BR,"146 40049",41085,""
FIX50SP2,BR,"146 40049",41192,""
FIX50SP2,BR,"146 40049",41220,""
FIX50SP2,BR,"146 40049",41224,""
FIX50SP2,BR,"146 40049",41227,""
FIX50SP2,BR,"146 40049",41237,""
FIX50SP2,BR,"146 40049",41241,""
FIX50SP2,BR,"146 40049",41249,""
FIX50SP2,BR,"146 40049",41277,""
FIX50SP2,BR,"146 40049",41280,""
FIX50SP2,BR,"146 40049",41289,""
FIX50SP2,BR,"146 40049 41289",41283,""
FIX50SP2,BR,"146 40049 41289 41283",41286,""
FIX50SP2,BR,"146 40049",42236,""
FIX50SP2,BR,"146 40049",42272,""
FIX50SP2,BR,"146 40049",42274,""
FIX50SP2,BR,"146 40049 42274",42294,""
FIX50SP2,BR,"146 40049",42606,""
FIX50SP2,BR,"146 40049",42620,""
FIX50SP2,BR,"146 40049",42660,""
FIX50SP2,BR,"146 40049",42683,""
FIX50SP2,BR,"146 40049",42735,""
FIX50SP2,BR,"146 40049 42735",42709,""
FIX50SP2,BR,"146 40049 42735 42709",42770,""
FIX50SP2,BR,"146 40049 42735 42709",42772,""
FIX50SP2,BR,"146 40049 42735",42731,""
FIX50SP2,BR,"146 40049 42735",42761,""
FIX50SP2,BR,"146 40049 42735",42765,""
FIX50SP2,BR,"146",40090,""
FIX50SP2,BR,"146 40090",40142,""
FIX50SP2,BR,"146 40090",40171,""
FIX50SP2,BR,"146 40090",40174,""
FIX50SP2,BR,"146 40090 40174",40178,""
FIX50SP2,BR,"146 40090",40952,""
FIX50SP2,BR,"146 40090",40953,""
FIX50SP2,BR,"146 40090",40954,""
FIX50SP2,BR,"146 40090",40955,""
FIX50SP2,BR,"146 40090",40956,""
FIX50SP2,BR,"146 40090",40957,""
FIX50SP2,BR,"146",40181,""
FIX50SP2,BR,"146 40181",40191,""
FIX50SP2,BR,"146 40181 40191",40199,""
FIX50SP2,BR,"146 40181",40201,""
FIX50SP2,BR,"146 40181",40951,""
FIX50SP2,BR,"146",40204,""
FIX50SP2,BR,"146 40204",40209,""
FIX50SP2,BR,"146",40278,""
FIX50SP2,BR,"146",41092,""
FIX50SP2,BR,"146",41094,""
FIX50SP2,BR,"146",41096,""
FIX50SP2,BR,"146",41116,""
FIX50SP2,BR,"146",41137,""
FIX50SP2,BR,"146",41140,""
FIX50SP2,BR,"146",41152,""
FIX50SP2,BR,"146",41230,""
FIX50SP2,BR,"146",42296,""
FIX50SP2,BR,"146",42775,""
FIX50SP2,BR,"",457,""
FIX50SP2,BR,"",887,""
FIX50SP2,BR,"",1058,""
FIX50SP2,BR,"1058",1062,""
FIX50SP2,BR,"",1218,""
FIX50SP2,BR,"",1286,""
FIX50SP2,BR,"",1292,""
FIX50SP2,BR,"1292",1296,""
FIX50SP2,BR,"",1310,""
FIX50SP2,BR,"1310",1201,""
FIX50SP2,BR,"1310 1201",1236,""
FIX50SP2,BR,"1310",1205,""
FIX50SP2,BR,"1310",1234,""
FIX50SP2,BR,"1310",1309,""
FIX50SP2,BR,"1310 1309",1141,""
FIX50SP2,BR,"1310 1309",1232,""
FIX50SP2,BR,"1310 1309",1235,""
FIX50SP2,BR,"1310 1309",1237,""
FIX50SP2,BR,"1310 1309",1239,""
FIX50SP2,BR,"1310 1309",2548,""
FIX50SP2,BR,"1310",1312,""
FIX50SP2,BR,"1310",2550,""
FIX50SP2,BR,"1310",2558,""
FIX50SP2,BR,"",1311,""
FIX50SP2,BR,"",1582,""
FIX50SP2,BR,"",1981,""
FIX50SP2,BR,"",2045,""
FIX50SP2,BR,"2045",2053,""
FIX50SP2,BR,"2045 2053",2056,""
FIX50SP2,BR,"2045",41716,""
FIX50SP2,BR,"2045 41716",41724,""
FIX50SP2,BR,"2045",41729,""
FIX50SP2,BR,"2045 41729",41713,""
FIX50SP2,BR,"2045 41729",41726,""
FIX50SP2,BR,"2045 41729",41750,""
FIX50SP2,BR,"2045",41732,""
FIX50SP2,BR,"2045",41737,""
FIX50SP2,BR,"2045",41748,""
FIX50SP2,BR,"",2080,""
FIX50SP2,BR,"",2312,""
FIX50SP2,BR,"",40540,""
FIX50SP2,BR,"40540",40656,""
FIX50SP2,BR,"40540",40659,""
FIX50SP2,BR,"40540",40664,""
FIX50SP2,BR,"40540 40664",40704,""
FIX50SP2,BR,"40540 40664",40966,""
FIX50SP2,BR,"40540 40664",40967,""
FIX50SP2,BR,"40540 40664",41878,""
FIX50SP2,BR,"40540",40708,""
FIX50SP2,BR,"40540 40708",42991,""
FIX50SP2,BR,"40540 40708",43000,""
FIX50SP2,BR,"40540",40968,""
FIX50SP2,BR,"40540",40969,""
FIX50SP2,BR,"40540",40970,""
FIX50SP2,BR,"40540",40971,""
FIX50SP2,BR,"40540",40972,""
FIX50SP2,BR,"40540",40973,""
FIX50SP2,BR,"40540",40974,""
FIX50SP2,BR,"40540",40975,""
FIX50SP2,BR,"40540",40976,""
FIX50SP2,BR,"40540",41756,""
FIX50SP2,BR,"40540 41756",41770,""
FIX50SP2,BR,"40540 41756 41770",41773,""
FIX50SP2,BR,"40540",41800,""
FIX50SP2,BR,"40540",41804,""
FIX50SP2,BR,"40540",41808,""
FIX50SP2,BR,"40540",41909,""
FIX50SP2,BR,"40540",41937,""
FIX50SP2,BR,"40540",41941,""
FIX50SP2,BR,"40540",41944,""
FIX50SP2,BR,"40540",41954,""
FIX50SP2,BR,"40540",41962,""
FIX50SP2,BR,"40540",41990,""
FIX50SP2,BR,"40540",41993,""
FIX50SP2,BR,"40540",42002,""
FIX50SP2,BR,"40540 42002",41996,""
FIX50SP2,BR,"40540 42002 41996",41999,""
FIX50SP2,BR,"40540",42799,""
FIX50SP2,BR,"40540",42853,""
FIX50SP2,BR,"40540",42862,""
FIX50SP2,BR,"40540 42862",42882,""
FIX50SP2,BR,"40540",42901,""
FIX50SP2,BR,"40540",42915,""
FIX50SP2,BR,"40540",42955,""
FIX50SP2,BR,"40540",42981,""
FIX50SP2,BR,"40540",43034,""
FIX50SP2,BR,"40540 43034",43008,""
FIX50SP2,BR,"40540 43034 43008",43069,""
FIX50SP2,BR,"40540 43034 43008",43071,""
FIX50SP2,BR,"40540 43034",43030,""
FIX50SP2,BR,"40540 43034",43060,""
FIX50SP2,BR,"40540 43034",43064,""
FIX50SP2,BR,"",40962,""
FIX50SP2,BR,"",41820,""
FIX50SP2,BR,"",41841,""
FIX50SP2,BR,"",41844,""
FIX50SP2,BR,"",41856,""
FIX50SP2,BR,"",41864,""
FIX50SP2,BR,"",41866,""
FIX50SP2,BR,"",41868,""
FIX50SP2,BR,"",41947,""
FIX50SP2,BR,"",42036,""
FIX50SP2,BR,"42036",41340,""
FIX50SP2,BR,"",42041,""
FIX50SP2,BR,"42041",42039,""
FIX50SP2,BR,"42041",42788,""
FIX50SP2,BR,"",42060,""
FIX50SP2,BR,"42060",42065,""
FIX50SP2,BR,"",42068,""
FIX50SP2,BR,"42068",42077,""
FIX50SP2,BR,"42068 42077",42085,""
FIX50SP2,BR,"42068",42087,""
FIX50SP2,BR,"42068",42090,""
FIX50SP2,BR,"",42149,""
FIX50SP2,BR,"42149",42099,""
FIX50SP2,BR,"42149",42112,""
FIX50SP2,BR,"42149",42173,""
FIX50SP2,BR,"42149 42173",42177,""
FIX50SP2,BR,"42149",42180,""
FIX50SP2,BR,"42149",42182,""
FIX50SP2,BR,"42149",42184,""
FIX50SP2,BR,"42149",42186,""
FIX50SP2,BR,"42149",42188,""
FIX50SP2,BR,"42149",42190,""
FIX50SP2,BR,"",42855,""
FIX50SP2,BR,"",42884,""
FIX50SP2,BR,"",43005,""
FIX50SP2,BR,"",43074,""
FIX50SP2,BS,"",386,""
FIX50SP2,BS,"386",1141,""
FIX50SP2,BS,"386",1232,""
FIX50SP2,BS,"386",1235,""
FIX50SP2,BS,"386",1237,""
FIX50SP2,BS,"386",1239,""
FIX50SP2,BS,"386",2548,""
FIX50SP2,BU,"",136,""
FIX50SP2,BU,"136",2633,""
FIX50SP2,BU,"",453,""
FIX50SP2,BU,"453",802,""
FIX50SP2,BU,"",1141,""
FIX50SP2,BU,"",1205,""
FIX50SP2,BU,"",1232,""
FIX50SP2,BU,"",1234,""
FIX50SP2,BU,"",1235,""
FIX50SP2,BU,"",1237,""
FIX50SP2,BU,"",1239,""
FIX50SP2,BU,"",1656,""
FIX50SP2,BU,"1656",1540,""
FIX50SP2,BU,"",2545,""
FIX50SP2,BU,"",2548,""
FIX50SP2,BU,"",2550,""
FIX50SP2,BU,"",2558,""
FIX50SP2,BU,"",2560,""
FIX50SP2,BV,"",453,""
FIX50SP2,BV,"453",802,""
FIX50SP2,BV,"",1141,""
FIX50SP2,BV,"",1205,""
FIX50SP2,BV,"",1232,""
FIX50SP2,BV,"",1234,""
FIX50SP2,BV,"",1235,""
FIX50SP2,BV,"",1237,""
FIX50SP2,BV,"",1239,""
FIX50SP2,BV,"",1656,""
FIX50SP2,BV,"1656",1540,""
FIX50SP2,BV,"",2545,""
FIX50SP2,BV,"",2548,""
FIX50SP2,BV,"",2550,""
FIX50SP2,BV,"",2558,""
FIX50SP2,BV,"",2560,""
FIX50SP2,BW,"",453,""
FIX50SP2,BW,"453",802,""
FIX50SP2,BW,"",1351,""
FIX50SP2,BW,"1351",539,""
FIX50SP2,BW,"1351 539",804,""
FIX50SP2,BX,"",453,""
FIX50SP2,BX,"453",802,""
FIX50SP2,BX,"",1351,""
FIX50SP2,BX,"1351",539,""
FIX50SP2,BX,"1351 539",804,""
FIX50SP2,BY,"",1351,""
FIX50SP2,BZ,"",453,""
FIX50SP2,BZ,"453",802,""
FIX50SP2,BZ,"",454,""
FIX50SP2,BZ,"",457,""
FIX50SP2,BZ,"",534,""
FIX50SP2,BZ,"",864,""
FIX50SP2,BZ,"",887,""
FIX50SP2,BZ,"",1018,""
FIX50SP2,BZ,"1018",1052,""
FIX50SP2,BZ,"",1058,""
FIX50SP2,BZ,"1058",1062,""
FIX50SP2,BZ,"",1370,""
FIX50SP2,BZ,"",1461,""
FIX50SP2,BZ,"1461",2433,""
FIX50SP2,BZ,"",1483,""
FIX50SP2,BZ,"1483",1491,""
FIX50SP2,BZ,"1483 1491",1494,""
FIX50SP2,BZ,"1483",40997,""
FIX50SP2,BZ,"1483 40997",41005,""
FIX50SP2,BZ,"1483",41010,""
FIX50SP2,BZ,"1483 41010",40994,""
FIX50SP2,BZ,"1483 41010",41007,""
FIX50SP2,BZ,"1483 41010",41031,""
FIX50SP2,BZ,"1483",41013,""
FIX50SP2,BZ,"1483",41018,""
FIX50SP2,BZ,"1483",41029,""
FIX50SP2,BZ,"",1789,""
FIX50SP2,BZ,"",1791,""
FIX50SP2,BZ,"",1793,""
FIX50SP2,BZ,"",1976,""
FIX50SP2,BZ,"",1981,""
FIX50SP2,BZ,"",2045,""
FIX50SP2,BZ,"2045",2053,""
FIX50SP2,BZ,"2045 2053",2056,""
FIX50SP2,BZ,"2045",41716,""
FIX50SP2,BZ,"2045 41716",41724,""
FIX50SP2,BZ,"2045",41729,""
FIX50SP2,BZ,"2045 41729",41713,""
FIX50SP2,BZ,"2045 41729",41726,""
FIX50SP2,BZ,"2045 41729",41750,""
FIX50SP2,BZ,"2045",41732,""
FIX50SP2,BZ,"2045",41737,""
FIX50SP2,BZ,"2045",41748,""
FIX50SP2,BZ,"",2080,""
FIX50SP2,BZ,"",2304,""
FIX50SP2,BZ,"",2312,""
FIX50SP2,BZ,"",40019,""
FIX50SP2,BZ,"40019",40000,""
FIX50SP2,BZ,"",40022,""
FIX50SP2,BZ,"40022",40277,""
FIX50SP2,BZ,"40022",42214,""
FIX50SP2,BZ,"",40049,""
FIX50SP2,BZ,"40049",40085,""
FIX50SP2,BZ,"40049",40825,""
FIX50SP2,BZ,"40049",40828,""
FIX50SP2,BZ,"40049 40828",40868,""
FIX50SP2,BZ,"40049 40828",40945,""
FIX50SP2,BZ,"40049 40828",40977,""
FIX50SP2,BZ,"40049 40828",41161,""
FIX50SP2,BZ,"40049",40872,""
FIX50SP2,BZ,"40049 40872",42696,""
FIX50SP2,BZ,"40049 40872",42705,""
FIX50SP2,BZ,"40049",40946,""
FIX50SP2,BZ,"40049",40947,""
FIX50SP2,BZ,"40049",40948,""
FIX50SP2,BZ,"40049",40949,""
FIX50SP2,BZ,"40049",40950,""
FIX50SP2,BZ,"40049",40958,""
FIX50SP2,BZ,"40049",40959,""
FIX50SP2,BZ,"40049",40960,""
FIX50SP2,BZ,"40049",40961,""
FIX50SP2,BZ,"40049",41037,""
FIX50SP2,BZ,"40049 41037",41051,""
FIX50SP2,BZ,"40049 41037 41051",41054,""
FIX50SP2,BZ,"40049",41081,""
FIX50SP2,BZ,"40049",41085,""
FIX50SP2,BZ,"40049",41192,""
FIX50SP2,BZ,"40049",41220,""
FIX50SP2,BZ,"40049",41224,""
FIX50SP2,BZ,"40049",41227,""
FIX50SP2,BZ,"40049",41237,""
FIX50SP2,BZ,"40049",41241,""
FIX50SP2,BZ,"40049",41249,""
FIX50SP2,BZ,"40049",41277,""
FIX50SP2,BZ,"40049",41280,""
FIX50SP2,BZ,"40049",41289,""
FIX50SP2,BZ,"40049 41289",41283,""
FIX50SP2,BZ,"40049 41289 41283",41286,""
FIX50SP2,BZ,"40049",42236,""
FIX50SP2,BZ,"40049",42272,""
FIX50SP2,BZ,"40049",42274,""
FIX50SP2,BZ,"40049 42274",42294,""
FIX50SP2,BZ,"40049",42606,""
FIX50SP2,BZ,"40049",42620,""
FIX50SP2,BZ,"40049",42660,""
FIX50SP2,BZ,"40049",42683,""
FIX50SP2,BZ,"40049",42735,""
FIX50SP2,BZ,"40049 42735",42709,""
FIX50SP2,BZ,"40049 42735 42709",42770,""
FIX50SP2,BZ,"40049 42735 42709",42772,""
FIX50SP2,BZ,"40049 42735",42731,""
FIX50SP2,BZ,"40049 42735",42761,""
FIX50SP2,BZ,"40049 42735",42765,""
FIX50SP2,BZ,"",40090,""
FIX50SP2,BZ,"40090",40142,""
FIX50SP2,BZ,"40090",40171,""
FIX50SP2,BZ,"40090",40174,""
FIX50SP2,BZ,"40090 40174",40178,""
FIX50SP2,BZ,"40090",40952,""
FIX50SP2,BZ,"40090",40953,""
FIX50SP2,BZ,"40090",40954,""
FIX50SP2,BZ,"40090",40955,""
FIX50SP2,BZ,"40090",40956,""
FIX50SP2,BZ,"40090",40957,""
FIX50SP2,BZ,"",40181,""
FIX50SP2,BZ,"40181",40191,""
FIX50SP2,BZ,"40181 40191",40199,""
FIX50SP2,BZ,"40181",40201,""
FIX50SP2,BZ,"40181",40951,""
FIX50SP2,BZ,"",40204,""
FIX50SP2,BZ,"40204",40209,""
FIX50SP2,BZ,"",40278,""
FIX50SP2,BZ,"",40540,""
FIX50SP2,BZ,"40540",40656,""
FIX50SP2,BZ,"40540",40659,""
FIX50SP2,BZ,"40540",40664,""
FIX50SP2,BZ,"40540 40664",40704,""
FIX50SP2,BZ,"40540 40664",40966,""
FIX50SP2,BZ,"40540 40664",40967,""
FIX50SP2,BZ,"40540 40664",41878,""
FIX50SP2,BZ,"40540",40708,""
FIX50SP2,BZ,"40540 40708",42991,""
FIX50SP2,BZ,"40540 40708",43000,""
FIX50SP2,BZ,"40540",40968,""
FIX50SP2,BZ,"40540",40969,""
FIX50SP2,BZ,"40540",40970,""
FIX50SP2,BZ,"40540",40971,""
FIX50SP2,BZ,"40540",40972,""
FIX50SP2,BZ,"40540",40973,""
FIX50SP2,BZ,"40540",40974,""
FIX50SP2,BZ,"40540",40975,""
FIX50SP2,BZ,"40540",40976,""
FIX50SP2,BZ,"40540",41756,""
FIX50SP2,BZ,"40540 41756",41770,""
FIX50SP2,BZ,"40540 41756 41770",41773,""
FIX50SP2,BZ,"40540",41800,""
FIX50SP2,BZ,"40540",41804,""
FIX50SP2,BZ,"40540",41808,""
FIX50SP2,BZ,"40540",41909,""
FIX50SP2,BZ,"40540",41937,""
FIX50SP2,BZ,"40540",41941,""
FIX50SP2,BZ,"40540",41944,""
FIX50SP2,BZ,"40540",41954,""
FIX50SP2,BZ,"40540",41962,""
FIX50SP2,BZ,"40540",41990,""
FIX50SP2,BZ,"40540",41993,""
FIX50SP2,BZ,"40540",42002,""
FIX50SP2,BZ,"40540 42002",41996,""
FIX50SP2,BZ,"40540 42002 41996",41999,""
FIX50SP2,BZ,"40540",42799,""
FIX50SP2,BZ,"40540",42853,""
FIX50SP2,BZ,"40540",42862,""
FIX50SP2,BZ,"40540 42862",42882,""
FIX50SP2,BZ,"40540",42901,""
FIX50SP2,BZ,"40540",42915,""
FIX50SP2,BZ,"40540",42955,""
FIX50SP2,BZ,"40540",42981,""
FIX50SP2,BZ,"40540",43034,""
FIX50SP2,BZ,"40540 43034",43008,""
FIX50SP2,BZ,"40540 43034 43008",43069,""
FIX50SP2,BZ,"40540 43034 43008",43071,""
FIX50SP2,BZ,"40540 43034",43030,""
FIX50SP2,BZ,"40540 43034",43060,""
FIX50SP2,BZ,"40540 43034",43064,""
FIX50SP2,BZ,"",40962,""
FIX50SP2,BZ,"",41092,""
FIX50SP2,BZ,"",41094,""
FIX50SP2,BZ,"",41096,""
FIX50SP2,BZ,"",41116,""
FIX50SP2,BZ,"",41137,""
FIX50SP2,BZ,"",41140,""
FIX50SP2,BZ,"",41152,""
FIX50SP2,BZ,"",41230,""
FIX50SP2,BZ,"",41820,""
FIX50SP2,BZ,"",41841,""
FIX50SP2,BZ,"",41844,""
FIX50SP2,BZ,"",41856,""
FIX50SP2,BZ,"",41864,""
FIX50SP2,BZ,"",41866,""
FIX50SP2,BZ,"",41868,""
FIX50SP2,BZ,"",41947,""
FIX50SP2,BZ,"",42036,""
FIX50SP2,BZ,"42036",41340,""
FIX50SP2,BZ,"",42041,""
FIX50SP2,BZ,"42041",42039,""
FIX50SP2,BZ,"42041",42788,""
FIX50SP2,BZ,"",42060,""
FIX50SP2,BZ,"42060",42065,""
FIX50SP2,BZ,"",42068,""
FIX50SP2,BZ,"42068",42077,""
FIX50SP2,BZ,"42068 42077",42085,""
FIX50SP2,BZ,"42068",42087,""
FIX50SP2,BZ,"42068",42090,""
FIX50SP2,BZ,"",42149,""
FIX50SP2,BZ,"42149",42099,""
FIX50SP2,BZ,"42149",42112,""
FIX50SP2,BZ,"42149",42173,""
FIX50SP2,BZ,"42149 42173",42177,""
FIX50SP2,BZ,"42149",42180,""
FIX50SP2,BZ,"42149",42182,""
FIX50SP2,BZ,"42149",42184,""
FIX50SP2,BZ,"42149",42186,""
FIX50SP2,BZ,"42149",42188,""
FIX50SP2,BZ,"42149",42190,""
FIX50SP2,BZ,"",42296,""
FIX50SP2,BZ,"",42775,""
FIX50SP2,BZ,"",42855,""
FIX50SP2,BZ,"",42884,""
FIX50SP2,BZ,"",43005,""
FIX50SP2,BZ,"",43074,""
FIX50SP2,C,"",33,""
FIX50SP2,C,"",146,""
FIX50SP2,C,"146",454,""
FIX50SP2,C,"146",864,""
FIX50SP2,C,"146",870,""
FIX50SP2,C,"146",1018,""
FIX50SP2,C,"146 1018",1052,""
FIX50SP2,C,"146",1483,""
FIX50SP2,C,"146 1483",1491,""
FIX50SP2,C,"146 1483 1491",1494,""
FIX50SP2,C,"146 1483",40997,""
FIX50SP2,C,"146 1483 40997",41005,""
FIX50SP2,C,"146 1483",41010,""
FIX50SP2,C,"146 1483 41010",40994,""
FIX50SP2,C,"146 1483 41010",41007,""
FIX50SP2,C,"146 1483 41010",41031,""
FIX50SP2,C,"146 1483",41013,""
FIX50SP2,C,"146 1483",41018,""
FIX50SP2,C,"146 1483",41029,""
FIX50SP2,C,"146",1647,""
FIX50SP2,C,"146",1976,""
FIX50SP2,C,"146",2304,""
FIX50SP2,C,"146",2734,""
FIX50SP2,C,"146",2746,""
FIX50SP2,C,"146",40019,""
FIX50SP2,C,"146 40019",40000,""
FIX50SP2,C,"146",40022,""
FIX50SP2,C,"146 40022",40277,""
FIX50SP2,C,"146 40022",42214,""
FIX50SP2,C,"146",40040,""
FIX50SP2,C,"146",40042,""
FIX50SP2,C,"146",40046,""
FIX50SP2,C,"146",40049,""
FIX50SP2,C,"146 40049",40085,""
FIX50SP2,C,"146 40049",40825,""
FIX50SP2,C,"146 40049",40828,""
FIX50SP2,C,"146 40049 40828",40868,""
FIX50SP2,C,"146 40049 40828",40945,""
FIX50SP2,C,"146 40049 40828",40977,""
FIX50SP2,C,"146 40049 40828",41161,""
FIX50SP2,C,"146 40049",40872,""
FIX50SP2,C,"146 40049 40872",42696,""
FIX50SP2,C,"146 40049 40872",42705,""
FIX50SP2,C,"146 40049",40946,""
FIX50SP2,C,"146 40049",40947,""
FIX50SP2,C,"146 40049",40948,""
FIX50SP2,C,"146 40049",40949,""
FIX50SP2,C,"146 40049",40950,""
FIX50SP2,C,"146 40049",40958,""
FIX50SP2,C,"146 40049",40959,""
FIX50SP2,C,"146 40049",40960,""
FIX50SP2,C,"146 40049",40961,""
FIX50SP2,C,"146 40049",41037,""
FIX50SP2,C,"146 40049 41037",41051,""
FIX50SP2,C,"146 40049 41037 41051",41054,""
FIX50SP2,C,"146 40049",41081,""
FIX50SP2,C,"146 40049",41085,""
FIX50SP2,C,"146 40049",41192,""
FIX50SP2,C,"146 40049",41220,""
FIX50SP2,C,"146 40049",41224,""
FIX50SP2,C,"146 40049",41227,""
FIX50SP2,C,"146 40049",41237,""
FIX50SP2,C,"146 40049",41241,""
FIX50SP2,C,"146 40049",41249,""
FIX50SP2,C,"146 40049",41277,""
FIX50SP2,C,"146 40049",41280,""
FIX50SP2,C,"146 40049",41289,""
FIX50SP2,C,"146 40049 41289",41283,""
FIX50SP2,C,"146 40049 41289 41283",41286,""
FIX50SP2,C,"146 40049",42236,""
FIX50SP2,C,"146 40049",42272,""
FIX50SP2,C,"146 40049",42274,""
FIX50SP2,C,"146 40049 42274",42294,""
FIX50SP2,C,"146 40049",42606,""
FIX50SP2,C,"146 40049",42620,""
FIX50SP2,C,"146 40049",42660,""
FIX50SP2,C,"146 40049",42683,""
FIX50SP2,C,"146 40049",42735,""
FIX50SP2,C,"146 40049 42735",42709,""
FIX50SP2,C,"146 40049 42735 42709",42770,""
FIX50SP2,C,"146 40049 42735 42709",42772,""
FIX50SP2,C,"146 40049 42735",42731,""
FIX50SP2,C,"146 40049 42735",42761,""
FIX50SP2,C,"146 40049 42735",42765,""
FIX50SP2,C,"146",40090,""
FIX50SP2,C,"146 40090",40142,""
FIX50SP2,C,"146 40090",40171,""
FIX50SP2,C,"146 40090",40174,""
FIX50SP2,C,"146 40090 40174",40178,""
FIX50SP2,C,"146 40090",40952,""
FIX50SP2,C,"146 40090",40953,""
FIX50SP2,C,"146 40090",40954,""
FIX50SP2,C,"146 40090",40955,""
FIX50SP2,C,"146 40090",40956,""
FIX50SP2,C,"146 40090",40957,""
FIX50SP2,C,"146",40181,""
FIX50SP2,C,"146 40181",40191,""
FIX50SP2,C,"146 40181 40191",40199,""
FIX50SP2,C,"146 40181",40201,""
FIX50SP2,C,"146 40181",40951,""
FIX50SP2,C,"146",40204,""
FIX50SP2,C,"146 40204",40209,""
FIX50SP2,C,"146",40278,""
FIX50SP2,C,"146",41092,""
FIX50SP2,C,"146",41094,""
FIX50SP2,C,"146",41096,""
FIX50SP2,C,"146",41116,""
FIX50SP2,C,"146",41137,""
FIX50SP2,C,"146",41140,""
FIX50SP2,C,"146",41152,""
FIX50SP2,C,"146",41230,""
FIX50SP2,C,"146",42296,""
FIX50SP2,C,"146",42775,""
FIX50SP2,C,"",215,""
FIX50SP2,C,"",555,""
FIX50SP2,C,"555",604,""
FIX50SP2,C,"555",2059,""
FIX50SP2,C,"555",2076,""
FIX50SP2,C,"555",2218,""
FIX50SP2,C,"555 2218",2250,""
FIX50SP2,C,"555 2218 2250",2253,""
FIX50SP2,C,"555 2218",41366,""
FIX50SP2,C,"555 2218 41366",41374,""
FIX50SP2,C,"555 2218",41379,""
FIX50SP2,C,"555 2218 41379",41363,""
FIX50SP2,C,"555 2218 41379",41376,""
FIX50SP2,C,"555 2218 41379",41400,""
FIX50SP2,C,"555 2218",41382,""
FIX50SP2,C,"555 2218",41387,""
FIX50SP2,C,"555 2218",41398,""
FIX50SP2,C,"555",2254,""
FIX50SP2,C,"555 2254",2258,""
FIX50SP2,C,"555",2308,""
FIX50SP2,C,"555",40241,""
FIX50SP2,C,"555 40241",40367,""
FIX50SP2,C,"555 40241",40374,""
FIX50SP2,C,"555 40241 40374",40414,""
FIX50SP2,C,"555 40241 40374",40927,""
FIX50SP2,C,"555 40241 40374",40928,""
FIX50SP2,C,"555 40241 40374",41530,""
FIX50SP2,C,"555 40241",40418,""
FIX50SP2,C,"555 40241 40418",42495,""
FIX50SP2,C,"555 40241 40418",42504,""
FIX50SP2,C,"555 40241",40902,""
FIX50SP2,C,"555 40241",40929,""
FIX50SP2,C,"555 40241",40930,""
FIX50SP2,C,"555 40241",40931,""
FIX50SP2,C,"555 40241",40932,""
FIX50SP2,C,"555 40241",40933,""
FIX50SP2,C,"555 40241",40940,""
FIX50SP2,C,"555 40241",40941,""
FIX50SP2,C,"555 40241",40942,""
FIX50SP2,C,"555 40241",40943,""
FIX50SP2,C,"555 40241",41408,""
FIX50SP2,C,"555 40241 41408",41422,""
FIX50SP2,C,"555 40241 41408 41422",41425,""
FIX50SP2,C,"555 40241",41452,""
FIX50SP2,C,"555 40241",41456,""
FIX50SP2,C,"555 40241",41460,""
FIX50SP2,C,"555 40241",41561,""
FIX50SP2,C,"555 40241",41589,""
FIX50SP2,C,"555 40241",41593,""
FIX50SP2,C,"555 40241",41596,""
FIX50SP2,C,"555 40241",41638,""
FIX50SP2,C,"555 40241",41646,""
FIX50SP2,C,"555 40241",41674,""
FIX50SP2,C,"555 40241",41677,""
FIX50SP2,C,"555 40241",41686,""
FIX50SP2,C,"555 40241 41686",41680,""
FIX50SP2,C,"555 40241 41686 41680",41683,""
FIX50SP2,C,"555 40241",42310,""
FIX50SP2,C,"555 40241",42364,""
FIX50SP2,C,"555 40241",42366,""
FIX50SP2,C,"555 40241 42366",42386,""
FIX50SP2,C,"555 40241",42405,""
FIX50SP2,C,"555 40241",42419,""
FIX50SP2,C,"555 40241",42459,""
FIX50SP2,C,"555 40241",42485,""
FIX50SP2,C,"555 40241",42534,""
FIX50SP2,C,"555 40241 42534",42508,""
FIX50SP2,C,"555 40241 42534 42508",42569,""
FIX50SP2,C,"555 40241 42534 42508",42571,""
FIX50SP2,C,"555 40241 42534",42530,""
FIX50SP2,C,"555 40241 42534",42560,""
FIX50SP2,C,"555 40241 42534",42564,""
FIX50SP2,C,"555",40448,""
FIX50SP2,C,"555 40448",40473,""
FIX50SP2,C,"555 40448",40495,""
FIX50SP2,C,"555 40448",40533,""
FIX50SP2,C,"555 40448 40533",40537,""
FIX50SP2,C,"555 40448",40934,""
FIX50SP2,C,"555 40448",40935,""
FIX50SP2,C,"555 40448",40936,""
FIX50SP2,C,"555 40448",40937,""
FIX50SP2,C,"555 40448",40938,""
FIX50SP2,C,"555 40448",40939,""
FIX50SP2,C,"555",40923,""
FIX50SP2,C,"555",41335,""
FIX50SP2,C,"555 41335",41316,""
FIX50SP2,C,"555",41344,""
FIX50SP2,C,"555 41344",41342,""
FIX50SP2,C,"555 41344",42306,""
FIX50SP2,C,"555",41467,""
FIX50SP2,C,"555",41469,""
FIX50SP2,C,"555",41471,""
FIX50SP2,C,"555",41491,""
FIX50SP2,C,"555",41512,""
FIX50SP2,C,"555",41515,""
FIX50SP2,C,"555",41527,""
FIX50SP2,C,"555",41599,""
FIX50SP2,C,"555 41599",41604,""
FIX50SP2,C,"555",41607,""
FIX50SP2,C,"555",41616,""
FIX50SP2,C,"555 41616",41614,""
FIX50SP2,C,"555 41616",41625,""
FIX50SP2,C,"555 41616 41625",41633,""
FIX50SP2,C,"555 41616",41635,""
FIX50SP2,C,"555",42198,""
FIX50SP2,C,"555",42200,""
FIX50SP2,C,"555",42203,""
FIX50SP2,C,"555",42388,""
FIX50SP2,C,"555",42581,""
FIX50SP2,C,"",711,""
FIX50SP2,C,"711",457,""
FIX50SP2,C,"711",887,""
FIX50SP2,C,"711",1058,""
FIX50SP2,C,"711 1058",1062,""
FIX50SP2,C,"711",1981,""
FIX50SP2,C,"711",2045,""
FIX50SP2,C,"711 2045",2053,""
FIX50SP2,C,"711 2045 2053",2056,""
FIX50SP2,C,"711 2045",41716,""
FIX50SP2,C,"711 2045 41716",41724,""
FIX50SP2,C,"711 2045",41729,""
FIX50SP2,C,"711 2045 41729",41713,""
FIX50SP2,C,"711 2045 41729",41726,""
FIX50SP2,C,"711 2045 41729",41750,""
FIX50SP2,C,"711 2045",41732,""
FIX50SP2,C,"711 2045",41737,""
FIX50SP2,C,"711 2045",41748,""
FIX50SP2,C,"711",2080,""
FIX50SP2,C,"711",2312,""
FIX50SP2,C,"711",40540,""
FIX50SP2,C,"711 40540",40656,""
FIX50SP2,C,"711 40540",40659,""
FIX50SP2,C,"711 40540",40664,""
FIX50SP2,C,"711 40540 40664",40704,""
FIX50SP2,C,"711 40540 40664",40966,""
FIX50SP2,C,"711 40540 40664",40967,""
FIX50SP2,C,"711 40540 40664",41878,""
FIX50SP2,C,"711 40540",40708,""
FIX50SP2,C,"711 40540 40708",42991,""
FIX50SP2,C,"711 40540 40708",43000,""
FIX50SP2,C,"711 40540",40968,""
FIX50SP2,C,"711 40540",40969,""
FIX50SP2,C,"711 40540",40970,""
FIX50SP2,C,"711 40540",40971,""
FIX50SP2,C,"711 40540",40972,""
FIX50SP2,C,"711 40540",40973,""
FIX50SP2,C,"711 40540",40974,""
FIX50SP2,C,"711 40540",40975,""
FIX50SP2,C,"711 40540",40976,""
FIX50SP2,C,"711 40540",41756,""
FIX50SP2,C,"711 40540 41756",41770,""
FIX50SP2,C,"711 40540 41756 41770",41773,""
FIX50SP2,C,"711 40540",41800,""
FIX50SP2,C,"711 40540",41804,""
FIX50SP2,C,"711 40540",41808,""
FIX50SP2,C,"711 40540",41909,""
FIX50SP2,C,"711 40540",41937,""
FIX50SP2,C,"711 40540",41941,""
FIX50SP2,C,"711 40540",41944,""
FIX50SP2,C,"711 40540",41954,""
FIX50SP2,C,"711 40540",41962,""
FIX50SP2,C,"711 40540",41990,""
FIX50SP2,C,"711 40540",41993,""
FIX50SP2,C,"711 40540",42002,""
FIX50SP2,C,"711 40540 42002",41996,""
FIX50SP2,C,"711 40540 42002 41996",41999,""
FIX50SP2,C,"711 40540",42799,""
FIX50SP2,C,"711 40540",42853,""
FIX50SP2,C,"711 40540",42862,""
FIX50SP2,C,"711 40540 42862",42882,""
FIX50SP2,C,"711 40540",42901,""
FIX50SP2,C,"711 40540",42915,""
FIX50SP2,C,"711 40540",42955,""
FIX50SP2,C,"711 40540",42981,""
FIX50SP2,C,"711 40540",43034,""
FIX50SP2,C,"711 40540 43034",43008,""
FIX50SP2,C,"711 40540 43034 43008",43069,""
FIX50SP2,C,"711 40540 43034 43008",43071,""
FIX50SP2,C,"711 40540 43034",43030,""
FIX50SP2,C,"711 40540 43034",43060,""
FIX50SP2,C,"711 40540 43034",43064,""
FIX50SP2,C,"711",40962,""
FIX50SP2,C,"711",41820,""
FIX50SP2,C,"711",41841,""
FIX50SP2,C,"711",41844,""
FIX50SP2,C,"711",41856,""
FIX50SP2,C,"711",41864,""
FIX50SP2,C,"711",41866,""
FIX50SP2,C,"711",41868,""
FIX50SP2,C,"711",41947,""
FIX50SP2,C,"711",42036,""
FIX50SP2,C,"711 42036",41340,""
FIX50SP2,C,"711",42041,""
FIX50SP2,C,"711 42041",42039,""
FIX50SP2,C,"711 42041",42788,""
FIX50SP2,C,"711",42060,""
FIX50SP2,C,"711 42060",42065,""
FIX50SP2,C,"711",42068,""
FIX50SP2,C,"711 42068",42077,""
FIX50SP2,C,"711 42068 42077",42085,""
FIX50SP2,C,"711 42068",42087,""
FIX50SP2,C,"711 42068",42090,""
FIX50SP2,C,"711",42149,""
FIX50SP2,C,"711 42149",42099,""
FIX50SP2,C,"711 42149",42112,""
FIX50SP2,C,"711 42149",42173,""
FIX50SP2,C,"711 42149 42173",42177,""
FIX50SP2,C,"711 42149",42180,""
FIX50SP2,C,"711 42149",42182,""
FIX50SP2,C,"711 42149",42184,""
FIX50SP2,C,"711 42149",42186,""
FIX50SP2,C,"711 42149",42188,""
FIX50SP2,C,"711 42149",42190,""
FIX50SP2,C,"711",42855,""
FIX50SP2,C,"711",42884,""
FIX50SP2,C,"711",43005,""
FIX50SP2,C,"711",43074,""
FIX50SP2,C,"",2104,""
FIX50SP2,C,"2104",2113,""
FIX50SP2,CA,"",453,""
FIX50SP2,CA,"453",802,""
FIX50SP2,CA,"",454,""
FIX50SP2,CA,"",457,""
FIX50SP2,CA,"",864,""
FIX50SP2,CA,"",887,""
FIX50SP2,CA,"",1018,""
FIX50SP2,CA,"1018",1052,""
FIX50SP2,CA,"",1058,""
FIX50SP2,CA,"1058",1062,""
FIX50SP2,CA,"",1461,""
FIX50SP2,CA,"1461",2433,""
FIX50SP2,CA,"",1483,""
FIX50SP2,CA,"1483",1491,""
FIX50SP2,CA,"1483 1491",1494,""
FIX50SP2,CA,"1483",40997,""
FIX50SP2,CA,"1483 40997",41005,""
FIX50SP2,CA,"1483",41010,""
FIX50SP2,CA,"1483 41010",40994,""
FIX50SP2,CA,"1483 41010",41007,""
FIX50SP2,CA,"1483 41010",41031,""
FIX50SP2,CA,"1483",41013,""
FIX50SP2,CA,"1483",41018,""
FIX50SP2,CA,"1483",41029,""
FIX50SP2,CA,"",1789,""
FIX50SP2,CA,"",1976,""
FIX50SP2,CA,"",1981,""
FIX50SP2,CA,"",2045,""
FIX50SP2,CA,"2045",2053,""
FIX50SP2,CA,"2045 2053",2056,""
FIX50SP2,CA,"2045",41716,""
FIX50SP2,CA,"2045 41716",41724,""
FIX50SP2,CA,"2045",41729,""
FIX50SP2,CA,"2045 41729",41713,""
FIX50SP2,CA,"2045 41729",41726,""
FIX50SP2,CA,"2045 41729",41750,""
FIX50SP2,CA,"2045",41732,""
FIX50SP2,CA,"2045",41737,""
FIX50SP2,CA,"2045",41748,""
FIX50SP2,CA,"",2080,""
FIX50SP2,CA,"",2304,""
FIX50SP2,CA,"",2312,""
FIX50SP2,CA,"",40019,""
FIX50SP2,CA,"40019",40000,""
FIX50SP2,CA,"",40022,""
FIX50SP2,CA,"40022",40277,""
FIX50SP2,CA,"40022",42214,""
FIX50SP2,CA,"",40049,""
FIX50SP2,CA,"40049",40085,""
FIX50SP2,CA,"40049",40825,""
FIX50SP2,CA,"40049",40828,""
FIX50SP2,CA,"40049 40828",40868,""
FIX50SP2,CA,"40049 40828",40945,""
FIX50SP2,CA,"40049 40828",40977,""
FIX50SP2,CA,"40049 40828",41161,""
FIX50SP2,CA,"40049",40872,""
FIX50SP2,CA,"40049 40872",42696,""
FIX50SP2,CA,"40049 40872",42705,""
FIX50SP2,CA,"40049",40946,""
FIX50SP2,CA,"40049",40947,""
FIX50SP2,CA,"40049",40948,""
FIX50SP2,CA,"40049",40949,""
FIX50SP2,CA,"40049",40950,""
FIX50SP2,CA,"40049",40958,""
FIX50SP2,CA,"40049",40959,""
FIX50SP2,CA,"40049",40960,""
FIX50SP2,CA,"40049",40961,""
FIX50SP2,CA,"40049",41037,""
FIX50SP2,CA,"40049 41037",41051,""
FIX50SP2,CA,"40049 41037 41051",41054,""
FIX50SP2,CA,"40049",41081,""
FIX50SP2,CA,"40049",41085,""
FIX50SP2,CA,"40049",41192,""
FIX50SP2,CA,"40049",41220,""
FIX50SP2,CA,"40049",41224,""
FIX50SP2,CA,"40049",41227,""
FIX50SP2,CA,"40049",41237,""
FIX50SP2,CA,"40049",41241,""
FIX50SP2,CA,"40049",41249,""
FIX50SP2,CA,"40049",41277,""
FIX50SP2,CA,"40049",41280,""
FIX50SP2,CA,"40049",41289,""
FIX50SP2,CA,"40049 41289",41283,""
FIX50SP2,CA,"40049 41289 41283",41286,""
FIX50SP2,CA,"40049",42236,""
FIX50SP2,CA,"40049",42272,""
FIX50SP2,CA,"40049",42274,""
FIX50SP2,CA,"40049 42274",42294,""
FIX50SP2,CA,"40049",42606,""
FIX50SP2,CA,"40049",42620,""
FIX50SP2,CA,"40049",42660,""
FIX50SP2,CA,"40049",42683,""
FIX50SP2,CA,"40049",42735,""
FIX50SP2,CA,"40049 42735",42709,""
FIX50SP2,CA,"40049 42735 42709",42770,""
FIX50SP2,CA,"40049 42735 42709",42772,""
FIX50SP2,CA,"40049 42735",42731,""
FIX50SP2,CA,"40049 42735",42761,""
FIX50SP2,CA,"40049 42735",42765,""
FIX50SP2,CA,"",40090,""
FIX50SP2,CA,"40090",40142,""
FIX50SP2,CA,"40090",40171,""
FIX50SP2,CA,"40090",40174,""
FIX50SP2,CA,"40090 40174",40178,""
FIX50SP2,CA,"40090",40952,""
FIX50SP2,CA,"40090",40953,""
FIX50SP2,CA,"40090",40954,""
FIX50SP2,CA,"40090",40955,""
FIX50SP2,CA,"40090",40956,""
FIX50SP2,CA,"40090",40957,""
FIX50SP2,CA,"",40181,""
FIX50SP2,CA,"40181",40191,""
FIX50SP2,CA,"40181 40191",40199,""
FIX50SP2,CA,"40181",40201,""
FIX50SP2,CA,"40181",40951,""
FIX50SP2,CA,"",40204,""
FIX50SP2,CA,"40204",40209,""
FIX50SP2,CA,"",40278,""
FIX50SP2,CA,"",40540,""
FIX50SP2,CA,"40540",40656,""
FIX50SP2,CA,"40540",40659,""
FIX50SP2,CA,"40540",40664,""
FIX50SP2,CA,"40540 40664",40704,""
FIX50SP2,CA,"40540 40664",40966,""
FIX50SP2,CA,"40540 40664",40967,""
FIX50SP2,CA,"40540 40664",41878,""
FIX50SP2,CA,"40540",40708,""
FIX50SP2,CA,"40540 40708",42991,""
FIX50SP2,CA,"40540 40708",43000,""
FIX50SP2,CA,"40540",40968,""
FIX50SP2,CA,"40540",40969,""
FIX50SP2,CA,"40540",40970,""
FIX50SP2,CA,"40540",40971,""
FIX50SP2,CA,"40540",40972,""
FIX50SP2,CA,"40540",40973,""
FIX50SP2,CA,"40540",40974,""
FIX50SP2,CA,"40540",40975,""
FIX50SP2,CA,"40540",40976,""
FIX50SP2,CA,"40540",41756,""
FIX50SP2,CA,"40540 41756",41770,""
FIX50SP2,CA,"40540 41756 41770",41773,""
FIX50SP2,CA,"40540",41800,""
FIX50SP2,CA,"40540",41804,""
FIX50SP2,CA,"40540",41808,""
FIX50SP2,CA,"40540",41909,""
FIX50SP2,CA,"40540",41937,""
FIX50SP2,CA,"40540",41941,""
FIX50SP2,CA,"40540",41944,""
FIX50SP2,CA,"40540",41954,""
FIX50SP2,CA,"40540",41962,""
FIX50SP2,CA,"40540",41990,""
FIX50SP2,CA,"40540",41993,""
FIX50SP2,CA,"40540",42002,""
FIX50SP2,CA,"40540 42002",41996,""
FIX50SP2,CA,"40540 42002 41996",41999,""
FIX50SP2,CA,"40540",42799,""
FIX50SP2,CA,"40540",42853,""
FIX50SP2,CA,"40540",42862,""
FIX50SP2,CA,"40540 42862",42882,""
FIX50SP2,CA,"40540",42901,""
FIX50SP2,CA,"40540",42915,""
FIX50SP2,CA,"40540",42955,""
FIX50SP2,CA,"40540",42981,""
FIX50SP2,CA,"40540",43034,""
FIX50SP2,CA,"40540 43034",43008,""
FIX50SP2,CA,"40540 43034 43008",43069,""
FIX50SP2,CA,"40540 43034 43008",43071,""
FIX50SP2,CA,"40540 43034",43030,""
FIX50SP2,CA,"40540 43034",43060,""
FIX50SP2,CA,"40540 43034",43064,""
FIX50SP2,CA,"",40962,""
FIX50SP2,CA,"",41092,""
FIX50SP2,CA,"",41094,""
FIX50SP2,CA,"",41096,""
FIX50SP2,CA,"",41116,""
FIX50SP2,CA,"",41137,""
FIX50SP2,CA,"",41140,""
FIX50SP2,CA,"",41152,""
FIX50SP2,CA,"",41230,""
FIX50SP2,CA,"",41820,""
FIX50SP2,CA,"",41841,""
FIX50SP2,CA,"",41844,""
FIX50SP2,CA,"",41856,""
FIX50SP2,CA,"",41864,""
FIX50SP2,CA,"",41866,""
FIX50SP2,CA,"",41868,""
FIX50SP2,CA,"",41947,""
FIX50SP2,CA,"",42036,""
FIX50SP2,CA,"42036",41340,""
FIX50SP2,CA,"",42041,""
FIX50SP2,CA,"42041",42039,""
FIX50SP2,CA,"42041",42788,""
FIX50SP2,CA,"",42060,""
FIX50SP2,CA,"42060",42065,""
FIX50SP2,CA,"",42068,""
FIX50SP2,CA,"42068",42077,""
FIX50SP2,CA,"42068 42077",42085,""
FIX50SP2,CA,"42068",42087,""
FIX50SP2,CA,"42068",42090,""
FIX50SP2,CA,"",42149,""
FIX50SP2,CA,"42149",42099,""
FIX50SP2,CA,"42149",42112,""
FIX50SP2,CA,"42149",42173,""
FIX50SP2,CA,"42149 42173",42177,""
FIX50SP2,CA,"42149",42180,""
FIX50SP2,CA,"42149",42182,""
FIX50SP2,CA,"42149",42184,""
FIX50SP2,CA,"42149",42186,""
FIX50SP2,CA,"42149",42188,""
FIX50SP2,CA,"42149",42190,""
FIX50SP2,CA,"",42296,""
FIX50SP2,CA,"",42775,""
FIX50SP2,CA,"",42855,""
FIX50SP2,CA,"",42884,""
FIX50SP2,CA,"",43005,""
FIX50SP2,CA,"",43074,""
FIX50SP2,CB,"",809,""
FIX50SP2,CB,"",1610,""
FIX50SP2,CB,"1610",1618,""
FIX50SP2,CC,"",1499,""
FIX50SP2,CC,"1499",146,""
FIX50SP2,CC,"1499 146",454,""
FIX50SP2,CC,"1499 146",864,""
FIX50SP2,CC,"1499 146",1018,""
FIX50SP2,CC,"1499 146 1018",1052,""
FIX50SP2,CC,"1499 146",1483,""
FIX50SP2,CC,"1499 146 1483",1491,""
FIX50SP2,CC,"1499 146 1483 1491",1494,""
FIX50SP2,CC,"1499 146 1483",40997,""
FIX50SP2,CC,"1499 146 1483 40997",41005,""
FIX50SP2,CC,"1499 146 1483",41010,""
FIX50SP2,CC,"1499 146 1483 41010",40994,""
FIX50SP2,CC,"1499 146 1483 41010",41007,""
FIX50SP2,CC,"1499 146 1483 41010",41031,""
FIX50SP2,CC,"1499 146 1483",41013,""
FIX50SP2,CC,"1499 146 1483",41018,""
FIX50SP2,CC,"1499 146 1483",41029,""
FIX50SP2,CC,"1499 146",1976,""
FIX50SP2,CC,"1499 146",2304,""
FIX50SP2,CC,"1499 146",40019,""
FIX50SP2,CC,"1499 146 40019",40000,""
FIX50SP2,CC,"1499 146",40022,""
FIX50SP2,CC,"1499 146 40022",40277,""
FIX50SP2,CC,"1499 146 40022",42214,""
FIX50SP2,CC,"1499 146",40049,""
FIX50SP2,CC,"1499 146 40049",40085,""
FIX50SP2,CC,"1499 146 40049",40825,""
FIX50SP2,CC,"1499 146 40049",40828,""
FIX50SP2,CC,"1499 146 40049 40828",40868,""
FIX50SP2,CC,"1499 146 40049 40828",40945,""
FIX50SP2,CC,"1499 146 40049 40828",40977,""
FIX50SP2,CC,"1499 146 40049 40828",41161,""
FIX50SP2,CC,"1499 146 40049",40872,""
FIX50SP2,CC,"1499 146 40049 40872",42696,""
FIX50SP2,CC,"1499 146 40049 40872",42705,""
FIX50SP2,CC,"1499 146 40049",40946,""
FIX50SP2,CC,"1499 146 40049",40947,""
FIX50SP2,CC,"1499 146 40049",40948,""
FIX50SP2,CC,"1499 146 40049",40949,""
FIX50SP2,CC,"1499 146 40049",40950,""
FIX50SP2,CC,"1499 146 40049",40958,""
FIX50SP2,CC,"1499 146 40049",40959,""
FIX50SP2,CC,"1499 146 40049",40960,""
FIX50SP2,CC,"1499 146 40049",40961,""
FIX50SP2,CC,"1499 146 40049",41037,""
FIX50SP2,CC,"1499 146 40049 41037",41051,""
FIX50SP2,CC,"1499 146 40049 41037 41051",41054,""
FIX50SP2,CC,"1499 146 40049",41081,""
FIX50SP2,CC,"1499 146 40049",41085,""
FIX50SP2,CC,"1499 146 40049",41192,""
FIX50SP2,CC,"1499 146 40049",41220,""
FIX50SP2,CC,"1499 146 40049",41224,""
FIX50SP2,CC,"1499 146 40049",41227,""
FIX50SP2,CC,"1499 146 40049",41237,""
FIX50SP2,CC,"1499 146 40049",41241,""
FIX50SP2,CC,"1499 146 40049",41249,""
FIX50SP2,CC,"1499 146 40049",41277,""
FIX50SP2,CC,"1499 146 40049",41280,""
FIX50SP2,CC,"1499 146 40049",41289,""
FIX50SP2,CC,"1499 146 40049 41289",41283,""
FIX50SP2,CC,"1499 146 40049 41289 41283",41286,""
FIX50SP2,CC,"1499 146 40049",42236,""
FIX50SP2,CC,"1499 146 40049",42272,""
FIX50SP2,CC,"1499 146 40049",42274,""
FIX50SP2,CC,"1499 146 40049 42274",42294,""
FIX50SP2,CC,"1499 146 40049",42606,""
FIX50SP2,CC,"1499 146 40049",42620,""
FIX50SP2,CC,"1499 146 40049",42660,""
FIX50SP2,CC,"1499 146 40049",42683,""
FIX50SP2,CC,"1499 146 40049",42735,""
FIX50SP2,CC,"1499 146 40049 42735",42709,""
FIX50SP2,CC,"1499 146 40049 42735 42709",42770,""
FIX50SP2,CC,"1499 146 40049 42735 42709",42772,""
FIX50SP2,CC,"1499 146 40049 42735",42731,""
FIX50SP2,CC,"1499 146 40049 42735",42761,""
FIX50SP2,CC,"1499 146 40049 42735",42765,""
FIX50SP2,CC,"1499 146",40090,""
FIX50SP2,CC,"1499 146 40090",40142,""
FIX50SP2,CC,"1499 146 40090",40171,""
FIX50SP2,CC,"1499 146 40090",40174,""
FIX50SP2,CC,"1499 146 40090 40174",40178,""
FIX50SP2,CC,"1499 146 40090",40952,""
FIX50SP2,CC,"1499 146 40090",40953,""
FIX50SP2,CC,"1499 146 40090",40954,""
FIX50SP2,CC,"1499 146 40090",40955,""
FIX50SP2,CC,"1499 146 40090",40956,""
FIX50SP2,CC,"1499 146 40090",40957,""
FIX50SP2,CC,"1499 146",40181,""
FIX50SP2,CC,"1499 146 40181",40191,""
FIX50SP2,CC,"1499 146 40181 40191",40199,""
FIX50SP2,CC,"1499 146 40181",40201,""
FIX50SP2,CC,"1499 146 40181",40951,""
FIX50SP2,CC,"1499 146",40204,""
FIX50SP2,CC,"1499 146 40204",40209,""
FIX50SP2,CC,"1499 146",40278,""
FIX50SP2,CC,"1499 146",41092,""
FIX50SP2,CC,"1499 146",41094,""
FIX50SP2,CC,"1499 146",41096,""
FIX50SP2,CC,"1499 146",41116,""
FIX50SP2,CC,"1499 146",41137,""
FIX50SP2,CC,"1499 146",41140,""
FIX50SP2,CC,"1499 146",41152,""
FIX50SP2,CC,"1499 146",41230,""
FIX50SP2,CC,"1499 146",42296,""
FIX50SP2,CC,"1499 146",42775,""
FIX50SP2,CC,"1499",453,""
FIX50SP2,CC,"1499 453",802,""
FIX50SP2,CD,"",1499,""
FIX50SP2,CD,"1499",146,""
FIX50SP2,CD,"1499 146",454,""
FIX50SP2,CD,"1499 146",864,""
FIX50SP2,CD,"1499 146",1018,""
FIX50SP2,CD,"1499 146 1018",1052,""
FIX50SP2,CD,"1499 146",1483,""
FIX50SP2,CD,"1499 146 1483",1491,""
FIX50SP2,CD,"1499 146 1483 1491",1494,""
FIX50SP2,CD,"1499 146 1483",40997,""
FIX50SP2,CD,"1499 146 1483 40997",41005,""
FIX50SP2,CD,"1499 146 1483",41010,""
FIX50SP2,CD,"1499 146 1483 41010",40994,""
FIX50SP2,CD,"1499 146 1483 41010",41007,""
FIX50SP2,CD,"1499 146 1483 41010",41031,""
FIX50SP2,CD,"1499 146 1483",41013,""
FIX50SP2,CD,"1499 146 1483",41018,""
FIX50SP2,CD,"1499 146 1483",41029,""
FIX50SP2,CD,"1499 146",1976,""
FIX50SP2,CD,"1499 146",2304,""
FIX50SP2,CD,"1499 146",40019,""
FIX50SP2,CD,"1499 146 40019",40000,""
FIX50SP2,CD,"1499 146",40022,""
FIX50SP2,CD,"1499 146 40022",40277,""
FIX50SP2,CD,"1499 146 40022",42214,""
FIX50SP2,CD,"1499 146",40049,""
FIX50SP2,CD,"1499 146 40049",40085,""
FIX50SP2,CD,"1499 146 40049",40825,""
FIX50SP2,CD,"1499 146 40049",40828,""
FIX50SP2,CD,"1499 146 40049 40828",40868,""
FIX50SP2,CD,"1499 146 40049 40828",40945,""
FIX50SP2,CD,"1499 146 40049 40828",40977,""
FIX50SP2,CD,"1499 146 40049 40828",41161,""
FIX50SP2,CD,"1499 146 40049",40872,""
FIX50SP2,CD,"1499 146 40049 40872",42696,""
FIX50SP2,CD,"1499 146 40049 40872",42705,""
FIX50SP2,CD,"1499 146 40049",40946,""
FIX50SP2,CD,"1499 146 40049",40947,""
FIX50SP2,CD,"1499 146 40049",40948,""
FIX50SP2,CD,"1499 146 40049",40949,""
FIX50SP2,CD,"1499 146 40049",40950,""
FIX50SP2,CD,"1499 146 40049",40958,""
FIX50SP2,CD,"1499 146 40049",40959,""
FIX50SP2,CD,"1499 146 40049",40960,""
FIX50SP2,CD,"1499 146 40049",40961,""
FIX50SP2,CD,"1499 146 40049",41037,""
FIX50SP2,CD,"1499 146 40049 41037",41051,""
FIX50SP2,CD,"1499 146 40049 41037 41051",41054,""
FIX50SP2,CD,"1499 146 40049",41081,""
FIX50SP2,CD,"1499 146 40049",41085,""
FIX50SP2,CD,"1499 146 40049",41192,""
FIX50SP2,CD,"1499 146 40049",41220,""
FIX50SP2,CD,"1499 146 40049",41224,""
FIX50SP2,CD,"1499 146 40049",41227,""
FIX50SP2,CD,"1499 146 40049",41237,""
FIX50SP2,CD,"1499 146 40049",41241,""
FIX50SP2,CD,"1499 146 40049",41249,""
FIX50SP2,CD,"1499 146 40049",41277,""
FIX50SP2,CD,"1499 146 40049",41280,""
FIX50SP2,CD,"1499 146 40049",41289,""
FIX50SP2,CD,"1499 146 40049 41289",41283,""
FIX50SP2,CD,"1499 146 40049 41289 41283",41286,""
FIX50SP2,CD,"1499 146 40049",42236,""
FIX50SP2,CD,"1499 146 40049",42272,""
FIX50SP2,CD,"1499 146 40049",42274,""
FIX50SP2,CD,"1499 146 40049 42274",42294,""
FIX50SP2,CD,"1499 146 40049",42606,""
FIX50SP2,CD,"1499 146 40049",42620,""
FIX50SP2,CD,"1499 146 40049",42660,""
FIX50SP2,CD,"1499 146 40049",42683,""
FIX50SP2,CD,"1499 146 40049",42735,""
FIX50SP2,CD,"1499 146 40049 42735",42709,""
FIX50SP2,CD,"1499 146 40049 42735 42709",42770,""
FIX50SP2,CD,"1499 146 40049 42735 42709",42772,""
FIX50SP2,CD,"1499 146 40049 42735",42731,""
FIX50SP2,CD,"1499 146 40049 42735",42761,""
FIX50SP2,CD,"1499 146 40049 42735",42765,""
FIX50SP2,CD,"1499 146",40090,""
FIX50SP2,CD,"1499 146 40090",40142,""
FIX50SP2,CD,"1499 146 40090",40171,""
FIX50SP2,CD,"1499 146 40090",40174,""
FIX50SP2,CD,"1499 146 40090 40174",40178,""
FIX50SP2,CD,"1499 146 40090",40952,""
FIX50SP2,CD,"1499 146 40090",40953,""
FIX50SP2,CD,"1499 146 40090",40954,""
FIX50SP2,CD,"1499 146 40090",40955,""
FIX50SP2,CD,"1499 146 40090",40956,""
FIX50SP2,CD,"1499 146 40090",40957,""
FIX50SP2,CD,"1499 146",40181,""
FIX50SP2,CD,"1499 146 40181",40191,""
FIX50SP2,CD,"1499 146 40181 40191",40199,""
FIX50SP2,CD,"1499 146 40181",40201,""
FIX50SP2,CD,"1499 146 40181",40951,""
FIX50SP2,CD,"1499 146",40204,""
FIX50SP2,CD,"1499 146 40204",40209,""
FIX50SP2,CD,"1499 146",40278,""
FIX50SP2,CD,"1499 146",41092,""
FIX50SP2,CD,"1499 146",41094,""
FIX50SP2,CD,"1499 146",41096,""
FIX50SP2,CD,"1499 146",41116,""
FIX50SP2,CD,"1499 146",41137,""
FIX50SP2,CD,"1499 146",41140,""
FIX50SP2,CD,"1499 146",41152,""
FIX50SP2,CD,"1499 146",41230,""
FIX50SP2,CD,"1499 146",42296,""
FIX50SP2,CD,"1499 146",42775,""
FIX50SP2,CD,"1499",453,""
FIX50SP2,CD,"1499 453",802,""
FIX50SP2,CF,"",453,""
FIX50SP2,CF,"453",802,""
FIX50SP2,CF,"",1508,""
FIX50SP2,CF,"",1514,""
FIX50SP2,CF,"",1657,""
FIX50SP2,CF,"1657",1661,""
FIX50SP2,CG,"",1671,""
FIX50SP2,CG,"1671",1516,""
FIX50SP2,CG,"1671 1516",1519,""
FIX50SP2,CG,"1671",1562,""
FIX50SP2,CG,"1671 1562",1514,""
FIX50SP2,CG,"1671 1562",1566,""
FIX50SP2,CG,"1671 1562",1569,""
FIX50SP2,CG,"1671 1562 1569",1572,""
FIX50SP2,CG,"1671",1694,""
FIX50SP2,CH,"",453,""
FIX50SP2,CH,"453",802,""
FIX50SP2,CH,"",454,""
FIX50SP2,CH,"",864,""
FIX50SP2,CH,"",1018,""
FIX50SP2,CH,"1018",1052,""
FIX50SP2,CH,"",1483,""
FIX50SP2,CH,"1483",1491,""
FIX50SP2,CH,"1483 1491",1494,""
FIX50SP2,CH,"1483",40997,""
FIX50SP2,CH,"1483 40997",41005,""
FIX50SP2,CH,"1483",41010,""
FIX50SP2,CH,"1483 41010",40994,""
FIX50SP2,CH,"1483 41010",41007,""
FIX50SP2,CH,"1483 41010",41031,""
FIX50SP2,CH,"1483",41013,""
FIX50SP2,CH,"1483",41018,""
FIX50SP2,CH,"1483",41029,""
FIX50SP2,CH,"",1636,""
FIX50SP2,CH,"",1976,""
FIX50SP2,CH,"",2304,""
FIX50SP2,CH,"",40019,""
FIX50SP2,CH,"40019",40000,""
FIX50SP2,CH,"",40022,""
FIX50SP2,CH,"40022",40277,""
FIX50SP2,CH,"40022",42214,""
FIX50SP2,CH,"",40049,""
FIX50SP2,CH,"40049",40085,""
FIX50SP2,CH,"40049",40825,""
FIX50SP2,CH,"40049",40828,""
FIX50SP2,CH,"40049 40828",40868,""
FIX50SP2,CH,"40049 40828",40945,""
FIX50SP2,CH,"40049 40828",40977,""
FIX50SP2,CH,"40049 40828",41161,""
FIX50SP2,CH,"40049",40872,""
FIX50SP2,CH,"40049 40872",42696,""
FIX50SP2,CH,"40049 40872",42705,""
FIX50SP2,CH,"40049",40946,""
FIX50SP2,CH,"40049",40947,""
FIX50SP2,CH,"40049",40948,""
FIX50SP2,CH,"40049",40949,""
FIX50SP2,CH,"40049",40950,""
FIX50SP2,CH,"40049",40958,""
FIX50SP2,CH,"40049",40959,""
FIX50SP2,CH,"40049",40960,""
FIX50SP2,CH,"40049",40961,""
FIX50SP2,CH,"40049",41037,""
FIX50SP2,CH,"40049 41037",41051,""
FIX50SP2,CH,"40049 41037 41051",41054,""
FIX50SP2,CH,"40049",41081,""
FIX50SP2,CH,"40049",41085,""
FIX50SP2,CH,"40049",41192,""
FIX50SP2,CH,"40049",41220,""
FIX50SP2,CH,"40049",41224,""
FIX50SP2,CH,"40049",41227,""
FIX50SP2,CH,"40049",41237,""
FIX50SP2,CH,"40049",41241,""
FIX50SP2,CH,"40049",41249,""
FIX50SP2,CH,"40049",41277,""
FIX50SP2,CH,"40049",41280,""
FIX50SP2,CH,"40049",41289,""
FIX50SP2,CH,"40049 41289",41283,""
FIX50SP2,CH,"40049 41289 41283",41286,""
FIX50SP2,CH,"40049",42236,""
FIX50SP2,CH,"40049",42272,""
FIX50SP2,CH,"40049",42274,""
FIX50SP2,CH,"40049 42274",42294,""
FIX50SP2,CH,"40049",42606,""
FIX50SP2,CH,"40049",42620,""
FIX50SP2,CH,"40049",42660,""
FIX50SP2,CH,"40049",42683,""
FIX50SP2,CH,"40049",42735,""
FIX50SP2,CH,"40049 42735",42709,""
FIX50SP2,CH,"40049 42735 42709",42770,""
FIX50SP2,CH,"40049 42735 42709",42772,""
FIX50SP2,CH,"40049 42735",42731,""
FIX50SP2,CH,"40049 42735",42761,""
FIX50SP2,CH,"40049 42735",42765,""
FIX50SP2,CH,"",40090,""
FIX50SP2,CH,"40090",40142,""
FIX50SP2,CH,"40090",40171,""
FIX50SP2,CH,"40090",40174,""
FIX50SP2,CH,"40090 40174",40178,""
FIX50SP2,CH,"40090",40952,""
FIX50SP2,CH,"40090",40953,""
FIX50SP2,CH,"40090",40954,""
FIX50SP2,CH,"40090",40955,""
FIX50SP2,CH,"40090",40956,""
FIX50SP2,CH,"40090",40957,""
FIX50SP2,CH,"",40181,""
FIX50SP2,CH,"40181",40191,""
FIX50SP2,CH,"40181 40191",40199,""
FIX50SP2,CH,"40181",40201,""
FIX50SP2,CH,"40181",40951,""
FIX50SP2,CH,"",40204,""
FIX50SP2,CH,"40204",40209,""
FIX50SP2,CH,"",40278,""
FIX50SP2,CH,"",41092,""
FIX50SP2,CH,"",41094,""
FIX50SP2,CH,"",41096,""
FIX50SP2,CH,"",41116,""
FIX50SP2,CH,"",41137,""
FIX50SP2,CH,"",41140,""
FIX50SP2,CH,"",41152,""
FIX50SP2,CH,"",41230,""
FIX50SP2,CH,"",42296,""
FIX50SP2,CH,"",42775,""
FIX50SP2,CI,"",453,""
FIX50SP2,CI,"453",802,""
FIX50SP2,CI,"",454,""
FIX50SP2,CI,"",864,""
FIX50SP2,CI,"",1018,""
FIX50SP2,CI,"1018",1052,""
FIX50SP2,CI,"",1483,""
FIX50SP2,CI,"1483",1491,""
FIX50SP2,CI,"1483 1491",1494,""
FIX50SP2,CI,"1483",40997,""
FIX50SP2,CI,"1483 40997",41005,""
FIX50SP2,CI,"1483",41010,""
FIX50SP2,CI,"1483 41010",40994,""
FIX50SP2,CI,"1483 41010",41007,""
FIX50SP2,CI,"1483 41010",41031,""
FIX50SP2,CI,"1483",41013,""
FIX50SP2,CI,"1483",41018,""
FIX50SP2,CI,"1483",41029,""
FIX50SP2,CI,"",1636,""
FIX50SP2,CI,"",1976,""
FIX50SP2,CI,"",2304,""
FIX50SP2,CI,"",40019,""
FIX50SP2,CI,"40019",40000,""
FIX50SP2,CI,"",40022,""
FIX50SP2,CI,"40022",40277,""
FIX50SP2,CI,"40022",42214,""
FIX50SP2,CI,"",40049,""
FIX50SP2,CI,"40049",40085,""
FIX50SP2,CI,"40049",40825,""
FIX50SP2,CI,"40049",40828,""
FIX50SP2,CI,"40049 40828",40868,""
FIX50SP2,CI,"40049 40828",40945,""
FIX50SP2,CI,"40049 40828",40977,""
FIX50SP2,CI,"40049 40828",41161,""
FIX50SP2,CI,"40049",40872,""
FIX50SP2,CI,"40049 40872",42696,""
FIX50SP2,CI,"40049 40872",42705,""
FIX50SP2,CI,"40049",40946,""
FIX50SP2,CI,"40049",40947,""
FIX50SP2,CI,"40049",40948,""
FIX50SP2,CI,"40049",40949,""
FIX50SP2,CI,"40049",40950,""
FIX50SP2,CI,"40049",40958,""
FIX50SP2,CI,"40049",40959,""
FIX50SP2,CI,"40049",40960,""
FIX50SP2,CI,"40049",40961,""
FIX50SP2,CI,"40049",41037,""
FIX50SP2,CI,"40049 41037",41051,""
FIX50SP2,CI,"40049 41037 41051",41054,""
FIX50SP2,CI,"40049",41081,""
FIX50SP2,CI,"40049",41085,""
FIX50SP2,CI,"40049",41192,""
FIX50SP2,CI,"40049",41220,""
FIX50SP2,CI,"40049",41224,""
FIX50SP2,CI,"40049",41227,""
FIX50SP2,CI,"40049",41237,""
FIX50SP2,CI,"40049",41241,""
FIX50SP2,CI,"40049",41249,""
FIX50SP2,CI,"40049",41277,""
FIX50SP2,CI,"40049",41280,""
FIX50SP2,CI,"40049",41289,""
FIX50SP2,CI,"40049 41289",41283,""
FIX50SP2,CI,"40049 41289 41283",41286,""
FIX50SP2,CI,"40049",42236,""
FIX50SP2,CI,"40049",42272,""
FIX50SP2,CI,"40049",42274,""
FIX50SP2,CI,"40049 42274",42294,""
FIX50SP2,CI,"40049",42606,""
FIX50SP2,CI,"40049",42620,""
FIX50SP2,CI,"40049",42660,""
FIX50SP2,CI,"40049",42683,""
FIX50SP2,CI,"40049",42735,""
FIX50SP2,CI,"40049 42735",42709,""
FIX50SP2,CI,"40049 42735 42709",42770,""
FIX50SP2,CI,"40049 42735 42709",42772,""
FIX50SP2,CI,"40049 42735",42731,""
FIX50SP2,CI,"40049 42735",42761,""
FIX50SP2,CI,"40049 42735",42765,""
FIX50SP2,CI,"",40090,""
FIX50SP2,CI,"40090",40142,""
FIX50SP2,CI,"40090",40171,""
FIX50SP2,CI,"40090",40174,""
FIX50SP2,CI,"40090 40174",40178,""
FIX50SP2,CI,"40090",40952,""
FIX50SP2,CI,"40090",40953,""
FIX50SP2,CI,"40090",40954,""
FIX50SP2,CI,"40090",40955,""
FIX50SP2,CI,"40090",40956,""
FIX50SP2,CI,"40090",40957,""
FIX50SP2,CI,"",40181,""
FIX50SP2,CI,"40181",40191,""
FIX50SP2,CI,"40181 40191",40199,""
FIX50SP2,CI,"40181",40201,""
FIX50SP2,CI,"40181",40951,""
FIX50SP2,CI,"",40204,""
FIX50SP2,CI,"40204",40209,""
FIX50SP2,CI,"",40278,""
FIX50SP2,CI,"",41092,""
FIX50SP2,CI,"",41094,""
FIX50SP2,CI,"",41096,""
FIX50SP2,CI,"",41116,""
FIX50SP2,CI,"",41137,""
FIX50SP2,CI,"",41140,""
FIX50SP2,CI,"",41152,""
FIX50SP2,CI,"",41230,""
FIX50SP2,CI,"",42296,""
FIX50SP2,CI,"",42775,""
FIX50SP2,CJ,"",453,""
FIX50SP2,CJ,"453",802,""
FIX50SP2,CJ,"",454,""
FIX50SP2,CJ,"",768,""
FIX50SP2,CJ,"",864,""
FIX50SP2,CJ,"",1018,""
FIX50SP2,CJ,"1018",1052,""
FIX50SP2,CJ,"",1483,""
FIX50SP2,CJ,"1483",1491,""
FIX50SP2,CJ,"1483 1491",1494,""
FIX50SP2,CJ,"1483",40997,""
FIX50SP2,CJ,"1483 40997",41005,""
FIX50SP2,CJ,"1483",41010,""
FIX50SP2,CJ,"1483 41010",40994,""
FIX50SP2,CJ,"1483 41010",41007,""
FIX50SP2,CJ,"1483 41010",41031,""
FIX50SP2,CJ,"1483",41013,""
FIX50SP2,CJ,"1483",41018,""
FIX50SP2,CJ,"1483",41029,""
FIX50SP2,CJ,"",1643,""
FIX50SP2,CJ,"",1976,""
FIX50SP2,CJ,"",2304,""
FIX50SP2,CJ,"",40019,""
FIX50SP2,CJ,"40019",40000,""
FIX50SP2,CJ,"",40022,""
FIX50SP2,CJ,"40022",40277,""
FIX50SP2,CJ,"40022",42214,""
FIX50SP2,CJ,"",40049,""
FIX50SP2,CJ,"40049",40085,""
FIX50SP2,CJ,"40049",40825,""
FIX50SP2,CJ,"40049",40828,""
FIX50SP2,CJ,"40049 40828",40868,""
FIX50SP2,CJ,"40049 40828",40945,""
FIX50SP2,CJ,"40049 40828",40977,""
FIX50SP2,CJ,"40049 40828",41161,""
FIX50SP2,CJ,"40049",40872,""
FIX50SP2,CJ,"40049 40872",42696,""
FIX50SP2,CJ,"40049 40872",42705,""
FIX50SP2,CJ,"40049",40946,""
FIX50SP2,CJ,"40049",40947,""
FIX50SP2,CJ,"40049",40948,""
FIX50SP2,CJ,"40049",40949,""
FIX50SP2,CJ,"40049",40950,""
FIX50SP2,CJ,"40049",40958,""
FIX50SP2,CJ,"40049",40959,""
FIX50SP2,CJ,"40049",40960,""
FIX50SP2,CJ,"40049",40961,""
FIX50SP2,CJ,"40049",41037,""
FIX50SP2,CJ,"40049 41037",41051,""
FIX50SP2,CJ,"40049 41037 41051",41054,""
FIX50SP2,CJ,"40049",41081,""
FIX50SP2,CJ,"40049",41085,""
FIX50SP2,CJ,"40049",41192,""
FIX50SP2,CJ,"40049",41220,""
FIX50SP2,CJ,"40049",41224,""
FIX50SP2,CJ,"40049",41227,""
FIX50SP2,CJ,"40049",41237,""
FIX50SP2,CJ,"40049",41241,""
FIX50SP2,CJ,"40049",41249,""
FIX50SP2,CJ,"40049",41277,""
FIX50SP2,CJ,"40049",41280,""
FIX50SP2,CJ,"40049",41289,""
FIX50SP2,CJ,"40049 41289",41283,""
FIX50SP2,CJ,"40049 41289 41283",41286,""
FIX50SP2,CJ,"40049",42236,""
FIX50SP2,CJ,"40049",42272,""
FIX50SP2,CJ,"40049",42274,""
FIX50SP2,CJ,"40049 42274",42294,""
FIX50SP2,CJ,"40049",42606,""
FIX50SP2,CJ,"40049",42620,""
FIX50SP2,CJ,"40049",42660,""
FIX50SP2,CJ,"40049",42683,""
FIX50SP2,CJ,"40049",42735,""
FIX50SP2,CJ,"40049 42735",42709,""
FIX50SP2,CJ,"40049 42735 42709",42770,""
FIX50SP2,CJ,"40049 42735 42709",42772,""
FIX50SP2,CJ,"40049 42735",42731,""
FIX50SP2,CJ,"40049 42735",42761,""
FIX50SP2,CJ,"40049 42735",42765,""
FIX50SP2,CJ,"",40090,""
FIX50SP2,CJ,"40090",40142,""
FIX50SP2,CJ,"40090",40171,""
FIX50SP2,CJ,"40090",40174,""
FIX50SP2,CJ,"40090 40174",40178,""
FIX50SP2,CJ,"40090",40952,""
FIX50SP2,CJ,"40090",40953,""
FIX50SP2,CJ,"40090",40954,""
FIX50SP2,CJ,"40090",40955,""
FIX50SP2,CJ,"40090",40956,""
FIX50SP2,CJ,"40090",40957,""
FIX50SP2,CJ,"",40181,""
FIX50SP2,CJ,"40181",40191,""
FIX50SP2,CJ,"40181 40191",40199,""
FIX50SP2,CJ,"40181",40201,""
FIX50SP2,CJ,"40181",40951,""
FIX50SP2,CJ,"",40204,""
FIX50SP2,CJ,"40204",40209,""
FIX50SP2,CJ,"",40278,""
FIX50SP2,CJ,"",41092,""
FIX50SP2,CJ,"",41094,""
FIX50SP2,CJ,"",41096,""
FIX50SP2,CJ,"",41116,""
FIX50SP2,CJ,"",41137,""
FIX50SP2,CJ,"",41140,""
FIX50SP2,CJ,"",41152,""
FIX50SP2,CJ,"",41230,""
FIX50SP2,CJ,"",42296,""
FIX50SP2,CJ,"",42775,""
FIX50SP2,CK,"",1657,""
FIX50SP2,CK,"1657",1661,""
FIX50SP2,CK,"",1676,""
FIX50SP2,CK,"1676",1671,""
FIX50SP2,CK,"1676 1671",1516,""
FIX50SP2,CK,"1676 1671 1516",1519,""
FIX50SP2,CK,"1676 1671",1562,""
FIX50SP2,CK,"1676 1671 1562",1514,""
FIX50SP2,CK,"1676 1671 1562",1566,""
FIX50SP2,CK,"1676 1671 1562",1569,""
FIX50SP2,CK,"1676 1671 1562 1569",1572,""
FIX50SP2,CK,"1676 1671",1694,""
FIX50SP2,CL,"",453,""
FIX50SP2,CL,"453",802,""
FIX50SP2,CL,"",1508,""
FIX50SP2,CL,"",1534,""
FIX50SP2,CL,"1534",1540,""
FIX50SP2,CL,"",1657,""
FIX50SP2,CL,"1657",1661,""
FIX50SP2,CL,"",1668,""
FIX50SP2,CM,"",1677,""
FIX50SP2,CM,"1677",1669,""
FIX50SP2,CM,"1677 1669",1529,""
FIX50SP2,CM,"1677 1669 1529",1559,""
FIX50SP2,CM,"1677 1669",1534,""
FIX50SP2,CM,"1677 1669 1534",1540,""
FIX50SP2,CM,"1677",1671,""
FIX50SP2,CM,"1677 1671",1516,""
FIX50SP2,CM,"1677 1671 1516",1519,""
FIX50SP2,CM,"1677 1671",1562,""
FIX50SP2,CM,"1677 1671 1562",1514,""
FIX50SP2,CM,"1677 1671 1562",1566,""
FIX50SP2,CM,"1677 1671 1562",1569,""
FIX50SP2,CM,"1677 1671 1562 1569",1572,""
FIX50SP2,CM,"1677 1671",1694,""
FIX50SP2,CN,"",1540,""
FIX50SP2,CO,"",146,""
FIX50SP2,CO,"146",454,""
FIX50SP2,CO,"146",555,""
FIX50SP2,CO,"146 555",604,""
FIX50SP2,CO,"146 555",2059,""
FIX50SP2,CO,"146 555",2076,""
FIX50SP2,CO,"146 555",2218,""
FIX50SP2,CO,"146 555 2218",2250,""
FIX50SP2,CO,"146 555 2218 2250",2253,""
FIX50SP2,CO,"146 555 2218",41366,""
FIX50SP2,CO,"146 555 2218 41366",41374,""
FIX50SP2,CO,"146 555 2218",41379,""
FIX50SP2,CO,"146 555 2218 41379",41363,""
FIX50SP2,CO,"146 555 2218 41379",41376,""
FIX50SP2,CO,"146 555 2218 41379",41400,""
FIX50SP2,CO,"146 555 2218",41382,""
FIX50SP2,CO,"146 555 2218",41387,""
FIX50SP2,CO,"146 555 2218",41398,""
FIX50SP2,CO,"146 555",2254,""
FIX50SP2,CO,"146 555 2254",2258,""
FIX50SP2,CO,"146 555",2308,""
FIX50SP2,CO,"146 555",40241,""
FIX50SP2,CO,"146 555 40241",40367,""
FIX50SP2,CO,"146 555 40241",40374,""
FIX50SP2,CO,"146 555 40241 40374",40414,""
FIX50SP2,CO,"146 555 40241 40374",40927,""
FIX50SP2,CO,"146 555 40241 40374",40928,""
FIX50SP2,CO,"146 555 40241 40374",41530,""
FIX50SP2,CO,"146 555 40241",40418,""
FIX50SP2,CO,"146 555 40241 40418",42495,""
FIX50SP2,CO,"146 555 40241 40418",42504,""
FIX50SP2,CO,"146 555 40241",40902,""
FIX50SP2,CO,"146 555 40241",40929,""
FIX50SP2,CO,"146 555 40241",40930,""
FIX50SP2,CO,"146 555 40241",40931,""
FIX50SP2,CO,"146 555 40241",40932,""
FIX50SP2,CO,"146 555 40241",40933,""
FIX50SP2,CO,"146 555 40241",40940,""
FIX50SP2,CO,"146 555 40241",40941,""
FIX50SP2,CO,"146 555 40241",40942,""
FIX50SP2,CO,"146 555 40241",40943,""
FIX50SP2,CO,"146 555 40241",41408,""
FIX50SP2,CO,"146 555 40241 41408",41422,""
FIX50SP2,CO,"146 555 40241 41408 41422",41425,""
FIX50SP2,CO,"146 555 40241",41452,""
FIX50SP2,CO,"146 555 40241",41456,""
FIX50SP2,CO,"146 555 40241",41460,""
FIX50SP2,CO,"146 555 40241",41561,""
FIX50SP2,CO,"146 555 40241",41589,""
FIX50SP2,CO,"146 555 40241",41593,""
FIX50SP2,CO,"146 555 40241",41596,""
FIX50SP2,CO,"146 555 40241",41638,""
FIX50SP2,CO,"146 555 40241",41646,""
FIX50SP2,CO,"146 555 40241",41674,""
FIX50SP2,CO,"146 555 40241",41677,""
FIX50SP2,CO,"146 555 40241",41686,""
FIX50SP2,CO,"146 555 40241 41686",41680,""
FIX50SP2,CO,"146 555 40241 41686 41680",41683,""
FIX50SP2,CO,"146 555 40241",42310,""
FIX50SP2,CO,"146 555 40241",42364,""
FIX50SP2,CO,"146 555 40241",42366,""
FIX50SP2,CO,"146 555 40241 42366",42386,""
FIX50SP2,CO,"146 555 40241",42405,""
FIX50SP2,CO,"146 555 40241",42419,""
FIX50SP2,CO,"146 555 40241",42459,""
FIX50SP2,CO,"146 555 40241",42485,""
FIX50SP2,CO,"146 555 40241",42534,""
FIX50SP2,CO,"146 555 40241 42534",42508,""
FIX50SP2,CO,"146 555 40241 42534 42508",42569,""
FIX50SP2,CO,"146 555 40241 42534 42508",42571,""
FIX50SP2,CO,"146 555 40241 42534",42530,""
FIX50SP2,CO,"146 555 40241 42534",42560,""
FIX50SP2,CO,"146 555 40241 42534",42564,""
FIX50SP2,CO,"146 555",40448,""
FIX50SP2,CO,"146 555 40448",40473,""
FIX50SP2,CO,"146 555 40448",40495,""
FIX50SP2,CO,"146 555 40448",40533,""
FIX50SP2,CO,"146 555 40448 40533",40537,""
FIX50SP2,CO,"146 555 40448",40934,""
FIX50SP2,CO,"146 555 40448",40935,""
FIX50SP2,CO,"146 555 40448",40936,""
FIX50SP2,CO,"146 555 40448",40937,""
FIX50SP2,CO,"146 555 40448",40938,""
FIX50SP2,CO,"146 555 40448",40939,""
FIX50SP2,CO,"146 555",40923,""
FIX50SP2,CO,"146 555",41335,""
FIX50SP2,CO,"146 555 41335",41316,""
FIX50SP2,CO,"146 555",41344,""
FIX50SP2,CO,"146 555 41344",41342,""
FIX50SP2,CO,"146 555 41344",42306,""
FIX50SP2,CO,"146 555",41467,""
FIX50SP2,CO,"146 555",41469,""
FIX50SP2,CO,"146 555",41471,""
FIX50SP2,CO,"146 555",41491,""
FIX50SP2,CO,"146 555",41512,""
FIX50SP2,CO,"146 555",41515,""
FIX50SP2,CO,"146 555",41527,""
FIX50SP2,CO,"146 555",41599,""
FIX50SP2,CO,"146 555 41599",41604,""
FIX50SP2,CO,"146 555",41607,""
FIX50SP2,CO,"146 555",41616,""
FIX50SP2,CO,"146 555 41616",41614,""
FIX50SP2,CO,"146 555 41616",41625,""
FIX50SP2,CO,"146 555 41616 41625",41633,""
FIX50SP2,CO,"146 555 41616",41635,""
FIX50SP2,CO,"146 555",42198,""
FIX50SP2,CO,"146 555",42200,""
FIX50SP2,CO,"146 555",42203,""
FIX50SP2,CO,"146 555",42388,""
FIX50SP2,CO,"146 555",42581,""
FIX50SP2,CO,"146",711,""
FIX50SP2,CO,"146 711",457,""
FIX50SP2,CO,"146 711",887,""
FIX50SP2,CO,"146 711",1058,""
FIX50SP2,CO,"146 711 1058",1062,""
FIX50SP2,CO,"146 711",1981,""
FIX50SP2,CO,"146 711",2045,""
FIX50SP2,CO,"146 711 2045",2053,""
FIX50SP2,CO,"146 711 2045 2053",2056,""
FIX50SP2,CO,"146 711 2045",41716,""
FIX50SP2,CO,"146 711 2045 41716",41724,""
FIX50SP2,CO,"146 711 2045",41729,""
FIX50SP2,CO,"146 711 2045 41729",41713,""
FIX50SP2,CO,"146 711 2045 41729",41726,""
FIX50SP2,CO,"146 711 2045 41729",41750,""
FIX50SP2,CO,"146 711 2045",41732,""
FIX50SP2,CO,"146 711 2045",41737,""
FIX50SP2,CO,"146 711 2045",41748,""
FIX50SP2,CO,"146 711",2080,""
FIX50SP2,CO,"146 711",2312,""
FIX50SP2,CO,"146 711",40540,""
FIX50SP2,CO,"146 711 40540",40656,""
FIX50SP2,CO,"146 711 40540",40659,""
FIX50SP2,CO,"146 711 40540",40664,""
FIX50SP2,CO,"146 711 40540 40664",40704,""
FIX50SP2,CO,"146 711 40540 40664",40966,""
FIX50SP2,CO,"146 711 40540 40664",40967,""
FIX50SP2,CO,"146 711 40540 40664",41878,""
FIX50SP2,CO,"146 711 40540",40708,""
FIX50SP2,CO,"146 711 40540 40708",42991,""
FIX50SP2,CO,"146 711 40540 40708",43000,""
FIX50SP2,CO,"146 711 40540",40968,""
FIX50SP2,CO,"146 711 40540",40969,""
FIX50SP2,CO,"146 711 40540",40970,""
FIX50SP2,CO,"146 711 40540",40971,""
FIX50SP2,CO,"146 711 40540",40972,""
FIX50SP2,CO,"146 711 40540",40973,""
FIX50SP2,CO,"146 711 40540",40974,""
FIX50SP2,CO,"146 711 40540",40975,""
FIX50SP2,CO,"146 711 40540",40976,""
FIX50SP2,CO,"146 711 40540",41756,""
FIX50SP2,CO,"146 711 40540 41756",41770,""
FIX50SP2,CO,"146 711 40540 41756 41770",41773,""
FIX50SP2,CO,"146 711 40540",41800,""
FIX50SP2,CO,"146 711 40540",41804,""
FIX50SP2,CO,"146 711 40540",41808,""
FIX50SP2,CO,"146 711 40540",41909,""
FIX50SP2,CO,"146 711 40540",41937,""
FIX50SP2,CO,"146 711 40540",41941,""
FIX50SP2,CO,"146 711 40540",41944,""
FIX50SP2,CO,"146 711 40540",41954,""
FIX50SP2,CO,"146 711 40540",41962,""
FIX50SP2,CO,"146 711 40540",41990,""
FIX50SP2,CO,"146 711 40540",41993,""
FIX50SP2,CO,"146 711 40540",42002,""
FIX50SP2,CO,"146 711 40540 42002",41996,""
FIX50SP2,CO,"146 711 40540 42002 41996",41999,""
FIX50SP2,CO,"146 711 40540",42799,""
FIX50SP2,CO,"146 711 40540",42853,""
FIX50SP2,CO,"146 711 40540",42862,""
FIX50SP2,CO,"146 711 40540 42862",42882,""
FIX50SP2,CO,"146 711 40540",42901,""
FIX50SP2,CO,"146 711 40540",42915,""
FIX50SP2,CO,"146 711 40540",42955,""
FIX50SP2,CO,"146 711 40540",42981,""
FIX50SP2,CO,"146 711 40540",43034,""
FIX50SP2,CO,"146 711 40540 43034",43008,""
FIX50SP2,CO,"146 711 40540 43034 43008",43069,""
FIX50SP2,CO,"146 711 40540 43034 43008",43071,""
FIX50SP2,CO,"146 711 40540 43034",43030,""
FIX50SP2,CO,"146 711 40540 43034",43060,""
FIX50SP2,CO,"146 711 40540 43034",43064,""
FIX50SP2,CO,"146 711",40962,""
FIX50SP2,CO,"146 711",41820,""
FIX50SP2,CO,"146 711",41841,""
FIX50SP2,CO,"146 711",41844,""
FIX50SP2,CO,"146 711",41856,""
FIX50SP2,CO,"146 711",41864,""
FIX50SP2,CO,"146 711",41866,""
FIX50SP2,CO,"146 711",41868,""
FIX50SP2,CO,"146 711",41947,""
FIX50SP2,CO,"146 711",42036,""
FIX50SP2,CO,"146 711 42036",41340,""
FIX50SP2,CO,"146 711",42041,""
FIX50SP2,CO,"146 711 42041",42039,""
FIX50SP2,CO,"146 711 42041",42788,""
FIX50SP2,CO,"146 711",42060,""
FIX50SP2,CO,"146 711 42060",42065,""
FIX50SP2,CO,"146 711",42068,""
FIX50SP2,CO,"146 711 42068",42077,""
FIX50SP2,CO,"146 711 42068 42077",42085,""
FIX50SP2,CO,"146 711 42068",42087,""
FIX50SP2,CO,"146 711 42068",42090,""
FIX50SP2,CO,"146 711",42149,""
FIX50SP2,CO,"146 711 42149",42099,""
FIX50SP2,CO,"146 711 42149",42112,""
FIX50SP2,CO,"146 711 42149",42173,""
FIX50SP2,CO,"146 711 42149 42173",42177,""
FIX50SP2,CO,"146 711 42149",42180,""
FIX50SP2,CO,"146 711 42149",42182,""
FIX50SP2,CO,"146 711 42149",42184,""
FIX50SP2,CO,"146 711 42149",42186,""
FIX50SP2,CO,"146 711 42149",42188,""
FIX50SP2,CO,"146 711 42149",42190,""
FIX50SP2,CO,"146 711",42855,""
FIX50SP2,CO,"146 711",42884,""
FIX50SP2,CO,"146 711",43005,""
FIX50SP2,CO,"146 711",43074,""
FIX50SP2,CO,"146",864,""
FIX50SP2,CO,"146",870,""
FIX50SP2,CO,"146",1018,""
FIX50SP2,CO,"146 1018",1052,""
FIX50SP2,CO,"146",1483,""
FIX50SP2,CO,"146 1483",1491,""
FIX50SP2,CO,"146 1483 1491",1494,""
FIX50SP2,CO,"146 1483",40997,""
FIX50SP2,CO,"146 1483 40997",41005,""
FIX50SP2,CO,"146 1483",41010,""
FIX50SP2,CO,"146 1483 41010",40994,""
FIX50SP2,CO,"146 1483 41010",41007,""
FIX50SP2,CO,"146 1483 41010",41031,""
FIX50SP2,CO,"146 1483",41013,""
FIX50SP2,CO,"146 1483",41018,""
FIX50SP2,CO,"146 1483",41029,""
FIX50SP2,CO,"146",1647,""
FIX50SP2,CO,"146",1976,""
FIX50SP2,CO,"146",2304,""
FIX50SP2,CO,"146",2734,""
FIX50SP2,CO,"146",2746,""
FIX50SP2,CO,"146",40019,""
FIX50SP2,CO,"146 40019",40000,""
FIX50SP2,CO,"146",40022,""
FIX50SP2,CO,"146 40022",40277,""
FIX50SP2,CO,"146 40022",42214,""
FIX50SP2,CO,"146",40040,""
FIX50SP2,CO,"146",40042,""
FIX50SP2,CO,"146",40046,""
FIX50SP2,CO,"146",40049,""
FIX50SP2,CO,"146 40049",40085,""
FIX50SP2,CO,"146 40049",40825,""
FIX50SP2,CO,"146 40049",40828,""
FIX50SP2,CO,"146 40049 40828",40868,""
FIX50SP2,CO,"146 40049 40828",40945,""
FIX50SP2,CO,"146 40049 40828",40977,""
FIX50SP2,CO,"146 40049 40828",41161,""
FIX50SP2,CO,"146 40049",40872,""
FIX50SP2,CO,"146 40049 40872",42696,""
FIX50SP2,CO,"146 40049 40872",42705,""
FIX50SP2,CO,"146 40049",40946,""
FIX50SP2,CO,"146 40049",40947,""
FIX50SP2,CO,"146 40049",40948,""
FIX50SP2,CO,"146 40049",40949,""
FIX50SP2,CO,"146 40049",40950,""
FIX50SP2,CO,"146 40049",40958,""
FIX50SP2,CO,"146 40049",40959,""
FIX50SP2,CO,"146 40049",40960,""
FIX50SP2,CO,"146 40049",40961,""
FIX50SP2,CO,"146 40049",41037,""
FIX50SP2,CO,"146 40049 41037",41051,""
FIX50SP2,CO,"146 40049 41037 41051",41054,""
FIX50SP2,CO,"146 40049",41081,""
FIX50SP2,CO,"146 40049",41085,""
FIX50SP2,CO,"146 40049",41192,""
FIX50SP2,CO,"146 40049",41220,""
FIX50SP2,CO,"146 40049",41224,""
FIX50SP2,CO,"146 40049",41227,""
FIX50SP2,CO,"146 40049",41237,""
FIX50SP2,CO,"146 40049",41241,""
FIX50SP2,CO,"146 40049",41249,""
FIX50SP2,CO,"146 40049",41277,""
FIX50SP2,CO,"146 40049",41280,""
FIX50SP2,CO,"146 40049",41289,""
FIX50SP2,CO,"146 40049 41289",41283,""
FIX50SP2,CO,"146 40049 41289 41283",41286,""
FIX50SP2,CO,"146 40049",42236,""
FIX50SP2,CO,"146 40049",42272,""
FIX50SP2,CO,"146 40049",42274,""
FIX50SP2,CO,"146 40049 42274",42294,""
FIX50SP2,CO,"146 40049",42606,""
FIX50SP2,CO,"146 40049",42620,""
FIX50SP2,CO,"146 40049",42660,""
FIX50SP2,CO,"146 40049",42683,""
FIX50SP2,CO,"146 40049",42735,""
FIX50SP2,CO,"146 40049 42735",42709,""
FIX50SP2,CO,"146 40049 42735 42709",42770,""
FIX50SP2,CO,"146 40049 42735 42709",42772,""
FIX50SP2,CO,"146 40049 42735",42731,""
FIX50SP2,CO,"146 40049 42735",42761,""
FIX50SP2,CO,"146 40049 42735",42765,""
FIX50SP2,CO,"146",40090,""
FIX50SP2,CO,"146 40090",40142,""
FIX50SP2,CO,"146 40090",40171,""
FIX50SP2,CO,"146 40090",40174,""
FIX50SP2,CO,"146 40090 40174",40178,""
FIX50SP2,CO,"146 40090",40952,""
FIX50SP2,CO,"146 40090",40953,""
FIX50SP2,CO,"146 40090",40954,""
FIX50SP2,CO,"146 40090",40955,""
FIX50SP2,CO,"146 40090",40956,""
FIX50SP2,CO,"146 40090",40957,""
FIX50SP2,CO,"146",40181,""
FIX50SP2,CO,"146 40181",40191,""
FIX50SP2,CO,"146 40181 40191",40199,""
FIX50SP2,CO,"146 40181",40201,""
FIX50SP2,CO,"146 40181",40951,""
FIX50SP2,CO,"146",40204,""
FIX50SP2,CO,"146 40204",40209,""
FIX50SP2,CO,"146",40278,""
FIX50SP2,CO,"146",41092,""
FIX50SP2,CO,"146",41094,""
FIX50SP2,CO,"146",41096,""
FIX50SP2,CO,"146",41116,""
FIX50SP2,CO,"146",41137,""
FIX50SP2,CO,"146",41140,""
FIX50SP2,CO,"146",41152,""
FIX50SP2,CO,"146",41230,""
FIX50SP2,CO,"146",42296,""
FIX50SP2,CO,"146",42775,""
FIX50SP2,CO,"",1540,""
FIX50SP2,CQ,"",453,""
FIX50SP2,CQ,"453",802,""
FIX50SP2,CQ,"",753,""
FIX50SP2,CQ,"",1643,""
FIX50SP2,CQ,"",1700,""
FIX50SP2,CQ,"",1703,""
FIX50SP2,CQ,"1703",2845,""
FIX50SP2,CQ,"",1707,""
FIX50SP2,CR,"",1657,""
FIX50SP2,CR,"1657",1661,""
FIX50SP2,CR,"",1677,""
FIX50SP2,CR,"1677",1669,""
FIX50SP2,CR,"1677 1669",1529,""
FIX50SP2,CR,"1677 1669 1529",1559,""
FIX50SP2,CR,"1677 1669",1534,""
FIX50SP2,CR,"1677 1669 1534",1540,""
FIX50SP2,CR,"1677",1671,""
FIX50SP2,CR,"1677 1671",1516,""
FIX50SP2,CR,"1677 1671 1516",1519,""
FIX50SP2,CR,"1677 1671",1562,""
FIX50SP2,CR,"1677 1671 1562",1514,""
FIX50SP2,CR,"1677 1671 1562",1566,""
FIX50SP2,CR,"1677 1671 1562",1569,""
FIX50SP2,CR,"1677 1671 1562 1569",1572,""
FIX50SP2,CR,"1677 1671",1694,""
FIX50SP2,CS,"",1657,""
FIX50SP2,CS,"1657",1661,""
FIX50SP2,CS,"",1677,""
FIX50SP2,CS,"1677",1669,""
FIX50SP2,CS,"1677 1669",1529,""
FIX50SP2,CS,"1677 1669 1529",1559,""
FIX50SP2,CS,"1677 1669",1534,""
FIX50SP2,CS,"1677 1669 1534",1540,""
FIX50SP2,CS,"1677",1671,""
FIX50SP2,CS,"1677 1671",1516,""
FIX50SP2,CS,"1677 1671 1516",1519,""
FIX50SP2,CS,"1677 1671",1562,""
FIX50SP2,CS,"1677 1671 1562",1514,""
FIX50SP2,CS,"1677 1671 1562",1566,""
FIX50SP2,CS,"1677 1671 1562",1569,""
FIX50SP2,CS,"1677 1671 1562 1569",1572,""
FIX50SP2,CS,"1677 1671",1694,""
FIX50SP2,CT,"",1657,""
FIX50SP2,CT,"1657",1661,""
FIX50SP2,CT,"",1677,""
FIX50SP2,CT,"1677",1669,""
FIX50SP2,CT,"1677 1669",1529,""
FIX50SP2,CT,"1677 1669 1529",1559,""
FIX50SP2,CT,"1677 1669",1534,""
FIX50SP2,CT,"1677 1669 1534",1540,""
FIX50SP2,CT,"1677",1671,""
FIX50SP2,CT,"1677 1671",1516,""
FIX50SP2,CT,"1677 1671 1516",1519,""
FIX50SP2,CT,"1677 1671",1562,""
FIX50SP2,CT,"1677 1671 1562",1514,""
FIX50SP2,CT,"1677 1671 1562",1566,""
FIX50SP2,CT,"1677 1671 1562",1569,""
FIX50SP2,CT,"1677 1671 1562 1569",1572,""
FIX50SP2,CT,"1677 1671",1694,""
FIX50SP2,CU,"",453,""
FIX50SP2,CU,"453",802,""
FIX50SP2,CU,"",1310,""
FIX50SP2,CU,"",1508,""
FIX50SP2,CU,"",1656,""
FIX50SP2,CU,"1656",1540,""
FIX50SP2,CU,"",1657,""
FIX50SP2,CU,"1657",1661,""
FIX50SP2,CU,"",2345,""
FIX50SP2,CV,"",1772,""
FIX50SP2,CV,"1772",1671,""
FIX50SP2,CV,"1772 1671",1516,""
FIX50SP2,CV,"1772 1671 1516",1519,""
FIX50SP2,CV,"1772 1671",1562,""
FIX50SP2,CV,"1772 1671 1562",1514,""
FIX50SP2,CV,"1772 1671 1562",1566,""
FIX50SP2,CV,"1772 1671 1562",1569,""
FIX50SP2,CV,"1772 1671 1562 1569",1572,""
FIX50SP2,CV,"1772 1671",1694,""
FIX50SP2,CV,"1772",1773,""
FIX50SP2,CV,"1772 1773",1310,""
FIX50SP2,CV,"1772 1773",1656,""
FIX50SP2,CV,"1772 1773 1656",1540,""
FIX50SP2,CV,"1772 1773",1777,""
FIX50SP2,CW,"",453,""
FIX50SP2,CW,"453",802,""
FIX50SP2,CW,"",2706,""
FIX50SP2,CX,"",1657,""
FIX50SP2,CX,"1657",1661,""
FIX50SP2,CX,"",1676,""
FIX50SP2,CX,"1676",1671,""
FIX50SP2,CX,"1676 1671",1516,""
FIX50SP2,CX,"1676 1671 1516",1519,""
FIX50SP2,CX,"1676 1671",1562,""
FIX50SP2,CX,"1676 1671 1562",1514,""
FIX50SP2,CX,"1676 1671 1562",1566,""
FIX50SP2,CX,"1676 1671 1562",1569,""
FIX50SP2,CX,"1676 1671 1562 1569",1572,""
FIX50SP2,CX,"1676 1671",1694,""
FIX50SP2,CY,"",1657,""
FIX50SP2,CY,"1657",1661,""
FIX50SP2,CY,"",1676,""
FIX50SP2,CY,"1676",1671,""
FIX50SP2,CY,"1676 1671",1516,""
FIX50SP2,CY,"1676 1671 1516",1519,""
FIX50SP2,CY,"1676 1671",1562,""
FIX50SP2,CY,"1676 1671 1562",1514,""
FIX50SP2,CY,"1676 1671 1562",1566,""
FIX50SP2,CY,"1676 1671 1562",1569,""
FIX50SP2,CY,"1676 1671 1562 1569",1572,""
FIX50SP2,CY,"1676 1671",1694,""
FIX50SP2,CZ,"",1657,""
FIX50SP2,CZ,"1657",1661,""
FIX50SP2,CZ,"",1772,""
FIX50SP2,CZ,"1772",1671,""
FIX50SP2,CZ,"1772 1671",1516,""
FIX50SP2,CZ,"1772 1671 1516",1519,""
FIX50SP2,CZ,"1772 1671",1562,""
FIX50SP2,CZ,"1772 1671 1562",1514,""
FIX50SP2,CZ,"1772 1671 1562",1566,""
FIX50SP2,CZ,"1772 1671 1562",1569,""
FIX50SP2,CZ,"1772 1671 1562 1569",1572,""
FIX50SP2,CZ,"1772 1671",1694,""
FIX50SP2,CZ,"1772",1773,""
FIX50SP2,CZ,"1772 1773",1310,""
FIX50SP2,CZ,"1772 1773",1656,""
FIX50SP2,CZ,"1772 1773 1656",1540,""
FIX50SP2,CZ,"1772 1773",1777,""
FIX50SP2,D,"",78,""
FIX50SP2,D,"78",539,""
FIX50SP2,D,"78 539",804,""
FIX50SP2,D,"",232,""
FIX50SP2,D,"",386,""
FIX50SP2,D,"",453,""
FIX50SP2,D,"453",802,""
FIX50SP2,D,"",454,""
FIX50SP2,D,"",711,""
FIX50SP2,D,"711",457,""
FIX50SP2,D,"711",887,""
FIX50SP2,D,"711",1058,""
FIX50SP2,D,"711 1058",1062,""
FIX50SP2,D,"711",1981,""
FIX50SP2,D,"711",2045,""
FIX50SP2,D,"711 2045",2053,""
FIX50SP2,D,"711 2045 2053",2056,""
FIX50SP2,D,"711 2045",41716,""
FIX50SP2,D,"711 2045 41716",41724,""
FIX50SP2,D,"711 2045",41729,""
FIX50SP2,D,"711 2045 41729",41713,""
FIX50SP2,D,"711 2045 41729",41726,""
FIX50SP2,D,"711 2045 41729",41750,""
FIX50SP2,D,"711 2045",41732,""
FIX50SP2,D,"711 2045",41737,""
FIX50SP2,D,"711 2045",41748,""
FIX50SP2,D,"711",2080,""
FIX50SP2,D,"711",2312,""
FIX50SP2,D,"711",40540,""
FIX50SP2,D,"711 40540",40656,""
FIX50SP2,D,"711 40540",40659,""
FIX50SP2,D,"711 40540",40664,""
FIX50SP2,D,"711 40540 40664",40704,""
FIX50SP2,D,"711 40540 40664",40966,""
FIX50SP2,D,"711 40540 40664",40967,""
FIX50SP2,D,"711 40540 40664",41878,""
FIX50SP2,D,"711 40540",40708,""
FIX50SP2,D,"711 40540 40708",42991,""
FIX50SP2,D,"711 40540 40708",43000,""
FIX50SP2,D,"711 40540",40968,""
FIX50SP2,D,"711 40540",40969,""
FIX50SP2,D,"711 40540",40970,""
FIX50SP2,D,"711 40540",40971,""
FIX50SP2,D,"711 40540",40972,""
FIX50SP2,D,"711 40540",40973,""
FIX50SP2,D,"711 40540",40974,""
FIX50SP2,D,"711 40540",40975,""
FIX50SP2,D,"711 40540",40976,""
FIX50SP2,D,"711 40540",41756,""
FIX50SP2,D,"711 40540 41756",41770,""
FIX50SP2,D,"711 40540 41756 41770",41773,""
FIX50SP2,D,"711 40540",41800,""
FIX50SP2,D,"711 40540",41804,""
FIX50SP2,D,"711 40540",41808,""
FIX50SP2,D,"711 40540",41909,""
FIX50SP2,D,"711 40540",41937,""
FIX50SP2,D,"711 40540",41941,""
FIX50SP2,D,"711 40540",41944,""
FIX50SP2,D,"711 40540",41954,""
FIX50SP2,D,"711 40540",41962,""
FIX50SP2,D,"711 40540",41990,""
FIX50SP2,D,"711 40540",41993,""
FIX50SP2,D,"711 40540",42002,""
FIX50SP2,D,"711 40540 42002",41996,""
FIX50SP2,D,"711 40540 42002 41996",41999,""
FIX50SP2,D,"711 40540",42799,""
FIX50SP2,D,"711 40540",42853,""
FIX50SP2,D,"711 40540",42862,""
FIX50SP2,D,"711 40540 42862",42882,""
FIX50SP2,D,"711 40540",42901,""
FIX50SP2,D,"711 40540",42915,""
FIX50SP2,D,"711 40540",42955,""
FIX50SP2,D,"711 40540",42981,""
FIX50SP2,D,"711 40540",43034,""
FIX50SP2,D,"711 40540 43034",43008,""
FIX50SP2,D,"711 40540 43034 43008",43069,""
FIX50SP2,D,"711 40540 43034 43008",43071,""
FIX50SP2,D,"711 40540 43034",43030,""
FIX50SP2,D,"711 40540 43034",43060,""
FIX50SP2,D,"711 40540 43034",43064,""
FIX50SP2,D,"711",40962,""
FIX50SP2,D,"711",41820,""
FIX50SP2,D,"711",41841,""
FIX50SP2,D,"711",41844,""
FIX50SP2,D,"711",41856,""
FIX50SP2,D,"711",41864,""
FIX50SP2,D,"711",41866,""
FIX50SP2,D,"711",41868,""
FIX50SP2,D,"711",41947,""
FIX50SP2,D,"711",42036,""
FIX50SP2,D,"711 42036",41340,""
FIX50SP2,D,"711",42041,""
FIX50SP2,D,"711 42041",42039,""
FIX50SP2,D,"711 42041",42788,""
FIX50SP2,D,"711",42060,""
FIX50SP2,D,"711 42060",42065,""
FIX50SP2,D,"711",42068,""
FIX50SP2,D,"711 42068",42077,""
FIX50SP2,D,"711 42068 42077",42085,""
FIX50SP2,D,"711 42068",42087,""
FIX50SP2,D,"711 42068",42090,""
FIX50SP2,D,"711",42149,""
FIX50SP2,D,"711 42149",42099,""
FIX50SP2,D,"711 42149",42112,""
FIX50SP2,D,"711 42149",42173,""
FIX50SP2,D,"711 42149 42173",42177,""
FIX50SP2,D,"711 42149",42180,""
FIX50SP2,D,"711 42149",42182,""
FIX50SP2,D,"711 42149",42184,""
FIX50SP2,D,"711 42149",42186,""
FIX50SP2,D,"711 42149",42188,""
FIX50SP2,D,"711 42149",42190,""
FIX50SP2,D,"711",42855,""
FIX50SP2,D,"711",42884,""
FIX50SP2,D,"711",43005,""
FIX50SP2,D,"711",43074,""
FIX50SP2,D,"",768,""
FIX50SP2,D,"",864,""
FIX50SP2,D,"",957,""
FIX50SP2,D,"",1018,""
FIX50SP2,D,"1018",1052,""
FIX50SP2,D,"",1445,""
FIX50SP2,D,"",1461,""
FIX50SP2,D,"1461",2433,""
FIX50SP2,D,"",1483,""
FIX50SP2,D,"1483",1491,""
FIX50SP2,D,"1483 1491",1494,""
FIX50SP2,D,"1483",40997,""
FIX50SP2,D,"1483 40997",41005,""
FIX50SP2,D,"1483",41010,""
FIX50SP2,D,"1483 41010",40994,""
FIX50SP2,D,"1483 41010",41007,""
FIX50SP2,D,"1483 41010",41031,""
FIX50SP2,D,"1483",41013,""
FIX50SP2,D,"1483",41018,""
FIX50SP2,D,"1483",41029,""
FIX50SP2,D,"",1624,""
FIX50SP2,D,"",1812,""
FIX50SP2,D,"",1868,""
FIX50SP2,D,"",1976,""
FIX50SP2,D,"",2304,""
FIX50SP2,D,"",2593,""
FIX50SP2,D,"",2639,""
FIX50SP2,D,"",2668,""
FIX50SP2,D,"",40019,""
FIX50SP2,D,"40019",40000,""
FIX50SP2,D,"",40022,""
FIX50SP2,D,"40022",40277,""
FIX50SP2,D,"40022",42214,""
FIX50SP2,D,"",40040,""
FIX50SP2,D,"",40042,""
FIX50SP2,D,"",40046,""
FIX50SP2,D,"",40049,""
FIX50SP2,D,"40049",40085,""
FIX50SP2,D,"40049",40825,""
FIX50SP2,D,"40049",40828,""
FIX50SP2,D,"40049 40828",40868,""
FIX50SP2,D,"40049 40828",40945,""
FIX50SP2,D,"40049 40828",40977,""
FIX50SP2,D,"40049 40828",41161,""
FIX50SP2,D,"40049",40872,""
FIX50SP2,D,"40049 40872",42696,""
FIX50SP2,D,"40049 40872",42705,""
FIX50SP2,D,"40049",40946,""
FIX50SP2,D,"40049",40947,""
FIX50SP2,D,"40049",40948,""
FIX50SP2,D,"40049",40949,""
FIX50SP2,D,"40049",40950,""
FIX50SP2,D,"40049",40958,""
FIX50SP2,D,"40049",40959,""
FIX50SP2,D,"40049",40960,""
FIX50SP2,D,"40049",40961,""
FIX50SP2,D,"40049",41037,""
FIX50SP2,D,"40049 41037",41051,""
FIX50SP2,D,"40049 41037 41051",41054,""
FIX50SP2,D,"40049",41081,""
FIX50SP2,D,"40049",41085,""
FIX50SP2,D,"40049",41192,""
FIX50SP2,D,"40049",41220,""
FIX50SP2,D,"40049",41224,""
FIX50SP2,D,"40049",41227,""
FIX50SP2,D,"40049",41237,""
FIX50SP2,D,"40049",41241,""
FIX50SP2,D,"40049",41249,""
FIX50SP2,D,"40049",41277,""
FIX50SP2,D,"40049",41280,""
FIX50SP2,D,"40049",41289,""
FIX50SP2,D,"40049 41289",41283,""
FIX50SP2,D,"40049 41289 41283",41286,""
FIX50SP2,D,"40049",42236,""
FIX50SP2,D,"40049",42272,""
FIX50SP2,D,"40049",42274,""
FIX50SP2,D,"40049 42274",42294,""
FIX50SP2,D,"40049",42606,""
FIX50SP2,D,"40049",42620,""
FIX50SP2,D,"40049",42660,""
FIX50SP2,D,"40049",42683,""
FIX50SP2,D,"40049",42735,""
FIX50SP2,D,"40049 42735",42709,""
FIX50SP2,D,"40049 42735 42709",42770,""
FIX50SP2,D,"40049 42735 42709",42772,""
FIX50SP2,D,"40049 42735",42731,""
FIX50SP2,D,"40049 42735",42761,""
FIX50SP2,D,"40049 42735",42765,""
FIX50SP2,D,"",40090,""
FIX50SP2,D,"40090",40142,""
FIX50SP2,D,"40090",40171,""
FIX50SP2,D,"40090",40174,""
FIX50SP2,D,"40090 40174",40178,""
FIX50SP2,D,"40090",40952,""
FIX50SP2,D,"40090",40953,""
FIX50SP2,D,"40090",40954,""
FIX50SP2,D,"40090",40955,""
FIX50SP2,D,"40090",40956,""
FIX50SP2,D,"40090",40957,""
FIX50SP2,D,"",40181,""
FIX50SP2,D,"40181",40191,""
FIX50SP2,D,"40181 40191",40199,""
FIX50SP2,D,"40181",40201,""
FIX50SP2,D,"40181",40951,""
FIX50SP2,D,"",40204,""
FIX50SP2,D,"40204",40209,""
FIX50SP2,D,"",40278,""
FIX50SP2,D,"",41092,""
FIX50SP2,D,"",41094,""
FIX50SP2,D,"",41096,""
FIX50SP2,D,"",41116,""
FIX50SP2,D,"",41137,""
FIX50SP2,D,"",41140,""
FIX50SP2,D,"",41152,""
FIX50SP2,D,"",41230,""
FIX50SP2,D,"",42296,""
FIX50SP2,D,"",42775,""
FIX50SP2,DA,"",1657,""
FIX50SP2,DA,"1657",1661,""
FIX50SP2,DA,"",1772,""
FIX50SP2,DA,"1772",1671,""
FIX50SP2,DA,"1772 1671",1516,""
FIX50SP2,DA,"1772 1671 1516",1519,""
FIX50SP2,DA,"1772 1671",1562,""
FIX50SP2,DA,"1772 1671 1562",1514,""
FIX50SP2,DA,"1772 1671 1562",1566,""
FIX50SP2,DA,"1772 1671 1562",1569,""
FIX50SP2,DA,"1772 1671 1562 1569",1572,""
FIX50SP2,DA,"1772 1671",1694,""
FIX50SP2,DA,"1772",1773,""
FIX50SP2,DA,"1772 1773",1310,""
FIX50SP2,DA,"1772 1773",1656,""
FIX50SP2,DA,"1772 1773 1656",1540,""
FIX50SP2,DA,"1772 1773",1777,""
FIX50SP2,DB,"",1657,""
FIX50SP2,DB,"1657",1661,""
FIX50SP2,DB,"",1772,""
FIX50SP2,DB,"1772",1671,""
FIX50SP2,DB,"1772 1671",1516,""
FIX50SP2,DB,"1772 1671 1516",1519,""
FIX50SP2,DB,"1772 1671",1562,""
FIX50SP2,DB,"1772 1671 1562",1514,""
FIX50SP2,DB,"1772 1671 1562",1566,""
FIX50SP2,DB,"1772 1671 1562",1569,""
FIX50SP2,DB,"1772 1671 1562 1569",1572,""
FIX50SP2,DB,"1772 1671",1694,""
FIX50SP2,DB,"1772",1773,""
FIX50SP2,DB,"1772 1773",1310,""
FIX50SP2,DB,"1772 1773",1656,""
FIX50SP2,DB,"1772 1773 1656",1540,""
FIX50SP2,DB,"1772 1773",1777,""
FIX50SP2,DC,"",1889,""
FIX50SP2,DC,"1889",454,""
FIX50SP2,DC,"1889",555,""
FIX50SP2,DC,"1889 555",604,""
FIX50SP2,DC,"1889 555",2059,""
FIX50SP2,DC,"1889 555",2076,""
FIX50SP2,DC,"1889 555",2218,""
FIX50SP2,DC,"1889 555 2218",2250,""
FIX50SP2,DC,"1889 555 2218 2250",2253,""
FIX50SP2,DC,"1889 555 2218",41366,""
FIX50SP2,DC,"1889 555 2218 41366",41374,""
FIX50SP2,DC,"1889 555 2218",41379,""
FIX50SP2,DC,"1889 555 2218 41379",41363,""
FIX50SP2,DC,"1889 555 2218 41379",41376,""
FIX50SP2,DC,"1889 555 2218 41379",41400,""
FIX50SP2,DC,"1889 555 2218",41382,""
FIX50SP2,DC,"1889 555 2218",41387,""
FIX50SP2,DC,"1889 555 2218",41398,""
FIX50SP2,DC,"1889 555",2254,""
FIX50SP2,DC,"1889 555 2254",2258,""
FIX50SP2,DC,"1889 555",2308,""
FIX50SP2,DC,"1889 555",40241,""
FIX50SP2,DC,"1889 555 40241",40367,""
FIX50SP2,DC,"1889 555 40241",40374,""
FIX50SP2,DC,"1889 555 40241 40374",40414,""
FIX50SP2,DC,"1889 555 40241 40374",40927,""
FIX50SP2,DC,"1889 555 40241 40374",40928,""
FIX50SP2,DC,"1889 555 40241 40374",41530,""
FIX50SP2,DC,"1889 555 40241",40418,""
FIX50SP2,DC,"1889 555 40241 40418",42495,""
FIX50SP2,DC,"1889 555 40241 40418",42504,""
FIX50SP2,DC,"1889 555 40241",40902,""
FIX50SP2,DC,"1889 555 40241",40929,""
FIX50SP2,DC,"1889 555 40241",40930,""
FIX50SP2,DC,"1889 555 40241",40931,""
FIX50SP2,DC,"1889 555 40241",40932,""
FIX50SP2,DC,"1889 555 40241",40933,""
FIX50SP2,DC,"1889 555 40241",40940,""
FIX50SP2,DC,"1889 555 40241",40941,""
FIX50SP2,DC,"1889 555 40241",40942,""
FIX50SP2,DC,"1889 555 40241",40943,""
FIX50SP2,DC,"1889 555 40241",41408,""
FIX50SP2,DC,"1889 555 40241 41408",41422,""
FIX50SP2,DC,"1889 555 40241 41408 41422",41425,""
FIX50SP2,DC,"1889 555 40241",41452,""
FIX50SP2,DC,"1889 555 40241",41456,""
FIX50SP2,DC,"1889 555 40241",41460,""
FIX50SP2,DC,"1889 555 40241",41561,""
FIX50SP2,DC,"1889 555 40241",41589,""
FIX50SP2,DC,"1889 555 40241",41593,""
FIX50SP2,DC,"1889 555 40241",41596,""
FIX50SP2,DC,"1889 555 40241",41638,""
FIX50SP2,DC,"1889 555 40241",41646,""
FIX50SP2,DC,"1889 555 40241",41674,""
FIX50SP2,DC,"1889 555 40241",41677,""
FIX50SP2,DC,"1889 555 40241",41686,""
FIX50SP2,DC,"1889 555 40241 41686",41680,""
FIX50SP2,DC,"1889 555 40241 41686 41680",41683,""
FIX50SP2,DC,"1889 555 40241",42310,""
FIX50SP2,DC,"1889 555 40241",42364,""
FIX50SP2,DC,"1889 555 40241",42366,""
FIX50SP2,DC,"1889 555 40241 42366",42386,""
FIX50SP2,DC,"1889 555 40241",42405,""
FIX50SP2,DC,"1889 555 40241",42419,""
FIX50SP2,DC,"1889 555 40241",42459,""
FIX50SP2,DC,"1889 555 40241",42485,""
FIX50SP2,DC,"1889 555 40241",42534,""
FIX50SP2,DC,"1889 555 40241 42534",42508,""
FIX50SP2,DC,"1889 555 40241 42534 42508",42569,""
FIX50SP2,DC,"1889 555 40241 42534 42508",42571,""
FIX50SP2,DC,"1889 555 40241 42534",42530,""
FIX50SP2,DC,"1889 555 40241 42534",42560,""
FIX50SP2,DC,"1889 555 40241 42534",42564,""
FIX50SP2,DC,"1889 555",40448,""
FIX50SP2,DC,"1889 555 40448",40473,""
FIX50SP2,DC,"1889 555 40448",40495,""
FIX50SP2,DC,"1889 555 40448",40533,""
FIX50SP2,DC,"1889 555 40448 40533",40537,""
FIX50SP2,DC,"1889 555 40448",40934,""
FIX50SP2,DC,"1889 555 40448",40935,""
FIX50SP2,DC,"1889 555 40448",40936,""
FIX50SP2,DC,"1889 555 40448",40937,""
FIX50SP2,DC,"1889 555 40448",40938,""
FIX50SP2,DC,"1889 555 40448",40939,""
FIX50SP2,DC,"1889 555",40923,""
FIX50SP2,DC,"1889 555",41335,""
FIX50SP2,DC,"1889 555 41335",41316,""
FIX50SP2,DC,"1889 555",41344,""
FIX50SP2,DC,"1889 555 41344",41342,""
FIX50SP2,DC,"1889 555 41344",42306,""
FIX50SP2,DC,"1889 555",41467,""
FIX50SP2,DC,"1889 555",41469,""
FIX50SP2,DC,"1889 555",41471,""
FIX50SP2,DC,"1889 555",41491,""
FIX50SP2,DC,"1889 555",41512,""
FIX50SP2,DC,"1889 555",41515,""
FIX50SP2,DC,"1889 555",41527,""
FIX50SP2,DC,"1889 555",41599,""
FIX50SP2,DC,"1889 555 41599",41604,""
FIX50SP2,DC,"1889 555",41607,""
FIX50SP2,DC,"1889 555",41616,""
FIX50SP2,DC,"1889 555 41616",41614,""
FIX50SP2,DC,"1889 555 41616",41625,""
FIX50SP2,DC,"1889 555 41616 41625",41633,""
FIX50SP2,DC,"1889 555 41616",41635,""
FIX50SP2,DC,"1889 555",42198,""
FIX50SP2,DC,"1889 555",42200,""
FIX50SP2,DC,"1889 555",42203,""
FIX50SP2,DC,"1889 555",42388,""
FIX50SP2,DC,"1889 555",42581,""
FIX50SP2,DC,"1889",711,""
FIX50SP2,DC,"1889 711",457,""
FIX50SP2,DC,"1889 711",887,""
FIX50SP2,DC,"1889 711",1058,""
FIX50SP2,DC,"1889 711 1058",1062,""
FIX50SP2,DC,"1889 711",1981,""
FIX50SP2,DC,"1889 711",2045,""
FIX50SP2,DC,"1889 711 2045",2053,""
FIX50SP2,DC,"1889 711 2045 2053",2056,""
FIX50SP2,DC,"1889 711 2045",41716,""
FIX50SP2,DC,"1889 711 2045 41716",41724,""
FIX50SP2,DC,"1889 711 2045",41729,""
FIX50SP2,DC,"1889 711 2045 41729",41713,""
FIX50SP2,DC,"1889 711 2045 41729",41726,""
FIX50SP2,DC,"1889 711 2045 41729",41750,""
FIX50SP2,DC,"1889 711 2045",41732,""
FIX50SP2,DC,"1889 711 2045",41737,""
FIX50SP2,DC,"1889 711 2045",41748,""
FIX50SP2,DC,"1889 711",2080,""
FIX50SP2,DC,"1889 711",2312,""
FIX50SP2,DC,"1889 711",40540,""
FIX50SP2,DC,"1889 711 40540",40656,""
FIX50SP2,DC,"1889 711 40540",40659,""
FIX50SP2,DC,"1889 711 40540",40664,""
FIX50SP2,DC,"1889 711 40540 40664",40704,""
FIX50SP2,DC,"1889 711 40540 40664",40966,""
FIX50SP2,DC,"1889 711 40540 40664",40967,""
FIX50SP2,DC,"1889 711 40540 40664",41878,""
FIX50SP2,DC,"1889 711 40540",40708,""
FIX50SP2,DC,"1889 711 40540 40708",42991,""
FIX50SP2,DC,"1889 711 40540 40708",43000,""
FIX50SP2,DC,"1889 711 40540",40968,""
FIX50SP2,DC,"1889 711 40540",40969,""
FIX50SP2,DC,"1889 711 40540",40970,""
FIX50SP2,DC,"1889 711 40540",40971,""
FIX50SP2,DC,"1889 711 40540",40972,""
FIX50SP2,DC,"1889 711 40540",40973,""
FIX50SP2,DC,"1889 711 40540",40974,""
FIX50SP2,DC,"1889 711 40540",40975,""
FIX50SP2,DC,"1889 711 40540",40976,""
FIX50SP2,DC,"1889 711 40540",41756,""
FIX50SP2,DC,"1889 711 40540 41756",41770,""
FIX50SP2,DC,"1889 711 40540 41756 41770",41773,""
FIX50SP2,DC,"1889 711 40540",41800,""
FIX50SP2,DC,"1889 711 40540",41804,""
FIX50SP2,DC,"1889 711 40540",41808,""
FIX50SP2,DC,"1889 711 40540",41909,""
FIX50SP2,DC,"1889 711 40540",41937,""
FIX50SP2,DC,"1889 711 40540",41941,""
FIX50SP2,DC,"1889 711 40540",41944,""
FIX50SP2,DC,"1889 711 40540",41954,""
FIX50SP2,DC,"1889 711 40540",41962,""
FIX50SP2,DC,"1889 711 40540",41990,""
FIX50SP2,DC,"1889 711 40540",41993,""
FIX50SP2,DC,"1889 711 40540",42002,""
FIX50SP2,DC,"1889 711 40540 42002",41996,""
FIX50SP2,DC,"1889 711 40540 42002 41996",41999,""
FIX50SP2,DC,"1889 711 40540",42799,""
FIX50SP2,DC,"1889 711 40540",42853,""
FIX50SP2,DC,"1889 711 40540",42862,""
FIX50SP2,DC,"1889 711 40540 42862",42882,""
FIX50SP2,DC,"1889 711 40540",42901,""
FIX50SP2,DC,"1889 711 40540",42915,""
FIX50SP2,DC,"1889 711 40540",42955,""
FIX50SP2,DC,"1889 711 40540",42981,""
FIX50SP2,DC,"1889 711 40540",43034,""
FIX50SP2,DC,"1889 711 40540 43034",43008,""
FIX50SP2,DC,"1889 711 40540 43034 43008",43069,""
FIX50SP2,DC,"1889 711 40540 43034 43008",43071,""
FIX50SP2,DC,"1889 711 40540 43034",43030,""
FIX50SP2,DC,"1889 711 40540 43034",43060,""
FIX50SP2,DC,"1889 711 40540 43034",43064,""
FIX50SP2,DC,"1889 711",40962,""
FIX50SP2,DC,"1889 711",41820,""
FIX50SP2,DC,"1889 711",41841,""
FIX50SP2,DC,"1889 711",41844,""
FIX50SP2,DC,"1889 711",41856,""
FIX50SP2,DC,"1889 711",41864,""
FIX50SP2,DC,"1889 711",41866,""
FIX50SP2,DC,"1889 711",41868,""
FIX50SP2,DC,"1889 711",41947,""
FIX50SP2,DC,"1889 711",42036,""
FIX50SP2,DC,"1889 711 42036",41340,""
FIX50SP2,DC,"1889 711",42041,""
FIX50SP2,DC,"1889 711 42041",42039,""
FIX50SP2,DC,"1889 711 42041",42788,""
FIX50SP2,DC,"1889 711",42060,""
FIX50SP2,DC,"1889 711 42060",42065,""
FIX50SP2,DC,"1889 711",42068,""
FIX50SP2,DC,"1889 711 42068",42077,""
FIX50SP2,DC,"1889 711 42068 42077",42085,""
FIX50SP2,DC,"1889 711 42068",42087,""
FIX50SP2,DC,"1889 711 42068",42090,""
FIX50SP2,DC,"1889 711",42149,""
FIX50SP2,DC,"1889 711 42149",42099,""
FIX50SP2,DC,"1889 711 42149",42112,""
FIX50SP2,DC,"1889 711 42149",42173,""
FIX50SP2,DC,"1889 711 42149 42173",42177,""
FIX50SP2,DC,"1889 711 42149",42180,""
FIX50SP2,DC,"1889 711 42149",42182,""
FIX50SP2,DC,"1889 711 42149",42184,""
FIX50SP2,DC,"1889 711 42149",42186,""
FIX50SP2,DC,"1889 711 42149",42188,""
FIX50SP2,DC,"1889 711 42149",42190,""
FIX50SP2,DC,"1889 711",42855,""
FIX50SP2,DC,"1889 711",42884,""
FIX50SP2,DC,"1889 711",43005,""
FIX50SP2,DC,"1889 711",43074,""
FIX50SP2,DC,"1889",864,""
FIX50SP2,DC,"1889",1018,""
FIX50SP2,DC,"1889 1018",1052,""
FIX50SP2,DC,"1889",1483,""
FIX50SP2,DC,"1889 1483",1491,""
FIX50SP2,DC,"1889 1483 1491",1494,""
FIX50SP2,DC,"1889 1483",40997,""
FIX50SP2,DC,"1889 1483 40997",41005,""
FIX50SP2,DC,"1889 1483",41010,""
FIX50SP2,DC,"1889 1483 41010",40994,""
FIX50SP2,DC,"1889 1483 41010",41007,""
FIX50SP2,DC,"1889 1483 41010",41031,""
FIX50SP2,DC,"1889 1483",41013,""
FIX50SP2,DC,"1889 1483",41018,""
FIX50SP2,DC,"1889 1483",41029,""
FIX50SP2,DC,"1889",1890,""
FIX50SP2,DC,"1889 1890",73,""
FIX50SP2,DC,"1889 1890",78,""
FIX50SP2,DC,"1889 1890 78",756,""
FIX50SP2,DC,"1889 1890 78 756",806,""
FIX50SP2,DC,"1889 1890 78",1844,""
FIX50SP2,DC,"1889 1890 78",1908,""
FIX50SP2,DC,"1889 1890 78",2653,""
FIX50SP2,DC,"1889 1890",453,""
FIX50SP2,DC,"1889 1890 453",802,""
FIX50SP2,DC,"1889 1890",1624,""
FIX50SP2,DC,"1889 1890",1892,""
FIX50SP2,DC,"1889 1890 1892",948,""
FIX50SP2,DC,"1889 1890 1892 948",952,""
FIX50SP2,DC,"1889 1890",2593,""
FIX50SP2,DC,"1889",1976,""
FIX50SP2,DC,"1889",2304,""
FIX50SP2,DC,"1889",40019,""
FIX50SP2,DC,"1889 40019",40000,""
FIX50SP2,DC,"1889",40022,""
FIX50SP2,DC,"1889 40022",40277,""
FIX50SP2,DC,"1889 40022",42214,""
FIX50SP2,DC,"1889",40049,""
FIX50SP2,DC,"1889 40049",40085,""
FIX50SP2,DC,"1889 40049",40825,""
FIX50SP2,DC,"1889 40049",40828,""
FIX50SP2,DC,"1889 40049 40828",40868,""
FIX50SP2,DC,"1889 40049 40828",40945,""
FIX50SP2,DC,"1889 40049 40828",40977,""
FIX50SP2,DC,"1889 40049 40828",41161,""
FIX50SP2,DC,"1889 40049",40872,""
FIX50SP2,DC,"1889 40049 40872",42696,""
FIX50SP2,DC,"1889 40049 40872",42705,""
FIX50SP2,DC,"1889 40049",40946,""
FIX50SP2,DC,"1889 40049",40947,""
FIX50SP2,DC,"1889 40049",40948,""
FIX50SP2,DC,"1889 40049",40949,""
FIX50SP2,DC,"1889 40049",40950,""
FIX50SP2,DC,"1889 40049",40958,""
FIX50SP2,DC,"1889 40049",40959,""
FIX50SP2,DC,"1889 40049",40960,""
FIX50SP2,DC,"1889 40049",40961,""
FIX50SP2,DC,"1889 40049",41037,""
FIX50SP2,DC,"1889 40049 41037",41051,""
FIX50SP2,DC,"1889 40049 41037 41051",41054,""
FIX50SP2,DC,"1889 40049",41081,""
FIX50SP2,DC,"1889 40049",41085,""
FIX50SP2,DC,"1889 40049",41192,""
FIX50SP2,DC,"1889 40049",41220,""
FIX50SP2,DC,"1889 40049",41224,""
FIX50SP2,DC,"1889 40049",41227,""
FIX50SP2,DC,"1889 40049",41237,""
FIX50SP2,DC,"1889 40049",41241,""
FIX50SP2,DC,"1889 40049",41249,""
FIX50SP2,DC,"1889 40049",41277,""
FIX50SP2,DC,"1889 40049",41280,""
FIX50SP2,DC,"1889 40049",41289,""
FIX50SP2,DC,"1889 40049 41289",41283,""
FIX50SP2,DC,"1889 40049 41289 41283",41286,""
FIX50SP2,DC,"1889 40049",42236,""
FIX50SP2,DC,"1889 40049",42272,""
FIX50SP2,DC,"1889 40049",42274,""
FIX50SP2,DC,"1889 40049 42274",42294,""
FIX50SP2,DC,"1889 40049",42606,""
FIX50SP2,DC,"1889 40049",42620,""
FIX50SP2,DC,"1889 40049",42660,""
FIX50SP2,DC,"1889 40049",42683,""
FIX50SP2,DC,"1889 40049",42735,""
FIX50SP2,DC,"1889 40049 42735",42709,""
FIX50SP2,DC,"1889 40049 42735 42709",42770,""
FIX50SP2,DC,"1889 40049 42735 42709",42772,""
FIX50SP2,DC,"1889 40049 42735",42731,""
FIX50SP2,DC,"1889 40049 42735",42761,""
FIX50SP2,DC,"1889 40049 42735",42765,""
FIX50SP2,DC,"1889",40090,""
FIX50SP2,DC,"1889 40090",40142,""
FIX50SP2,DC,"1889 40090",40171,""
FIX50SP2,DC,"1889 40090",40174,""
FIX50SP2,DC,"1889 40090 40174",40178,""
FIX50SP2,DC,"1889 40090",40952,""
FIX50SP2,DC,"1889 40090",40953,""
FIX50SP2,DC,"1889 40090",40954,""
FIX50SP2,DC,"1889 40090",40955,""
FIX50SP2,DC,"1889 40090",40956,""
FIX50SP2,DC,"1889 40090",40957,""
FIX50SP2,DC,"1889",40181,""
FIX50SP2,DC,"1889 40181",40191,""
FIX50SP2,DC,"1889 40181 40191",40199,""
FIX50SP2,DC,"1889 40181",40201,""
FIX50SP2,DC,"1889 40181",40951,""
FIX50SP2,DC,"1889",40204,""
FIX50SP2,DC,"1889 40204",40209,""
FIX50SP2,DC,"1889",40278,""
FIX50SP2,DC,"1889",41092,""
FIX50SP2,DC,"1889",41094,""
FIX50SP2,DC,"1889",41096,""
FIX50SP2,DC,"1889",41116,""
FIX50SP2,DC,"1889",41137,""
FIX50SP2,DC,"1889",41140,""
FIX50SP2,DC,"1889",41152,""
FIX50SP2,DC,"1889",41230,""
FIX50SP2,DC,"1889",42296,""
FIX50SP2,DC,"1889",42775,""
FIX50SP2,DE,"",1677,""
FIX50SP2,DE,"1677",1669,""
FIX50SP2,DE,"1677 1669",1529,""
FIX50SP2,DE,"1677 1669 1529",1559,""
FIX50SP2,DE,"1677 1669",1534,""
FIX50SP2,DE,"1677 1669 1534",1540,""
FIX50SP2,DE,"1677",1671,""
FIX50SP2,DE,"1677 1671",1516,""
FIX50SP2,DE,"1677 1671 1516",1519,""
FIX50SP2,DE,"1677 1671",1562,""
FIX50SP2,DE,"1677 1671 1562",1514,""
FIX50SP2,DE,"1677 1671 1562",1566,""
FIX50SP2,DE,"1677 1671 1562",1569,""
FIX50SP2,DE,"1677 1671 1562 1569",1572,""
FIX50SP2,DE,"1677 1671",1694,""
FIX50SP2,DF,"",453,""
FIX50SP2,DF,"453",802,""
FIX50SP2,DF,"",454,""
FIX50SP2,DF,"",555,""
FIX50SP2,DF,"555",539,""
FIX50SP2,DF,"555 539",804,""
FIX50SP2,DF,"555",604,""
FIX50SP2,DF,"555",670,""
FIX50SP2,DF,"555 670",756,""
FIX50SP2,DF,"555 670 756",806,""
FIX50SP2,DF,"555",683,""
FIX50SP2,DF,"555",2059,""
FIX50SP2,DF,"555",2076,""
FIX50SP2,DF,"555",2218,""
FIX50SP2,DF,"555 2218",2250,""
FIX50SP2,DF,"555 2218 2250",2253,""
FIX50SP2,DF,"555 2218",41366,""
FIX50SP2,DF,"555 2218 41366",41374,""
FIX50SP2,DF,"555 2218",41379,""
FIX50SP2,DF,"555 2218 41379",41363,""
FIX50SP2,DF,"555 2218 41379",41376,""
FIX50SP2,DF,"555 2218 41379",41400,""
FIX50SP2,DF,"555 2218",41382,""
FIX50SP2,DF,"555 2218",41387,""
FIX50SP2,DF,"555 2218",41398,""
FIX50SP2,DF,"555",2254,""
FIX50SP2,DF,"555 2254",2258,""
FIX50SP2,DF,"555",2308,""
FIX50SP2,DF,"555",40241,""
FIX50SP2,DF,"555 40241",40367,""
FIX50SP2,DF,"555 40241",40374,""
FIX50SP2,DF,"555 40241 40374",40414,""
FIX50SP2,DF,"555 40241 40374",40927,""
FIX50SP2,DF,"555 40241 40374",40928,""
FIX50SP2,DF,"555 40241 40374",41530,""
FIX50SP2,DF,"555 40241",40418,""
FIX50SP2,DF,"555 40241 40418",42495,""
FIX50SP2,DF,"555 40241 40418",42504,""
FIX50SP2,DF,"555 40241",40902,""
FIX50SP2,DF,"555 40241",40929,""
FIX50SP2,DF,"555 40241",40930,""
FIX50SP2,DF,"555 40241",40931,""
FIX50SP2,DF,"555 40241",40932,""
FIX50SP2,DF,"555 40241",40933,""
FIX50SP2,DF,"555 40241",40940,""
FIX50SP2,DF,"555 40241",40941,""
FIX50SP2,DF,"555 40241",40942,""
FIX50SP2,DF,"555 40241",40943,""
FIX50SP2,DF,"555 40241",41408,""
FIX50SP2,DF,"555 40241 41408",41422,""
FIX50SP2,DF,"555 40241 41408 41422",41425,""
FIX50SP2,DF,"555 40241",41452,""
FIX50SP2,DF,"555 40241",41456,""
FIX50SP2,DF,"555 40241",41460,""
FIX50SP2,DF,"555 40241",41561,""
FIX50SP2,DF,"555 40241",41589,""
FIX50SP2,DF,"555 40241",41593,""
FIX50SP2,DF,"555 40241",41596,""
FIX50SP2,DF,"555 40241",41638,""
FIX50SP2,DF,"555 40241",41646,""
FIX50SP2,DF,"555 40241",41674,""
FIX50SP2,DF,"555 40241",41677,""
FIX50SP2,DF,"555 40241",41686,""
FIX50SP2,DF,"555 40241 41686",41680,""
FIX50SP2,DF,"555 40241 41686 41680",41683,""
FIX50SP2,DF,"555 40241",42310,""
FIX50SP2,DF,"555 40241",42364,""
FIX50SP2,DF,"555 40241",42366,""
FIX50SP2,DF,"555 40241 42366",42386,""
FIX50SP2,DF,"555 40241",42405,""
FIX50SP2,DF,"555 40241",42419,""
FIX50SP2,DF,"555 40241",42459,""
FIX50SP2,DF,"555 40241",42485,""
FIX50SP2,DF,"555 40241",42534,""
FIX50SP2,DF,"555 40241 42534",42508,""
FIX50SP2,DF,"555 40241 42534 42508",42569,""
FIX50SP2,DF,"555 40241 42534 42508",42571,""
FIX50SP2,DF,"555 40241 42534",42530,""
FIX50SP2,DF,"555 40241 42534",42560,""
FIX50SP2,DF,"555 40241 42534",42564,""
FIX50SP2,DF,"555",40448,""
FIX50SP2,DF,"555 40448",40473,""
FIX50SP2,DF,"555 40448",40495,""
FIX50SP2,DF,"555 40448",40533,""
FIX50SP2,DF,"555 40448 40533",40537,""
FIX50SP2,DF,"555 40448",40934,""
FIX50SP2,DF,"555 40448",40935,""
FIX50SP2,DF,"555 40448",40936,""
FIX50SP2,DF,"555 40448",40937,""
FIX50SP2,DF,"555 40448",40938,""
FIX50SP2,DF,"555 40448",40939,""
FIX50SP2,DF,"555",40923,""
FIX50SP2,DF,"555",41335,""
FIX50SP2,DF,"555 41335",41316,""
FIX50SP2,DF,"555",41344,""
FIX50SP2,DF,"555 41344",41342,""
FIX50SP2,DF,"555 41344",42306,""
FIX50SP2,DF,"555",41467,""
FIX50SP2,DF,"555",41469,""
FIX50SP2,DF,"555",41471,""
FIX50SP2,DF,"555",41491,""
FIX50SP2,DF,"555",41512,""
FIX50SP2,DF,"555",41515,""
FIX50SP2,DF,"555",41527,""
FIX50SP2,DF,"555",41599,""
FIX50SP2,DF,"555 41599",41604,""
FIX50SP2,DF,"555",41607,""
FIX50SP2,DF,"555",41616,""
FIX50SP2,DF,"555 41616",41614,""
FIX50SP2,DF,"555 41616",41625,""
FIX50SP2,DF,"555 41616 41625",41633,""
FIX50SP2,DF,"555 41616",41635,""
FIX50SP2,DF,"555",42388,""
FIX50SP2,DF,"555",42581,""
FIX50SP2,DF,"",711,""
FIX50SP2,DF,"711",457,""
FIX50SP2,DF,"711",887,""
FIX50SP2,DF,"711",1058,""
FIX50SP2,DF,"711 1058",1062,""
FIX50SP2,DF,"711",1981,""
FIX50SP2,DF,"711",2045,""
FIX50SP2,DF,"711 2045",2053,""
FIX50SP2,DF,"711 2045 2053",2056,""
FIX50SP2,DF,"711 2045",41716,""
FIX50SP2,DF,"711 2045 41716",41724,""
FIX50SP2,DF,"711 2045",41729,""
FIX50SP2,DF,"711 2045 41729",41713,""
FIX50SP2,DF,"711 2045 41729",41726,""
FIX50SP2,DF,"711 2045 41729",41750,""
FIX50SP2,DF,"711 2045",41732,""
FIX50SP2,DF,"711 2045",41737,""
FIX50SP2,DF,"711 2045",41748,""
FIX50SP2,DF,"711",2080,""
FIX50SP2,DF,"711",2312,""
FIX50SP2,DF,"711",40540,""
FIX50SP2,DF,"711 40540",40656,""
FIX50SP2,DF,"711 40540",40659,""
FIX50SP2,DF,"711 40540",40664,""
FIX50SP2,DF,"711 40540 40664",40704,""
FIX50SP2,DF,"711 40540 40664",40966,""
FIX50SP2,DF,"711 40540 40664",40967,""
FIX50SP2,DF,"711 40540 40664",41878,""
FIX50SP2,DF,"711 40540",40708,""
FIX50SP2,DF,"711 40540 40708",42991,""
FIX50SP2,DF,"711 40540 40708",43000,""
FIX50SP2,DF,"711 40540",40968,""
FIX50SP2,DF,"711 40540",40969,""
FIX50SP2,DF,"711 40540",40970,""
FIX50SP2,DF,"711 40540",40971,""
FIX50SP2,DF,"711 40540",40972,""
FIX50SP2,DF,"711 40540",40973,""
FIX50SP2,DF,"711 40540",40974,""
FIX50SP2,DF,"711 40540",40975,""
FIX50SP2,DF,"711 40540",40976,""
FIX50SP2,DF,"711 40540",41756,""
FIX50SP2,DF,"711 40540 41756",41770,""
FIX50SP2,DF,"711 40540 41756 41770",41773,""
FIX50SP2,DF,"711 40540",41800,""
FIX50SP2,DF,"711 40540",41804,""
FIX50SP2,DF,"711 40540",41808,""
FIX50SP2,DF,"711 40540",41909,""
FIX50SP2,DF,"711 40540",41937,""
FIX50SP2,DF,"711 40540",41941,""
FIX50SP2,DF,"711 40540",41944,""
FIX50SP2,DF,"711 40540",41954,""
FIX50SP2,DF,"711 40540",41962,""
FIX50SP2,DF,"711 40540",41990,""
FIX50SP2,DF,"711 40540",41993,""
FIX50SP2,DF,"711 40540",42002,""
FIX50SP2,DF,"711 40540 42002",41996,""
FIX50SP2,DF,"711 40540 42002 41996",41999,""
FIX50SP2,DF,"711 40540",42799,""
FIX50SP2,DF,"711 40540",42853,""
FIX50SP2,DF,"711 40540",42862,""
FIX50SP2,DF,"711 40540 42862",42882,""
FIX50SP2,DF,"711 40540",42901,""
FIX50SP2,DF,"711 40540",42915,""
FIX50SP2,DF,"711 40540",42955,""
FIX50SP2,DF,"711 40540",42981,""
FIX50SP2,DF,"711 40540",43034,""
FIX50SP2,DF,"711 40540 43034",43008,""
FIX50SP2,DF,"711 40540 43034 43008",43069,""
FIX50SP2,DF,"711 40540 43034 43008",43071,""
FIX50SP2,DF,"711 40540 43034",43030,""
FIX50SP2,DF,"711 40540 43034",43060,""
FIX50SP2,DF,"711 40540 43034",43064,""
FIX50SP2,DF,"711",40962,""
FIX50SP2,DF,"711",41820,""
FIX50SP2,DF,"711",41841,""
FIX50SP2,DF,"711",41844,""
FIX50SP2,DF,"711",41856,""
FIX50SP2,DF,"711",41864,""
FIX50SP2,DF,"711",41866,""
FIX50SP2,DF,"711",41868,""
FIX50SP2,DF,"711",41947,""
FIX50SP2,DF,"711",42036,""
FIX50SP2,DF,"711 42036",41340,""
FIX50SP2,DF,"711",42041,""
FIX50SP2,DF,"711 42041",42039,""
FIX50SP2,DF,"711 42041",42788,""
FIX50SP2,DF,"711",42060,""
FIX50SP2,DF,"711 42060",42065,""
FIX50SP2,DF,"711",42068,""
FIX50SP2,DF,"711 42068",42077,""
FIX50SP2,DF,"711 42068 42077",42085,""
FIX50SP2,DF,"711 42068",42087,""
FIX50SP2,DF,"711 42068",42090,""
FIX50SP2,DF,"711",42149,""
FIX50SP2,DF,"711 42149",42099,""
FIX50SP2,DF,"711 42149",42112,""
FIX50SP2,DF,"711 42149",42173,""
FIX50SP2,DF,"711 42149 42173",42177,""
FIX50SP2,DF,"711 42149",42180,""
FIX50SP2,DF,"711 42149",42182,""
FIX50SP2,DF,"711 42149",42184,""
FIX50SP2,DF,"711 42149",42186,""
FIX50SP2,DF,"711 42149",42188,""
FIX50SP2,DF,"711 42149",42190,""
FIX50SP2,DF,"711",42855,""
FIX50SP2,DF,"711",42884,""
FIX50SP2,DF,"711",43005,""
FIX50SP2,DF,"711",43074,""
FIX50SP2,DF,"",864,""
FIX50SP2,DF,"",1018,""
FIX50SP2,DF,"1018",1052,""
FIX50SP2,DF,"",1483,""
FIX50SP2,DF,"1483",1491,""
FIX50SP2,DF,"1483 1491",1494,""
FIX50SP2,DF,"1483",40997,""
FIX50SP2,DF,"1483 40997",41005,""
FIX50SP2,DF,"1483",41010,""
FIX50SP2,DF,"1483 41010",40994,""
FIX50SP2,DF,"1483 41010",41007,""
FIX50SP2,DF,"1483 41010",41031,""
FIX50SP2,DF,"1483",41013,""
FIX50SP2,DF,"1483",41018,""
FIX50SP2,DF,"1483",41029,""
FIX50SP2,DF,"",1562,""
FIX50SP2,DF,"1562",1514,""
FIX50SP2,DF,"1562",1566,""
FIX50SP2,DF,"1562",1569,""
FIX50SP2,DF,"1562 1569",1572,""
FIX50SP2,DF,"",1657,""
FIX50SP2,DF,"1657",1661,""
FIX50SP2,DF,"",1976,""
FIX50SP2,DF,"",2304,""
FIX50SP2,DF,"",40019,""
FIX50SP2,DF,"40019",40000,""
FIX50SP2,DF,"",40022,""
FIX50SP2,DF,"40022",40277,""
FIX50SP2,DF,"40022",42214,""
FIX50SP2,DF,"",40049,""
FIX50SP2,DF,"40049",40085,""
FIX50SP2,DF,"40049",40825,""
FIX50SP2,DF,"40049",40828,""
FIX50SP2,DF,"40049 40828",40868,""
FIX50SP2,DF,"40049 40828",40945,""
FIX50SP2,DF,"40049 40828",40977,""
FIX50SP2,DF,"40049 40828",41161,""
FIX50SP2,DF,"40049",40872,""
FIX50SP2,DF,"40049 40872",42696,""
FIX50SP2,DF,"40049 40872",42705,""
FIX50SP2,DF,"40049",40946,""
FIX50SP2,DF,"40049",40947,""
FIX50SP2,DF,"40049",40948,""
FIX50SP2,DF,"40049",40949,""
FIX50SP2,DF,"40049",40950,""
FIX50SP2,DF,"40049",40958,""
FIX50SP2,DF,"40049",40959,""
FIX50SP2,DF,"40049",40960,""
FIX50SP2,DF,"40049",40961,""
FIX50SP2,DF,"40049",41037,""
FIX50SP2,DF,"40049 41037",41051,""
FIX50SP2,DF,"40049 41037 41051",41054,""
FIX50SP2,DF,"40049",41081,""
FIX50SP2,DF,"40049",41085,""
FIX50SP2,DF,"40049",41192,""
FIX50SP2,DF,"40049",41220,""
FIX50SP2,DF,"40049",41224,""
FIX50SP2,DF,"40049",41227,""
FIX50SP2,DF,"40049",41237,""
FIX50SP2,DF,"40049",41241,""
FIX50SP2,DF,"40049",41249,""
FIX50SP2,DF,"40049",41277,""
FIX50SP2,DF,"40049",41280,""
FIX50SP2,DF,"40049",41289,""
FIX50SP2,DF,"40049 41289",41283,""
FIX50SP2,DF,"40049 41289 41283",41286,""
FIX50SP2,DF,"40049",42236,""
FIX50SP2,DF,"40049",42272,""
FIX50SP2,DF,"40049",42274,""
FIX50SP2,DF,"40049 42274",42294,""
FIX50SP2,DF,"40049",42606,""
FIX50SP2,DF,"40049",42620,""
FIX50SP2,DF,"40049",42660,""
FIX50SP2,DF,"40049",42683,""
FIX50SP2,DF,"40049",42735,""
FIX50SP2,DF,"40049 42735",42709,""
FIX50SP2,DF,"40049 42735 42709",42770,""
FIX50SP2,DF,"40049 42735 42709",42772,""
FIX50SP2,DF,"40049 42735",42731,""
FIX50SP2,DF,"40049 42735",42761,""
FIX50SP2,DF,"40049 42735",42765,""
FIX50SP2,DF,"",40090,""
FIX50SP2,DF,"40090",40142,""
FIX50SP2,DF,"40090",40171,""
FIX50SP2,DF,"40090",40174,""
FIX50SP2,DF,"40090 40174",40178,""
FIX50SP2,DF,"40090",40952,""
FIX50SP2,DF,"40090",40953,""
FIX50SP2,DF,"40090",40954,""
FIX50SP2,DF,"40090",40955,""
FIX50SP2,DF,"40090",40956,""
FIX50SP2,DF,"40090",40957,""
FIX50SP2,DF,"",40181,""
FIX50SP2,DF,"40181",40191,""
FIX50SP2,DF,"40181 40191",40199,""
FIX50SP2,DF,"40181",40201,""
FIX50SP2,DF,"40181",40951,""
FIX50SP2,DF,"",40204,""
FIX50SP2,DF,"40204",40209,""
FIX50SP2,DF,"",40278,""
FIX50SP2,DF,"",41092,""
FIX50SP2,DF,"",41094,""
FIX50SP2,DF,"",41096,""
FIX50SP2,DF,"",41116,""
FIX50SP2,DF,"",41137,""
FIX50SP2,DF,"",41140,""
FIX50SP2,DF,"",41152,""
FIX50SP2,DF,"",41230,""
FIX50SP2,DF,"",42296,""
FIX50SP2,DF,"",42775,""
FIX50SP2,DG,"",453,""
FIX50SP2,DG,"453",802,""
FIX50SP2,DG,"",454,""
FIX50SP2,DG,"",555,""
FIX50SP2,DG,"555",539,""
FIX50SP2,DG,"555 539",804,""
FIX50SP2,DG,"555",604,""
FIX50SP2,DG,"555",670,""
FIX50SP2,DG,"555 670",756,""
FIX50SP2,DG,"555 670 756",806,""
FIX50SP2,DG,"555",683,""
FIX50SP2,DG,"555",2059,""
FIX50SP2,DG,"555",2076,""
FIX50SP2,DG,"555",2218,""
FIX50SP2,DG,"555 2218",2250,""
FIX50SP2,DG,"555 2218 2250",2253,""
FIX50SP2,DG,"555 2218",41366,""
FIX50SP2,DG,"555 2218 41366",41374,""
FIX50SP2,DG,"555 2218",41379,""
FIX50SP2,DG,"555 2218 41379",41363,""
FIX50SP2,DG,"555 2218 41379",41376,""
FIX50SP2,DG,"555 2218 41379",41400,""
FIX50SP2,DG,"555 2218",41382,""
FIX50SP2,DG,"555 2218",41387,""
FIX50SP2,DG,"555 2218",41398,""
FIX50SP2,DG,"555",2254,""
FIX50SP2,DG,"555 2254",2258,""
FIX50SP2,DG,"555",2308,""
FIX50SP2,DG,"555",40241,""
FIX50SP2,DG,"555 40241",40367,""
FIX50SP2,DG,"555 40241",40374,""
FIX50SP2,DG,"555 40241 40374",40414,""
FIX50SP2,DG,"555 40241 40374",40927,""
FIX50SP2,DG,"555 40241 40374",40928,""
FIX50SP2,DG,"555 40241 40374",41530,""
FIX50SP2,DG,"555 40241",40418,""
FIX50SP2,DG,"555 40241 40418",42495,""
FIX50SP2,DG,"555 40241 40418",42504,""
FIX50SP2,DG,"555 40241",40902,""
FIX50SP2,DG,"555 40241",40929,""
FIX50SP2,DG,"555 40241",40930,""
FIX50SP2,DG,"555 40241",40931,""
FIX50SP2,DG,"555 40241",40932,""
FIX50SP2,DG,"555 40241",40933,""
FIX50SP2,DG,"555 40241",40940,""
FIX50SP2,DG,"555 40241",40941,""
FIX50SP2,DG,"555 40241",40942,""
FIX50SP2,DG,"555 40241",40943,""
FIX50SP2,DG,"555 40241",41408,""
FIX50SP2,DG,"555 40241 41408",41422,""
FIX50SP2,DG,"555 40241 41408 41422",41425,""
FIX50SP2,DG,"555 40241",41452,""
FIX50SP2,DG,"555 40241",41456,""
FIX50SP2,DG,"555 40241",41460,""
FIX50SP2,DG,"555 40241",41561,""
FIX50SP2,DG,"555 40241",41589,""
FIX50SP2,DG,"555 40241",41593,""
FIX50SP2,DG,"555 40241",41596,""
FIX50SP2,DG,"555 40241",41638,""
FIX50SP2,DG,"555 40241",41646,""
FIX50SP2,DG,"555 40241",41674,""
FIX50SP2,DG,"555 40241",41677,""
FIX50SP2,DG,"555 40241",41686,""
FIX50SP2,DG,"555 40241 41686",41680,""
FIX50SP2,DG,"555 40241 41686 41680",41683,""
FIX50SP2,DG,"555 40241",42310,""
FIX50SP2,DG,"555 40241",42364,""
FIX50SP2,DG,"555 40241",42366,""
FIX50SP2,DG,"555 40241 42366",42386,""
FIX50SP2,DG,"555 40241",42405,""
FIX50SP2,DG,"555 40241",42419,""
FIX50SP2,DG,"555 40241",42459,""
FIX50SP2,DG,"555 40241",42485,""
FIX50SP2,DG,"555 40241",42534,""
FIX50SP2,DG,"555 40241 42534",42508,""
FIX50SP2,DG,"555 40241 42534 42508",42569,""
FIX50SP2,DG,"555 40241 42534 42508",42571,""
FIX50SP2,DG,"555 40241 42534",42530,""
FIX50SP2,DG,"555 40241 42534",42560,""
FIX50SP2,DG,"555 40241 42534",42564,""
FIX50SP2,DG,"555",40448,""
FIX50SP2,DG,"555 40448",40473,""
FIX50SP2,DG,"555 40448",40495,""
FIX50SP2,DG,"555 40448",40533,""
FIX50SP2,DG,"555 40448 40533",40537,""
FIX50SP2,DG,"555 40448",40934,""
FIX50SP2,DG,"555 40448",40935,""
FIX50SP2,DG,"555 40448",40936,""
FIX50SP2,DG,"555 40448",40937,""
FIX50SP2,DG,"555 40448",40938,""
FIX50SP2,DG,"555 40448",40939,""
FIX50SP2,DG,"555",40923,""
FIX50SP2,DG,"555",41335,""
FIX50SP2,DG,"555 41335",41316,""
FIX50SP2,DG,"555",41344,""
FIX50SP2,DG,"555 41344",41342,""
FIX50SP2,DG,"555 41344",42306,""
FIX50SP2,DG,"555",41467,""
FIX50SP2,DG,"555",41469,""
FIX50SP2,DG,"555",41471,""
FIX50SP2,DG,"555",41491,""
FIX50SP2,DG,"555",41512,""
FIX50SP2,DG,"555",41515,""
FIX50SP2,DG,"555",41527,""
FIX50SP2,DG,"555",41599,""
FIX50SP2,DG,"555 41599",41604,""
FIX50SP2,DG,"555",41607,""
FIX50SP2,DG,"555",41616,""
FIX50SP2,DG,"555 41616",41614,""
FIX50SP2,DG,"555 41616",41625,""
FIX50SP2,DG,"555 41616 41625",41633,""
FIX50SP2,DG,"555 41616",41635,""
FIX50SP2,DG,"555",42388,""
FIX50SP2,DG,"555",42581,""
FIX50SP2,DG,"",711,""
FIX50SP2,DG,"711",457,""
FIX50SP2,DG,"711",887,""
FIX50SP2,DG,"711",1058,""
FIX50SP2,DG,"711 1058",1062,""
FIX50SP2,DG,"711",1981,""
FIX50SP2,DG,"711",2045,""
FIX50SP2,DG,"711 2045",2053,""
FIX50SP2,DG,"711 2045 2053",2056,""
FIX50SP2,DG,"711 2045",41716,""
FIX50SP2,DG,"711 2045 41716",41724,""
FIX50SP2,DG,"711 2045",41729,""
FIX50SP2,DG,"711 2045 41729",41713,""
FIX50SP2,DG,"711 2045 41729",41726,""
FIX50SP2,DG,"711 2045 41729",41750,""
FIX50SP2,DG,"711 2045",41732,""
FIX50SP2,DG,"711 2045",41737,""
FIX50SP2,DG,"711 2045",41748,""
FIX50SP2,DG,"711",2080,""
FIX50SP2,DG,"711",2312,""
FIX50SP2,DG,"711",40540,""
FIX50SP2,DG,"711 40540",40656,""
FIX50SP2,DG,"711 40540",40659,""
FIX50SP2,DG,"711 40540",40664,""
FIX50SP2,DG,"711 40540 40664",40704,""
FIX50SP2,DG,"711 40540 40664",40966,""
FIX50SP2,DG,"711 40540 40664",40967,""
FIX50SP2,DG,"711 40540 40664",41878,""
FIX50SP2,DG,"711 40540",40708,""
FIX50SP2,DG,"711 40540 40708",42991,""
FIX50SP2,DG,"711 40540 40708",43000,""
FIX50SP2,DG,"711 40540",40968,""
FIX50SP2,DG,"711 40540",40969,""
FIX50SP2,DG,"711 40540",40970,""
FIX50SP2,DG,"711 40540",40971,""
FIX50SP2,DG,"711 40540",40972,""
FIX50SP2,DG,"711 40540",40973,""
FIX50SP2,DG,"711 40540",40974,""
FIX50SP2,DG,"711 40540",40975,""
FIX50SP2,DG,"711 40540",40976,""
FIX50SP2,DG,"711 40540",41756,""
FIX50SP2,DG,"711 40540 41756",41770,""
FIX50SP2,DG,"711 40540 41756 41770",41773,""
FIX50SP2,DG,"711 40540",41800,""
FIX50SP2,DG,"711 40540",41804,""
FIX50SP2,DG,"711 40540",41808,""
FIX50SP2,DG,"711 40540",41909,""
FIX50SP2,DG,"711 40540",41937,""
FIX50SP2,DG,"711 40540",41941,""
FIX50SP2,DG,"711 40540",41944,""
FIX50SP2,DG,"711 40540",41954,""
FIX50SP2,DG,"711 40540",41962,""
FIX50SP2,DG,"711 40540",41990,""
FIX50SP2,DG,"711 40540",41993,""
FIX50SP2,DG,"711 40540",42002,""
FIX50SP2,DG,"711 40540 42002",41996,""
FIX50SP2,DG,"711 40540 42002 41996",41999,""
FIX50SP2,DG,"711 40540",42799,""
FIX50SP2,DG,"711 40540",42853,""
FIX50SP2,DG,"711 40540",42862,""
FIX50SP2,DG,"711 40540 42862",42882,""
FIX50SP2,DG,"711 40540",42901,""
FIX50SP2,DG,"711 40540",42915,""
FIX50SP2,DG,"711 40540",42955,""
FIX50SP2,DG,"711 40540",42981,""
FIX50SP2,DG,"711 40540",43034,""
FIX50SP2,DG,"711 40540 43034",43008,""
FIX50SP2,DG,"711 40540 43034 43008",43069,""
FIX50SP2,DG,"711 40540 43034 43008",43071,""
FIX50SP2,DG,"711 40540 43034",43030,""
FIX50SP2,DG,"711 40540 43034",43060,""
FIX50SP2,DG,"711 40540 43034",43064,""
FIX50SP2,DG,"711",40962,""
FIX50SP2,DG,"711",41820,""
FIX50SP2,DG,"711",41841,""
FIX50SP2,DG,"711",41844,""
FIX50SP2,DG,"711",41856,""
FIX50SP2,DG,"711",41864,""
FIX50SP2,DG,"711",41866,""
FIX50SP2,DG,"711",41868,""
FIX50SP2,DG,"711",41947,""
FIX50SP2,DG,"711",42036,""
FIX50SP2,DG,"711 42036",41340,""
FIX50SP2,DG,"711",42041,""
FIX50SP2,DG,"711 42041",42039,""
FIX50SP2,DG,"711 42041",42788,""
FIX50SP2,DG,"711",42060,""
FIX50SP2,DG,"711 42060",42065,""
FIX50SP2,DG,"711",42068,""
FIX50SP2,DG,"711 42068",42077,""
FIX50SP2,DG,"711 42068 42077",42085,""
FIX50SP2,DG,"711 42068",42087,""
FIX50SP2,DG,"711 42068",42090,""
FIX50SP2,DG,"711",42149,""
FIX50SP2,DG,"711 42149",42099,""
FIX50SP2,DG,"711 42149",42112,""
FIX50SP2,DG,"711 42149",42173,""
FIX50SP2,DG,"711 42149 42173",42177,""
FIX50SP2,DG,"711 42149",42180,""
FIX50SP2,DG,"711 42149",42182,""
FIX50SP2,DG,"711 42149",42184,""
FIX50SP2,DG,"711 42149",42186,""
FIX50SP2,DG,"711 42149",42188,""
FIX50SP2,DG,"711 42149",42190,""
FIX50SP2,DG,"711",42855,""
FIX50SP2,DG,"711",42884,""
FIX50SP2,DG,"711",43005,""
FIX50SP2,DG,"711",43074,""
FIX50SP2,DG,"",864,""
FIX50SP2,DG,"",1018,""
FIX50SP2,DG,"1018",1052,""
FIX50SP2,DG,"",1483,""
FIX50SP2,DG,"1483",1491,""
FIX50SP2,DG,"1483 1491",1494,""
FIX50SP2,DG,"1483",40997,""
FIX50SP2,DG,"1483 40997",41005,""
FIX50SP2,DG,"1483",41010,""
FIX50SP2,DG,"1483 41010",40994,""
FIX50SP2,DG,"1483 41010",41007,""
FIX50SP2,DG,"1483 41010",41031,""
FIX50SP2,DG,"1483",41013,""
FIX50SP2,DG,"1483",41018,""
FIX50SP2,DG,"1483",41029,""
FIX50SP2,DG,"",1562,""
FIX50SP2,DG,"1562",1514,""
FIX50SP2,DG,"1562",1566,""
FIX50SP2,DG,"1562",1569,""
FIX50SP2,DG,"1562 1569",1572,""
FIX50SP2,DG,"",1657,""
FIX50SP2,DG,"1657",1661,""
FIX50SP2,DG,"",1976,""
FIX50SP2,DG,"",2304,""
FIX50SP2,DG,"",40019,""
FIX50SP2,DG,"40019",40000,""
FIX50SP2,DG,"",40022,""
FIX50SP2,DG,"40022",40277,""
FIX50SP2,DG,"40022",42214,""
FIX50SP2,DG,"",40049,""
FIX50SP2,DG,"40049",40085,""
FIX50SP2,DG,"40049",40825,""
FIX50SP2,DG,"40049",40828,""
FIX50SP2,DG,"40049 40828",40868,""
FIX50SP2,DG,"40049 40828",40945,""
FIX50SP2,DG,"40049 40828",40977,""
FIX50SP2,DG,"40049 40828",41161,""
FIX50SP2,DG,"40049",40872,""
FIX50SP2,DG,"40049 40872",42696,""
FIX50SP2,DG,"40049 40872",42705,""
FIX50SP2,DG,"40049",40946,""
FIX50SP2,DG,"40049",40947,""
FIX50SP2,DG,"40049",40948,""
FIX50SP2,DG,"40049",40949,""
FIX50SP2,DG,"40049",40950,""
FIX50SP2,DG,"40049",40958,""
FIX50SP2,DG,"40049",40959,""
FIX50SP2,DG,"40049",40960,""
FIX50SP2,DG,"40049",40961,""
FIX50SP2,DG,"40049",41037,""
FIX50SP2,DG,"40049 41037",41051,""
FIX50SP2,DG,"40049 41037 41051",41054,""
FIX50SP2,DG,"40049",41081,""
FIX50SP2,DG,"40049",41085,""
FIX50SP2,DG,"40049",41192,""
FIX50SP2,DG,"40049",41220,""
FIX50SP2,DG,"40049",41224,""
FIX50SP2,DG,"40049",41227,""
FIX50SP2,DG,"40049",41237,""
FIX50SP2,DG,"40049",41241,""
FIX50SP2,DG,"40049",41249,""
FIX50SP2,DG,"40049",41277,""
FIX50SP2,DG,"40049",41280,""
FIX50SP2,DG,"40049",41289,""
FIX50SP2,DG,"40049 41289",41283,""
FIX50SP2,DG,"40049 41289 41283",41286,""
FIX50SP2,DG,"40049",42236,""
FIX50SP2,DG,"40049",42272,""
FIX50SP2,DG,"40049",42274,""
FIX50SP2,DG,"40049 42274",42294,""
FIX50SP2,DG,"40049",42606,""
FIX50SP2,DG,"40049",42620,""
FIX50SP2,DG,"40049",42660,""
FIX50SP2,DG,"40049",42683,""
FIX50SP2,DG,"40049",42735,""
FIX50SP2,DG,"40049 42735",42709,""
FIX50SP2,DG,"40049 42735 42709",42770,""
FIX50SP2,DG,"40049 42735 42709",42772,""
FIX50SP2,DG,"40049 42735",42731,""
FIX50SP2,DG,"40049 42735",42761,""
FIX50SP2,DG,"40049 42735",42765,""
FIX50SP2,DG,"",40090,""
FIX50SP2,DG,"40090",40142,""
FIX50SP2,DG,"40090",40171,""
FIX50SP2,DG,"40090",40174,""
FIX50SP2,DG,"40090 40174",40178,""
FIX50SP2,DG,"40090",40952,""
FIX50SP2,DG,"40090",40953,""
FIX50SP2,DG,"40090",40954,""
FIX50SP2,DG,"40090",40955,""
FIX50SP2,DG,"40090",40956,""
FIX50SP2,DG,"40090",40957,""
FIX50SP2,DG,"",40181,""
FIX50SP2,DG,"40181",40191,""
FIX50SP2,DG,"40181 40191",40199,""
FIX50SP2,DG,"40181",40201,""
FIX50SP2,DG,"40181",40951,""
FIX50SP2,DG,"",40204,""
FIX50SP2,DG,"40204",40209,""
FIX50SP2,DG,"",40278,""
FIX50SP2,DG,"",41092,""
FIX50SP2,DG,"",41094,""
FIX50SP2,DG,"",41096,""
FIX50SP2,DG,"",41116,""
FIX50SP2,DG,"",41137,""
FIX50SP2,DG,"",41140,""
FIX50SP2,DG,"",41152,""
FIX50SP2,DG,"",41230,""
FIX50SP2,DG,"",42296,""
FIX50SP2,DG,"",42775,""
FIX50SP2,DH,"",453,""
FIX50SP2,DH,"453",802,""
FIX50SP2,DH,"",1540,""
FIX50SP2,DH,"",1562,""
FIX50SP2,DH,"1562",1514,""
FIX50SP2,DH,"1562",1566,""
FIX50SP2,DH,"1562",1569,""
FIX50SP2,DH,"1562 1569",1572,""
FIX50SP2,DH,"",1657,""
FIX50SP2,DH,"1657",1661,""
FIX50SP2,DI,"",453,""
FIX50SP2,DI,"453",802,""
FIX50SP2,DI,"",1540,""
FIX50SP2,DI,"",1562,""
FIX50SP2,DI,"1562",1514,""
FIX50SP2,DI,"1562",1566,""
FIX50SP2,DI,"1562",1569,""
FIX50SP2,DI,"1562 1569",1572,""
FIX50SP2,DI,"",1657,""
FIX50SP2,DI,"1657",1661,""
FIX50SP2,DJ,"",453,""
FIX50SP2,DJ,"453",802,""
FIX50SP2,DJ,"",2428,""
FIX50SP2,DJ,"2428",454,""
FIX50SP2,DJ,"2428",864,""
FIX50SP2,DJ,"2428",1018,""
FIX50SP2,DJ,"2428 1018",1052,""
FIX50SP2,DJ,"2428",1483,""
FIX50SP2,DJ,"2428 1483",1491,""
FIX50SP2,DJ,"2428 1483 1491",1494,""
FIX50SP2,DJ,"2428 1483",40997,""
FIX50SP2,DJ,"2428 1483 40997",41005,""
FIX50SP2,DJ,"2428 1483",41010,""
FIX50SP2,DJ,"2428 1483 41010",40994,""
FIX50SP2,DJ,"2428 1483 41010",41007,""
FIX50SP2,DJ,"2428 1483 41010",41031,""
FIX50SP2,DJ,"2428 1483",41013,""
FIX50SP2,DJ,"2428 1483",41018,""
FIX50SP2,DJ,"2428 1483",41029,""
FIX50SP2,DJ,"2428",1976,""
FIX50SP2,DJ,"2428",2304,""
FIX50SP2,DJ,"2428",40019,""
FIX50SP2,DJ,"2428 40019",40000,""
FIX50SP2,DJ,"2428",40022,""
FIX50SP2,DJ,"2428 40022",40277,""
FIX50SP2,DJ,"2428 40022",42214,""
FIX50SP2,DJ,"2428",40049,""
FIX50SP2,DJ,"2428 40049",40085,""
FIX50SP2,DJ,"2428 40049",40825,""
FIX50SP2,DJ,"2428 40049",40828,""
FIX50SP2,DJ,"2428 40049 40828",40868,""
FIX50SP2,DJ,"2428 40049 40828",40945,""
FIX50SP2,DJ,"2428 40049 40828",40977,""
FIX50SP2,DJ,"2428 40049 40828",41161,""
FIX50SP2,DJ,"2428 40049",40872,""
FIX50SP2,DJ,"2428 40049 40872",42696,""
FIX50SP2,DJ,"2428 40049 40872",42705,""
FIX50SP2,DJ,"2428 40049",40946,""
FIX50SP2,DJ,"2428 40049",40947,""
FIX50SP2,DJ,"2428 40049",40948,""
FIX50SP2,DJ,"2428 40049",40949,""
FIX50SP2,DJ,"2428 40049",40950,""
FIX50SP2,DJ,"2428 40049",40958,""
FIX50SP2,DJ,"2428 40049",40959,""
FIX50SP2,DJ,"2428 40049",40960,""
FIX50SP2,DJ,"2428 40049",40961,""
FIX50SP2,DJ,"2428 40049",41037,""
FIX50SP2,DJ,"2428 40049 41037",41051,""
FIX50SP2,DJ,"2428 40049 41037 41051",41054,""
FIX50SP2,DJ,"2428 40049",41081,""
FIX50SP2,DJ,"2428 40049",41085,""
FIX50SP2,DJ,"2428 40049",41192,""
FIX50SP2,DJ,"2428 40049",41220,""
FIX50SP2,DJ,"2428 40049",41224,""
FIX50SP2,DJ,"2428 40049",41227,""
FIX50SP2,DJ,"2428 40049",41237,""
FIX50SP2,DJ,"2428 40049",41241,""
FIX50SP2,DJ,"2428 40049",41249,""
FIX50SP2,DJ,"2428 40049",41277,""
FIX50SP2,DJ,"2428 40049",41280,""
FIX50SP2,DJ,"2428 40049",41289,""
FIX50SP2,DJ,"2428 40049 41289",41283,""
FIX50SP2,DJ,"2428 40049 41289 41283",41286,""
FIX50SP2,DJ,"2428 40049",42236,""
FIX50SP2,DJ,"2428 40049",42272,""
FIX50SP2,DJ,"2428 40049",42274,""
FIX50SP2,DJ,"2428 40049 42274",42294,""
FIX50SP2,DJ,"2428 40049",42606,""
FIX50SP2,DJ,"2428 40049",42620,""
FIX50SP2,DJ,"2428 40049",42660,""
FIX50SP2,DJ,"2428 40049",42683,""
FIX50SP2,DJ,"2428 40049",42735,""
FIX50SP2,DJ,"2428 40049 42735",42709,""
FIX50SP2,DJ,"2428 40049 42735 42709",42770,""
FIX50SP2,DJ,"2428 40049 42735 42709",42772,""
FIX50SP2,DJ,"2428 40049 42735",42731,""
FIX50SP2,DJ,"2428 40049 42735",42761,""
FIX50SP2,DJ,"2428 40049 42735",42765,""
FIX50SP2,DJ,"2428",40090,""
FIX50SP2,DJ,"2428 40090",40142,""
FIX50SP2,DJ,"2428 40090",40171,""
FIX50SP2,DJ,"2428 40090",40174,""
FIX50SP2,DJ,"2428 40090 40174",40178,""
FIX50SP2,DJ,"2428 40090",40952,""
FIX50SP2,DJ,"2428 40090",40953,""
FIX50SP2,DJ,"2428 40090",40954,""
FIX50SP2,DJ,"2428 40090",40955,""
FIX50SP2,DJ,"2428 40090",40956,""
FIX50SP2,DJ,"2428 40090",40957,""
FIX50SP2,DJ,"2428",40181,""
FIX50SP2,DJ,"2428 40181",40191,""
FIX50SP2,DJ,"2428 40181 40191",40199,""
FIX50SP2,DJ,"2428 40181",40201,""
FIX50SP2,DJ,"2428 40181",40951,""
FIX50SP2,DJ,"2428",40204,""
FIX50SP2,DJ,"2428 40204",40209,""
FIX50SP2,DJ,"2428",40278,""
FIX50SP2,DJ,"2428",41092,""
FIX50SP2,DJ,"2428",41094,""
FIX50SP2,DJ,"2428",41096,""
FIX50SP2,DJ,"2428",41116,""
FIX50SP2,DJ,"2428",41137,""
FIX50SP2,DJ,"2428",41140,""
FIX50SP2,DJ,"2428",41152,""
FIX50SP2,DJ,"2428",41230,""
FIX50SP2,DJ,"2428",42296,""
FIX50SP2,DJ,"2428",42775,""
FIX50SP2,DK,"",453,""
FIX50SP2,DK,"453",802,""
FIX50SP2,DK,"",2428,""
FIX50SP2,DK,"2428",454,""
FIX50SP2,DK,"2428",864,""
FIX50SP2,DK,"2428",1018,""
FIX50SP2,DK,"2428 1018",1052,""
FIX50SP2,DK,"2428",1483,""
FIX50SP2,DK,"2428 1483",1491,""
FIX50SP2,DK,"2428 1483 1491",1494,""
FIX50SP2,DK,"2428 1483",40997,""
FIX50SP2,DK,"2428 1483 40997",41005,""
FIX50SP2,DK,"2428 1483",41010,""
FIX50SP2,DK,"2428 1483 41010",40994,""
FIX50SP2,DK,"2428 1483 41010",41007,""
FIX50SP2,DK,"2428 1483 41010",41031,""
FIX50SP2,DK,"2428 1483",41013,""
FIX50SP2,DK,"2428 1483",41018,""
FIX50SP2,DK,"2428 1483",41029,""
FIX50SP2,DK,"2428",1976,""
FIX50SP2,DK,"2428",2304,""
FIX50SP2,DK,"2428",40019,""
FIX50SP2,DK,"2428 40019",40000,""
FIX50SP2,DK,"2428",40022,""
FIX50SP2,DK,"2428 40022",40277,""
FIX50SP2,DK,"2428 40022",42214,""
FIX50SP2,DK,"2428",40049,""
FIX50SP2,DK,"2428 40049",40085,""
FIX50SP2,DK,"2428 40049",40825,""
FIX50SP2,DK,"2428 40049",40828,""
FIX50SP2,DK,"2428 40049 40828",40868,""
FIX50SP2,DK,"2428 40049 40828",40945,""
FIX50SP2,DK,"2428 40049 40828",40977,""
FIX50SP2,DK,"2428 40049 40828",41161,""
FIX50SP2,DK,"2428 40049",40872,""
FIX50SP2,DK,"2428 40049 40872",42696,""
FIX50SP2,DK,"2428 40049 40872",42705,""
FIX50SP2,DK,"2428 40049",40946,""
FIX50SP2,DK,"2428 40049",40947,""
FIX50SP2,DK,"2428 40049",40948,""
FIX50SP2,DK,"2428 40049",40949,""
FIX50SP2,DK,"2428 40049",40950,""
FIX50SP2,DK,"2428 40049",40958,""
FIX50SP2,DK,"2428 40049",40959,""
FIX50SP2,DK,"2428 40049",40960,""
FIX50SP2,DK,"2428 40049",40961,""
FIX50SP2,DK,"2428 40049",41037,""
FIX50SP2,DK,"2428 40049 41037",41051,""
FIX50SP2,DK,"2428 40049 41037 41051",41054,""
FIX50SP2,DK,"2428 40049",41081,""
FIX50SP2,DK,"2428 40049",41085,""
FIX50SP2,DK,"2428 40049",41192,""
FIX50SP2,DK,"2428 40049",41220,""
FIX50SP2,DK,"2428 40049",41224,""
FIX50SP2,DK,"2428 40049",41227,""
FIX50SP2,DK,"2428 40049",41237,""
FIX50SP2,DK,"2428 40049",41241,""
FIX50SP2,DK,"2428 40049",41249,""
FIX50SP2,DK,"2428 40049",41277,""
FIX50SP2,DK,"2428 40049",41280,""
FIX50SP2,DK,"2428 40049",41289,""
FIX50SP2,DK,"2428 40049 41289",41283,""
FIX50SP2,DK,"2428 40049 41289 41283",41286,""
FIX50SP2,DK,"2428 40049",42236,""
FIX50SP2,DK,"2428 40049",42272,""
FIX50SP2,DK,"2428 40049",42274,""
FIX50SP2,DK,"2428 40049 42274",42294,""
FIX50SP2,DK,"2428 40049",42606,""
FIX50SP2,DK,"2428 40049",42620,""
FIX50SP2,DK,"2428 40049",42660,""
FIX50SP2,DK,"2428 40049",42683,""
FIX50SP2,DK,"2428 40049",42735,""
FIX50SP2,DK,"2428 40049 42735",42709,""
FIX50SP2,DK,"2428 40049 42735 42709",42770,""
FIX50SP2,DK,"2428 40049 42735 42709",42772,""
FIX50SP2,DK,"2428 40049 42735",42731,""
FIX50SP2,DK,"2428 40049 42735",42761,""
FIX50SP2,DK,"2428 40049 42735",42765,""
FIX50SP2,DK,"2428",40090,""
FIX50SP2,DK,"2428 40090",40142,""
FIX50SP2,DK,"2428 40090",40171,""
FIX50SP2,DK,"2428 40090",40174,""
FIX50SP2,DK,"2428 40090 40174",40178,""
FIX50SP2,DK,"2428 40090",40952,""
FIX50SP2,DK,"2428 40090",40953,""
FIX50SP2,DK,"2428 40090",40954,""
FIX50SP2,DK,"2428 40090",40955,""
FIX50SP2,DK,"2428 40090",40956,""
FIX50SP2,DK,"2428 40090",40957,""
FIX50SP2,DK,"2428",40181,""
FIX50SP2,DK,"2428 40181",40191,""
FIX50SP2,DK,"2428 40181 40191",40199,""
FIX50SP2,DK,"2428 40181",40201,""
FIX50SP2,DK,"2428 40181",40951,""
FIX50SP2,DK,"2428",40204,""
FIX50SP2,DK,"2428 40204",40209,""
FIX50SP2,DK,"2428",40278,""
FIX50SP2,DK,"2428",41092,""
FIX50SP2,DK,"2428",41094,""
FIX50SP2,DK,"2428",41096,""
FIX50SP2,DK,"2428",41116,""
FIX50SP2,DK,"2428",41137,""
FIX50SP2,DK,"2428",41140,""
FIX50SP2,DK,"2428",41152,""
FIX50SP2,DK,"2428",41230,""
FIX50SP2,DK,"2428",42296,""
FIX50SP2,DK,"2428",42775,""
FIX50SP2,DL,"",453,""
FIX50SP2,DL,"453",802,""
FIX50SP2,DL,"",454,""
FIX50SP2,DL,"",702,""
FIX50SP2,DL,"702",539,""
FIX50SP2,DL,"702 539",804,""
FIX50SP2,DL,"",711,""
FIX50SP2,DL,"711",457,""
FIX50SP2,DL,"711",887,""
FIX50SP2,DL,"711",1058,""
FIX50SP2,DL,"711 1058",1062,""
FIX50SP2,DL,"711",1981,""
FIX50SP2,DL,"711",2045,""
FIX50SP2,DL,"711 2045",2053,""
FIX50SP2,DL,"711 2045 2053",2056,""
FIX50SP2,DL,"711 2045",41716,""
FIX50SP2,DL,"711 2045 41716",41724,""
FIX50SP2,DL,"711 2045",41729,""
FIX50SP2,DL,"711 2045 41729",41713,""
FIX50SP2,DL,"711 2045 41729",41726,""
FIX50SP2,DL,"711 2045 41729",41750,""
FIX50SP2,DL,"711 2045",41732,""
FIX50SP2,DL,"711 2045",41737,""
FIX50SP2,DL,"711 2045",41748,""
FIX50SP2,DL,"711",2080,""
FIX50SP2,DL,"711",2312,""
FIX50SP2,DL,"711",40540,""
FIX50SP2,DL,"711 40540",40656,""
FIX50SP2,DL,"711 40540",40659,""
FIX50SP2,DL,"711 40540",40664,""
FIX50SP2,DL,"711 40540 40664",40704,""
FIX50SP2,DL,"711 40540 40664",40966,""
FIX50SP2,DL,"711 40540 40664",40967,""
FIX50SP2,DL,"711 40540 40664",41878,""
FIX50SP2,DL,"711 40540",40708,""
FIX50SP2,DL,"711 40540 40708",42991,""
FIX50SP2,DL,"711 40540 40708",43000,""
FIX50SP2,DL,"711 40540",40968,""
FIX50SP2,DL,"711 40540",40969,""
FIX50SP2,DL,"711 40540",40970,""
FIX50SP2,DL,"711 40540",40971,""
FIX50SP2,DL,"711 40540",40972,""
FIX50SP2,DL,"711 40540",40973,""
FIX50SP2,DL,"711 40540",40974,""
FIX50SP2,DL,"711 40540",40975,""
FIX50SP2,DL,"711 40540",40976,""
FIX50SP2,DL,"711 40540",41756,""
FIX50SP2,DL,"711 40540 41756",41770,""
FIX50SP2,DL,"711 40540 41756 41770",41773,""
FIX50SP2,DL,"711 40540",41800,""
FIX50SP2,DL,"711 40540",41804,""
FIX50SP2,DL,"711 40540",41808,""
FIX50SP2,DL,"711 40540",41909,""
FIX50SP2,DL,"711 40540",41937,""
FIX50SP2,DL,"711 40540",41941,""
FIX50SP2,DL,"711 40540",41944,""
FIX50SP2,DL,"711 40540",41954,""
FIX50SP2,DL,"711 40540",41962,""
FIX50SP2,DL,"711 40540",41990,""
FIX50SP2,DL,"711 40540",41993,""
FIX50SP2,DL,"711 40540",42002,""
FIX50SP2,DL,"711 40540 42002",41996,""
FIX50SP2,DL,"711 40540 42002 41996",41999,""
FIX50SP2,DL,"711 40540",42799,""
FIX50SP2,DL,"711 40540",42853,""
FIX50SP2,DL,"711 40540",42862,""
FIX50SP2,DL,"711 40540 42862",42882,""
FIX50SP2,DL,"711 40540",42901,""
FIX50SP2,DL,"711 40540",42915,""
FIX50SP2,DL,"711 40540",42955,""
FIX50SP2,DL,"711 40540",42981,""
FIX50SP2,DL,"711 40540",43034,""
FIX50SP2,DL,"711 40540 43034",43008,""
FIX50SP2,DL,"711 40540 43034 43008",43069,""
FIX50SP2,DL,"711 40540 43034 43008",43071,""
FIX50SP2,DL,"711 40540 43034",43030,""
FIX50SP2,DL,"711 40540 43034",43060,""
FIX50SP2,DL,"711 40540 43034",43064,""
FIX50SP2,DL,"711",40962,""
FIX50SP2,DL,"711",41820,""
FIX50SP2,DL,"711",41841,""
FIX50SP2,DL,"711",41844,""
FIX50SP2,DL,"711",41856,""
FIX50SP2,DL,"711",41864,""
FIX50SP2,DL,"711",41866,""
FIX50SP2,DL,"711",41868,""
FIX50SP2,DL,"711",41947,""
FIX50SP2,DL,"711",42036,""
FIX50SP2,DL,"711 42036",41340,""
FIX50SP2,DL,"711",42041,""
FIX50SP2,DL,"711 42041",42039,""
FIX50SP2,DL,"711 42041",42788,""
FIX50SP2,DL,"711",42060,""
FIX50SP2,DL,"711 42060",42065,""
FIX50SP2,DL,"711",42068,""
FIX50SP2,DL,"711 42068",42077,""
FIX50SP2,DL,"711 42068 42077",42085,""
FIX50SP2,DL,"711 42068",42087,""
FIX50SP2,DL,"711 42068",42090,""
FIX50SP2,DL,"711",42149,""
FIX50SP2,DL,"711 42149",42099,""
FIX50SP2,DL,"711 42149",42112,""
FIX50SP2,DL,"711 42149",42173,""
FIX50SP2,DL,"711 42149 42173",42177,""
FIX50SP2,DL,"711 42149",42180,""
FIX50SP2,DL,"711 42149",42182,""
FIX50SP2,DL,"711 42149",42184,""
FIX50SP2,DL,"711 42149",42186,""
FIX50SP2,DL,"711 42149",42188,""
FIX50SP2,DL,"711 42149",42190,""
FIX50SP2,DL,"711",42855,""
FIX50SP2,DL,"711",42884,""
FIX50SP2,DL,"711",43005,""
FIX50SP2,DL,"711",43074,""
FIX50SP2,DL,"",753,""
FIX50SP2,DL,"",864,""
FIX50SP2,DL,"",1018,""
FIX50SP2,DL,"1018",1052,""
FIX50SP2,DL,"",1461,""
FIX50SP2,DL,"1461",2433,""
FIX50SP2,DL,"",1483,""
FIX50SP2,DL,"1483",1491,""
FIX50SP2,DL,"1483 1491",1494,""
FIX50SP2,DL,"1483",40997,""
FIX50SP2,DL,"1483 40997",41005,""
FIX50SP2,DL,"1483",41010,""
FIX50SP2,DL,"1483 41010",40994,""
FIX50SP2,DL,"1483 41010",41007,""
FIX50SP2,DL,"1483 41010",41031,""
FIX50SP2,DL,"1483",41013,""
FIX50SP2,DL,"1483",41018,""
FIX50SP2,DL,"1483",41029,""
FIX50SP2,DL,"",1976,""
FIX50SP2,DL,"",2304,""
FIX50SP2,DL,"",40019,""
FIX50SP2,DL,"40019",40000,""
FIX50SP2,DL,"",40022,""
FIX50SP2,DL,"40022",40277,""
FIX50SP2,DL,"40022",42214,""
FIX50SP2,DL,"",40049,""
FIX50SP2,DL,"40049",40085,""
FIX50SP2,DL,"40049",40825,""
FIX50SP2,DL,"40049",40828,""
FIX50SP2,DL,"40049 40828",40868,""
FIX50SP2,DL,"40049 40828",40945,""
FIX50SP2,DL,"40049 40828",40977,""
FIX50SP2,DL,"40049 40828",41161,""
FIX50SP2,DL,"40049",40872,""
FIX50SP2,DL,"40049 40872",42696,""
FIX50SP2,DL,"40049 40872",42705,""
FIX50SP2,DL,"40049",40946,""
FIX50SP2,DL,"40049",40947,""
FIX50SP2,DL,"40049",40948,""
FIX50SP2,DL,"40049",40949,""
FIX50SP2,DL,"40049",40950,""
FIX50SP2,DL,"40049",40958,""
FIX50SP2,DL,"40049",40959,""
FIX50SP2,DL,"40049",40960,""
FIX50SP2,DL,"40049",40961,""
FIX50SP2,DL,"40049",41037,""
FIX50SP2,DL,"40049 41037",41051,""
FIX50SP2,DL,"40049 41037 41051",41054,""
FIX50SP2,DL,"40049",41081,""
FIX50SP2,DL,"40049",41085,""
FIX50SP2,DL,"40049",41192,""
FIX50SP2,DL,"40049",41220,""
FIX50SP2,DL,"40049",41224,""
FIX50SP2,DL,"40049",41227,""
FIX50SP2,DL,"40049",41237,""
FIX50SP2,DL,"40049",41241,""
FIX50SP2,DL,"40049",41249,""
FIX50SP2,DL,"40049",41277,""
FIX50SP2,DL,"40049",41280,""
FIX50SP2,DL,"40049",41289,""
FIX50SP2,DL,"40049 41289",41283,""
FIX50SP2,DL,"40049 41289 41283",41286,""
FIX50SP2,DL,"40049",42236,""
FIX50SP2,DL,"40049",42272,""
FIX50SP2,DL,"40049",42274,""
FIX50SP2,DL,"40049 42274",42294,""
FIX50SP2,DL,"40049",42606,""
FIX50SP2,DL,"40049",42620,""
FIX50SP2,DL,"40049",42660,""
FIX50SP2,DL,"40049",42683,""
FIX50SP2,DL,"40049",42735,""
FIX50SP2,DL,"40049 42735",42709,""
FIX50SP2,DL,"40049 42735 42709",42770,""
FIX50SP2,DL,"40049 42735 42709",42772,""
FIX50SP2,DL,"40049 42735",42731,""
FIX50SP2,DL,"40049 42735",42761,""
FIX50SP2,DL,"40049 42735",42765,""
FIX50SP2,DL,"",40090,""
FIX50SP2,DL,"40090",40142,""
FIX50SP2,DL,"40090",40171,""
FIX50SP2,DL,"40090",40174,""
FIX50SP2,DL,"40090 40174",40178,""
FIX50SP2,DL,"40090",40952,""
FIX50SP2,DL,"40090",40953,""
FIX50SP2,DL,"40090",40954,""
FIX50SP2,DL,"40090",40955,""
FIX50SP2,DL,"40090",40956,""
FIX50SP2,DL,"40090",40957,""
FIX50SP2,DL,"",40181,""
FIX50SP2,DL,"40181",40191,""
FIX50SP2,DL,"40181 40191",40199,""
FIX50SP2,DL,"40181",40201,""
FIX50SP2,DL,"40181",40951,""
FIX50SP2,DL,"",40204,""
FIX50SP2,DL,"40204",40209,""
FIX50SP2,DL,"",40278,""
FIX50SP2,DL,"",41092,""
FIX50SP2,DL,"",41094,""
FIX50SP2,DL,"",41096,""
FIX50SP2,DL,"",41116,""
FIX50SP2,DL,"",41137,""
FIX50SP2,DL,"",41140,""
FIX50SP2,DL,"",41152,""
FIX50SP2,DL,"",41230,""
FIX50SP2,DL,"",42296,""
FIX50SP2,DL,"",42775,""
FIX50SP2,DM,"",453,""
FIX50SP2,DM,"453",802,""
FIX50SP2,DM,"",1461,""
FIX50SP2,DM,"1461",2433,""
FIX50SP2,DN,"",453,""
FIX50SP2,DN,"453",802,""
FIX50SP2,DN,"",454,""
FIX50SP2,DN,"",702,""
FIX50SP2,DN,"702",539,""
FIX50SP2,DN,"702 539",804,""
FIX50SP2,DN,"",711,""
FIX50SP2,DN,"711",457,""
FIX50SP2,DN,"711",887,""
FIX50SP2,DN,"711",1058,""
FIX50SP2,DN,"711 1058",1062,""
FIX50SP2,DN,"711",1981,""
FIX50SP2,DN,"711",2045,""
FIX50SP2,DN,"711 2045",2053,""
FIX50SP2,DN,"711 2045 2053",2056,""
FIX50SP2,DN,"711 2045",41716,""
FIX50SP2,DN,"711 2045 41716",41724,""
FIX50SP2,DN,"711 2045",41729,""
FIX50SP2,DN,"711 2045 41729",41713,""
FIX50SP2,DN,"711 2045 41729",41726,""
FIX50SP2,DN,"711 2045 41729",41750,""
FIX50SP2,DN,"711 2045",41732,""
FIX50SP2,DN,"711 2045",41737,""
FIX50SP2,DN,"711 2045",41748,""
FIX50SP2,DN,"711",2080,""
FIX50SP2,DN,"711",2312,""
FIX50SP2,DN,"711",40540,""
FIX50SP2,DN,"711 40540",40656,""
FIX50SP2,DN,"711 40540",40659,""
FIX50SP2,DN,"711 40540",40664,""
FIX50SP2,DN,"711 40540 40664",40704,""
FIX50SP2,DN,"711 40540 40664",40966,""
FIX50SP2,DN,"711 40540 40664",40967,""
FIX50SP2,DN,"711 40540 40664",41878,""
FIX50SP2,DN,"711 40540",40708,""
FIX50SP2,DN,"711 40540 40708",42991,""
FIX50SP2,DN,"711 40540 40708",43000,""
FIX50SP2,DN,"711 40540",40968,""
FIX50SP2,DN,"711 40540",40969,""
FIX50SP2,DN,"711 40540",40970,""
FIX50SP2,DN,"711 40540",40971,""
FIX50SP2,DN,"711 40540",40972,""
FIX50SP2,DN,"711 40540",40973,""
FIX50SP2,DN,"711 40540",40974,""
FIX50SP2,DN,"711 40540",40975,""
FIX50SP2,DN,"711 40540",40976,""
FIX50SP2,DN,"711 40540",41756,""
FIX50SP2,DN,"711 40540 41756",41770,""
FIX50SP2,DN,"711 40540 41756 41770",41773,""
FIX50SP2,DN,"711 40540",41800,""
FIX50SP2,DN,"711 40540",41804,""
FIX50SP2,DN,"711 40540",41808,""
FIX50SP2,DN,"711 40540",41909,""
FIX50SP2,DN,"711 40540",41937,""
FIX50SP2,DN,"711 40540",41941,""
FIX50SP2,DN,"711 40540",41944,""
FIX50SP2,DN,"711 40540",41954,""
FIX50SP2,DN,"711 40540",41962,""
FIX50SP2,DN,"711 40540",41990,""
FIX50SP2,DN,"711 40540",41993,""
FIX50SP2,DN,"711 40540",42002,""
FIX50SP2,DN,"711 40540 42002",41996,""
FIX50SP2,DN,"711 40540 42002 41996",41999,""
FIX50SP2,DN,"711 40540",42799,""
FIX50SP2,DN,"711 40540",42853,""
FIX50SP2,DN,"711 40540",42862,""
FIX50SP2,DN,"711 40540 42862",42882,""
FIX50SP2,DN,"711 40540",42901,""
FIX50SP2,DN,"711 40540",42915,""
FIX50SP2,DN,"711 40540",42955,""
FIX50SP2,DN,"711 40540",42981,""
FIX50SP2,DN,"711 40540",43034,""
FIX50SP2,DN,"711 40540 43034",43008,""
FIX50SP2,DN,"711 40540 43034 43008",43069,""
FIX50SP2,DN,"711 40540 43034 43008",43071,""
FIX50SP2,DN,"711 40540 43034",43030,""
FIX50SP2,DN,"711 40540 43034",43060,""
FIX50SP2,DN,"711 40540 43034",43064,""
FIX50SP2,DN,"711",40962,""
FIX50SP2,DN,"711",41820,""
FIX50SP2,DN,"711",41841,""
FIX50SP2,DN,"711",41844,""
FIX50SP2,DN,"711",41856,""
FIX50SP2,DN,"711",41864,""
FIX50SP2,DN,"711",41866,""
FIX50SP2,DN,"711",41868,""
FIX50SP2,DN,"711",41947,""
FIX50SP2,DN,"711",42036,""
FIX50SP2,DN,"711 42036",41340,""
FIX50SP2,DN,"711",42041,""
FIX50SP2,DN,"711 42041",42039,""
FIX50SP2,DN,"711 42041",42788,""
FIX50SP2,DN,"711",42060,""
FIX50SP2,DN,"711 42060",42065,""
FIX50SP2,DN,"711",42068,""
FIX50SP2,DN,"711 42068",42077,""
FIX50SP2,DN,"711 42068 42077",42085,""
FIX50SP2,DN,"711 42068",42087,""
FIX50SP2,DN,"711 42068",42090,""
FIX50SP2,DN,"711",42149,""
FIX50SP2,DN,"711 42149",42099,""
FIX50SP2,DN,"711 42149",42112,""
FIX50SP2,DN,"711 42149",42173,""
FIX50SP2,DN,"711 42149 42173",42177,""
FIX50SP2,DN,"711 42149",42180,""
FIX50SP2,DN,"711 42149",42182,""
FIX50SP2,DN,"711 42149",42184,""
FIX50SP2,DN,"711 42149",42186,""
FIX50SP2,DN,"711 42149",42188,""
FIX50SP2,DN,"711 42149",42190,""
FIX50SP2,DN,"711",42855,""
FIX50SP2,DN,"711",42884,""
FIX50SP2,DN,"711",43005,""
FIX50SP2,DN,"711",43074,""
FIX50SP2,DN,"",753,""
FIX50SP2,DN,"",864,""
FIX50SP2,DN,"",1018,""
FIX50SP2,DN,"1018",1052,""
FIX50SP2,DN,"",1461,""
FIX50SP2,DN,"1461",2433,""
FIX50SP2,DN,"",1483,""
FIX50SP2,DN,"1483",1491,""
FIX50SP2,DN,"1483 1491",1494,""
FIX50SP2,DN,"1483",40997,""
FIX50SP2,DN,"1483 40997",41005,""
FIX50SP2,DN,"1483",41010,""
FIX50SP2,DN,"1483 41010",40994,""
FIX50SP2,DN,"1483 41010",41007,""
FIX50SP2,DN,"1483 41010",41031,""
FIX50SP2,DN,"1483",41013,""
FIX50SP2,DN,"1483",41018,""
FIX50SP2,DN,"1483",41029,""
FIX50SP2,DN,"",1976,""
FIX50SP2,DN,"",2304,""
FIX50SP2,DN,"",40019,""
FIX50SP2,DN,"40019",40000,""
FIX50SP2,DN,"",40022,""
FIX50SP2,DN,"40022",40277,""
FIX50SP2,DN,"40022",42214,""
FIX50SP2,DN,"",40049,""
FIX50SP2,DN,"40049",40085,""
FIX50SP2,DN,"40049",40825,""
FIX50SP2,DN,"40049",40828,""
FIX50SP2,DN,"40049 40828",40868,""
FIX50SP2,DN,"40049 40828",40945,""
FIX50SP2,DN,"40049 40828",40977,""
FIX50SP2,DN,"40049 40828",41161,""
FIX50SP2,DN,"40049",40872,""
FIX50SP2,DN,"40049 40872",42696,""
FIX50SP2,DN,"40049 40872",42705,""
FIX50SP2,DN,"40049",40946,""
FIX50SP2,DN,"40049",40947,""
FIX50SP2,DN,"40049",40948,""
FIX50SP2,DN,"40049",40949,""
FIX50SP2,DN,"40049",40950,""
FIX50SP2,DN,"40049",40958,""
FIX50SP2,DN,"40049",40959,""
FIX50SP2,DN,"40049",40960,""
FIX50SP2,DN,"40049",40961,""
FIX50SP2,DN,"40049",41037,""
FIX50SP2,DN,"40049 41037",41051,""
FIX50SP2,DN,"40049 41037 41051",41054,""
FIX50SP2,DN,"40049",41081,""
FIX50SP2,DN,"40049",41085,""
FIX50SP2,DN,"40049",41192,""
FIX50SP2,DN,"40049",41220,""
FIX50SP2,DN,"40049",41224,""
FIX50SP2,DN,"40049",41227,""
FIX50SP2,DN,"40049",41237,""
FIX50SP2,DN,"40049",41241,""
FIX50SP2,DN,"40049",41249,""
FIX50SP2,DN,"40049",41277,""
FIX50SP2,DN,"40049",41280,""
FIX50SP2,DN,"40049",41289,""
FIX50SP2,DN,"40049 41289",41283,""
FIX50SP2,DN,"40049 41289 41283",41286,""
FIX50SP2,DN,"40049",42236,""
FIX50SP2,DN,"40049",42272,""
FIX50SP2,DN,"40049",42274,""
FIX50SP2,DN,"40049 42274",42294,""
FIX50SP2,DN,"40049",42606,""
FIX50SP2,DN,"40049",42620,""
FIX50SP2,DN,"40049",42660,""
FIX50SP2,DN,"40049",42683,""
FIX50SP2,DN,"40049",42735,""
FIX50SP2,DN,"40049 42735",42709,""
FIX50SP2,DN,"40049 42735 42709",42770,""
FIX50SP2,DN,"40049 42735 42709",42772,""
FIX50SP2,DN,"40049 42735",42731,""
FIX50SP2,DN,"40049 42735",42761,""
FIX50SP2,DN,"40049 42735",42765,""
FIX50SP2,DN,"",40090,""
FIX50SP2,DN,"40090",40142,""
FIX50SP2,DN,"40090",40171,""
FIX50SP2,DN,"40090",40174,""
FIX50SP2,DN,"40090 40174",40178,""
FIX50SP2,DN,"40090",40952,""
FIX50SP2,DN,"40090",40953,""
FIX50SP2,DN,"40090",40954,""
FIX50SP2,DN,"40090",40955,""
FIX50SP2,DN,"40090",40956,""
FIX50SP2,DN,"40090",40957,""
FIX50SP2,DN,"",40181,""
FIX50SP2,DN,"40181",40191,""
FIX50SP2,DN,"40181 40191",40199,""
FIX50SP2,DN,"40181",40201,""
FIX50SP2,DN,"40181",40951,""
FIX50SP2,DN,"",40204,""
FIX50SP2,DN,"40204",40209,""
FIX50SP2,DN,"",40278,""
FIX50SP2,DN,"",41092,""
FIX50SP2,DN,"",41094,""
FIX50SP2,DN,"",41096,""
FIX50SP2,DN,"",41116,""
FIX50SP2,DN,"",41137,""
FIX50SP2,DN,"",41140,""
FIX50SP2,DN,"",41152,""
FIX50SP2,DN,"",41230,""
FIX50SP2,DN,"",42296,""
FIX50SP2,DN,"",42775,""
FIX50SP2,DO,"",453,""
FIX50SP2,DO,"453",802,""
FIX50SP2,DO,"",454,""
FIX50SP2,DO,"",555,""
FIX50SP2,DO,"555",604,""
FIX50SP2,DO,"555",2059,""
FIX50SP2,DO,"555",2076,""
FIX50SP2,DO,"555",2218,""
FIX50SP2,DO,"555 2218",2250,""
FIX50SP2,DO,"555 2218 2250",2253,""
FIX50SP2,DO,"555 2218",41366,""
FIX50SP2,DO,"555 2218 41366",41374,""
FIX50SP2,DO,"555 2218",41379,""
FIX50SP2,DO,"555 2218 41379",41363,""
FIX50SP2,DO,"555 2218 41379",41376,""
FIX50SP2,DO,"555 2218 41379",41400,""
FIX50SP2,DO,"555 2218",41382,""
FIX50SP2,DO,"555 2218",41387,""
FIX50SP2,DO,"555 2218",41398,""
FIX50SP2,DO,"555",2254,""
FIX50SP2,DO,"555 2254",2258,""
FIX50SP2,DO,"555",2308,""
FIX50SP2,DO,"555",40241,""
FIX50SP2,DO,"555 40241",40367,""
FIX50SP2,DO,"555 40241",40374,""
FIX50SP2,DO,"555 40241 40374",40414,""
FIX50SP2,DO,"555 40241 40374",40927,""
FIX50SP2,DO,"555 40241 40374",40928,""
FIX50SP2,DO,"555 40241 40374",41530,""
FIX50SP2,DO,"555 40241",40418,""
FIX50SP2,DO,"555 40241 40418",42495,""
FIX50SP2,DO,"555 40241 40418",42504,""
FIX50SP2,DO,"555 40241",40902,""
FIX50SP2,DO,"555 40241",40929,""
FIX50SP2,DO,"555 40241",40930,""
FIX50SP2,DO,"555 40241",40931,""
FIX50SP2,DO,"555 40241",40932,""
FIX50SP2,DO,"555 40241",40933,""
FIX50SP2,DO,"555 40241",40940,""
FIX50SP2,DO,"555 40241",40941,""
FIX50SP2,DO,"555 40241",40942,""
FIX50SP2,DO,"555 40241",40943,""
FIX50SP2,DO,"555 40241",41408,""
FIX50SP2,DO,"555 40241 41408",41422,""
FIX50SP2,DO,"555 40241 41408 41422",41425,""
FIX50SP2,DO,"555 40241",41452,""
FIX50SP2,DO,"555 40241",41456,""
FIX50SP2,DO,"555 40241",41460,""
FIX50SP2,DO,"555 40241",41561,""
FIX50SP2,DO,"555 40241",41589,""
FIX50SP2,DO,"555 40241",41593,""
FIX50SP2,DO,"555 40241",41596,""
FIX50SP2,DO,"555 40241",41638,""
FIX50SP2,DO,"555 40241",41646,""
FIX50SP2,DO,"555 40241",41674,""
FIX50SP2,DO,"555 40241",41677,""
FIX50SP2,DO,"555 40241",41686,""
FIX50SP2,DO,"555 40241 41686",41680,""
FIX50SP2,DO,"555 40241 41686 41680",41683,""
FIX50SP2,DO,"555 40241",42310,""
FIX50SP2,DO,"555 40241",42364,""
FIX50SP2,DO,"555 40241",42366,""
FIX50SP2,DO,"555 40241 42366",42386,""
FIX50SP2,DO,"555 40241",42405,""
FIX50SP2,DO,"555 40241",42419,""
FIX50SP2,DO,"555 40241",42459,""
FIX50SP2,DO,"555 40241",42485,""
FIX50SP2,DO,"555 40241",42534,""
FIX50SP2,DO,"555 40241 42534",42508,""
FIX50SP2,DO,"555 40241 42534 42508",42569,""
FIX50SP2,DO,"555 40241 42534 42508",42571,""
FIX50SP2,DO,"555 40241 42534",42530,""
FIX50SP2,DO,"555 40241 42534",42560,""
FIX50SP2,DO,"555 40241 42534",42564,""
FIX50SP2,DO,"555",40448,""
FIX50SP2,DO,"555 40448",40473,""
FIX50SP2,DO,"555 40448",40495,""
FIX50SP2,DO,"555 40448",40533,""
FIX50SP2,DO,"555 40448 40533",40537,""
FIX50SP2,DO,"555 40448",40934,""
FIX50SP2,DO,"555 40448",40935,""
FIX50SP2,DO,"555 40448",40936,""
FIX50SP2,DO,"555 40448",40937,""
FIX50SP2,DO,"555 40448",40938,""
FIX50SP2,DO,"555 40448",40939,""
FIX50SP2,DO,"555",40923,""
FIX50SP2,DO,"555",41335,""
FIX50SP2,DO,"555 41335",41316,""
FIX50SP2,DO,"555",41344,""
FIX50SP2,DO,"555 41344",41342,""
FIX50SP2,DO,"555 41344",42306,""
FIX50SP2,DO,"555",41467,""
FIX50SP2,DO,"555",41469,""
FIX50SP2,DO,"555",41471,""
FIX50SP2,DO,"555",41491,""
FIX50SP2,DO,"555",41512,""
FIX50SP2,DO,"555",41515,""
FIX50SP2,DO,"555",41527,""
FIX50SP2,DO,"555",41599,""
FIX50SP2,DO,"555 41599",41604,""
FIX50SP2,DO,"555",41607,""
FIX50SP2,DO,"555",41616,""
FIX50SP2,DO,"555 41616",41614,""
FIX50SP2,DO,"555 41616",41625,""
FIX50SP2,DO,"555 41616 41625",41633,""
FIX50SP2,DO,"555 41616",41635,""
FIX50SP2,DO,"555",42198,""
FIX50SP2,DO,"555",42200,""
FIX50SP2,DO,"555",42203,""
FIX50SP2,DO,"555",42388,""
FIX50SP2,DO,"555",42581,""
FIX50SP2,DO,"",711,""
FIX50SP2,DO,"711",457,""
FIX50SP2,DO,"711",887,""
FIX50SP2,DO,"711",1058,""
FIX50SP2,DO,"711 1058",1062,""
FIX50SP2,DO,"711",1981,""
FIX50SP2,DO,"711",2045,""
FIX50SP2,DO,"711 2045",2053,""
FIX50SP2,DO,"711 2045 2053",2056,""
FIX50SP2,DO,"711 2045",41716,""
FIX50SP2,DO,"711 2045 41716",41724,""
FIX50SP2,DO,"711 2045",41729,""
FIX50SP2,DO,"711 2045 41729",41713,""
FIX50SP2,DO,"711 2045 41729",41726,""
FIX50SP2,DO,"711 2045 41729",41750,""
FIX50SP2,DO,"711 2045",41732,""
FIX50SP2,DO,"711 2045",41737,""
FIX50SP2,DO,"711 2045",41748,""
FIX50SP2,DO,"711",2080,""
FIX50SP2,DO,"711",2312,""
FIX50SP2,DO,"711",40540,""
FIX50SP2,DO,"711 40540",40656,""
FIX50SP2,DO,"711 40540",40659,""
FIX50SP2,DO,"711 40540",40664,""
FIX50SP2,DO,"711 40540 40664",40704,""
FIX50SP2,DO,"711 40540 40664",40966,""
FIX50SP2,DO,"711 40540 40664",40967,""
FIX50SP2,DO,"711 40540 40664",41878,""
FIX50SP2,DO,"711 40540",40708,""
FIX50SP2,DO,"711 40540 40708",42991,""
FIX50SP2,DO,"711 40540 40708",43000,""
FIX50SP2,DO,"711 40540",40968,""
FIX50SP2,DO,"711 40540",40969,""
FIX50SP2,DO,"711 40540",40970,""
FIX50SP2,DO,"711 40540",40971,""
FIX50SP2,DO,"711 40540",40972,""
FIX50SP2,DO,"711 40540",40973,""
FIX50SP2,DO,"711 40540",40974,""
FIX50SP2,DO,"711 40540",40975,""
FIX50SP2,DO,"711 40540",40976,""
FIX50SP2,DO,"711 40540",41756,""
FIX50SP2,DO,"711 40540 41756",41770,""
FIX50SP2,DO,"711 40540 41756 41770",41773,""
FIX50SP2,DO,"711 40540",41800,""
FIX50SP2,DO,"711 40540",41804,""
FIX50SP2,DO,"711 40540",41808,""
FIX50SP2,DO,"711 40540",41909,""
FIX50SP2,DO,"711 40540",41937,""
FIX50SP2,DO,"711 40540",41941,""
FIX50SP2,DO,"711 40540",41944,""
FIX50SP2,DO,"711 40540",41954,""
FIX50SP2,DO,"711 40540",41962,""
FIX50SP2,DO,"711 40540",41990,""
FIX50SP2,DO,"711 40540",41993,""
FIX50SP2,DO,"711 40540",42002,""
FIX50SP2,DO,"711 40540 42002",41996,""
FIX50SP2,DO,"711 40540 42002 41996",41999,""
FIX50SP2,DO,"711 40540",42799,""
FIX50SP2,DO,"711 40540",42853,""
FIX50SP2,DO,"711 40540",42862,""
FIX50SP2,DO,"711 40540 42862",42882,""
FIX50SP2,DO,"711 40540",42901,""
FIX50SP2,DO,"711 40540",42915,""
FIX50SP2,DO,"711 40540",42955,""
FIX50SP2,DO,"711 40540",42981,""
FIX50SP2,DO,"711 40540",43034,""
FIX50SP2,DO,"711 40540 43034",43008,""
FIX50SP2,DO,"711 40540 43034 43008",43069,""
FIX50SP2,DO,"711 40540 43034 43008",43071,""
FIX50SP2,DO,"711 40540 43034",43030,""
FIX50SP2,DO,"711 40540 43034",43060,""
FIX50SP2,DO,"711 40540 43034",43064,""
FIX50SP2,DO,"711",40962,""
FIX50SP2,DO,"711",41820,""
FIX50SP2,DO,"711",41841,""
FIX50SP2,DO,"711",41844,""
FIX50SP2,DO,"711",41856,""
FIX50SP2,DO,"711",41864,""
FIX50SP2,DO,"711",41866,""
FIX50SP2,DO,"711",41868,""
FIX50SP2,DO,"711",41947,""
FIX50SP2,DO,"711",42036,""
FIX50SP2,DO,"711 42036",41340,""
FIX50SP2,DO,"711",42041,""
FIX50SP2,DO,"711 42041",42039,""
FIX50SP2,DO,"711 42041",42788,""
FIX50SP2,DO,"711",42060,""
FIX50SP2,DO,"711 42060",42065,""
FIX50SP2,DO,"711",42068,""
FIX50SP2,DO,"711 42068",42077,""
FIX50SP2,DO,"711 42068 42077",42085,""
FIX50SP2,DO,"711 42068",42087,""
FIX50SP2,DO,"711 42068",42090,""
FIX50SP2,DO,"711",42149,""
FIX50SP2,DO,"711 42149",42099,""
FIX50SP2,DO,"711 42149",42112,""
FIX50SP2,DO,"711 42149",42173,""
FIX50SP2,DO,"711 42149 42173",42177,""
FIX50SP2,DO,"711 42149",42180,""
FIX50SP2,DO,"711 42149",42182,""
FIX50SP2,DO,"711 42149",42184,""
FIX50SP2,DO,"711 42149",42186,""
FIX50SP2,DO,"711 42149",42188,""
FIX50SP2,DO,"711 42149",42190,""
FIX50SP2,DO,"711",42855,""
FIX50SP2,DO,"711",42884,""
FIX50SP2,DO,"711",43005,""
FIX50SP2,DO,"711",43074,""
FIX50SP2,DO,"",864,""
FIX50SP2,DO,"",870,""
FIX50SP2,DO,"",1018,""
FIX50SP2,DO,"1018",1052,""
FIX50SP2,DO,"",1483,""
FIX50SP2,DO,"1483",1491,""
FIX50SP2,DO,"1483 1491",1494,""
FIX50SP2,DO,"1483",40997,""
FIX50SP2,DO,"1483 40997",41005,""
FIX50SP2,DO,"1483",41010,""
FIX50SP2,DO,"1483 41010",40994,""
FIX50SP2,DO,"1483 41010",41007,""
FIX50SP2,DO,"1483 41010",41031,""
FIX50SP2,DO,"1483",41013,""
FIX50SP2,DO,"1483",41018,""
FIX50SP2,DO,"1483",41029,""
FIX50SP2,DO,"",1647,""
FIX50SP2,DO,"",1976,""
FIX50SP2,DO,"",2304,""
FIX50SP2,DO,"",2474,""
FIX50SP2,DO,"2474",539,""
FIX50SP2,DO,"2474 539",804,""
FIX50SP2,DO,"",2734,""
FIX50SP2,DO,"",2746,""
FIX50SP2,DO,"",40019,""
FIX50SP2,DO,"40019",40000,""
FIX50SP2,DO,"",40022,""
FIX50SP2,DO,"40022",40277,""
FIX50SP2,DO,"40022",42214,""
FIX50SP2,DO,"",40040,""
FIX50SP2,DO,"",40042,""
FIX50SP2,DO,"",40046,""
FIX50SP2,DO,"",40049,""
FIX50SP2,DO,"40049",40085,""
FIX50SP2,DO,"40049",40825,""
FIX50SP2,DO,"40049",40828,""
FIX50SP2,DO,"40049 40828",40868,""
FIX50SP2,DO,"40049 40828",40945,""
FIX50SP2,DO,"40049 40828",40977,""
FIX50SP2,DO,"40049 40828",41161,""
FIX50SP2,DO,"40049",40872,""
FIX50SP2,DO,"40049 40872",42696,""
FIX50SP2,DO,"40049 40872",42705,""
FIX50SP2,DO,"40049",40946,""
FIX50SP2,DO,"40049",40947,""
FIX50SP2,DO,"40049",40948,""
FIX50SP2,DO,"40049",40949,""
FIX50SP2,DO,"40049",40950,""
FIX50SP2,DO,"40049",40958,""
FIX50SP2,DO,"40049",40959,""
FIX50SP2,DO,"40049",40960,""
FIX50SP2,DO,"40049",40961,""
FIX50SP2,DO,"40049",41037,""
FIX50SP2,DO,"40049 41037",41051,""
FIX50SP2,DO,"40049 41037 41051",41054,""
FIX50SP2,DO,"40049",41081,""
FIX50SP2,DO,"40049",41085,""
FIX50SP2,DO,"40049",41192,""
FIX50SP2,DO,"40049",41220,""
FIX50SP2,DO,"40049",41224,""
FIX50SP2,DO,"40049",41227,""
FIX50SP2,DO,"40049",41237,""
FIX50SP2,DO,"40049",41241,""
FIX50SP2,DO,"40049",41249,""
FIX50SP2,DO,"40049",41277,""
FIX50SP2,DO,"40049",41280,""
FIX50SP2,DO,"40049",41289,""
FIX50SP2,DO,"40049 41289",41283,""
FIX50SP2,DO,"40049 41289 41283",41286,""
FIX50SP2,DO,"40049",42236,""
FIX50SP2,DO,"40049",42272,""
FIX50SP2,DO,"40049",42274,""
FIX50SP2,DO,"40049 42274",42294,""
FIX50SP2,DO,"40049",42606,""
FIX50SP2,DO,"40049",42620,""
FIX50SP2,DO,"40049",42660,""
FIX50SP2,DO,"40049",42683,""
FIX50SP2,DO,"40049",42735,""
FIX50SP2,DO,"40049 42735",42709,""
FIX50SP2,DO,"40049 42735 42709",42770,""
FIX50SP2,DO,"40049 42735 42709",42772,""
FIX50SP2,DO,"40049 42735",42731,""
FIX50SP2,DO,"40049 42735",42761,""
FIX50SP2,DO,"40049 42735",42765,""
FIX50SP2,DO,"",40090,""
FIX50SP2,DO,"40090",40142,""
FIX50SP2,DO,"40090",40171,""
FIX50SP2,DO,"40090",40174,""
FIX50SP2,DO,"40090 40174",40178,""
FIX50SP2,DO,"40090",40952,""
FIX50SP2,DO,"40090",40953,""
FIX50SP2,DO,"40090",40954,""
FIX50SP2,DO,"40090",40955,""
FIX50SP2,DO,"40090",40956,""
FIX50SP2,DO,"40090",40957,""
FIX50SP2,DO,"",40181,""
FIX50SP2,DO,"40181",40191,""
FIX50SP2,DO,"40181 40191",40199,""
FIX50SP2,DO,"40181",40201,""
FIX50SP2,DO,"40181",40951,""
FIX50SP2,DO,"",40204,""
FIX50SP2,DO,"40204",40209,""
FIX50SP2,DO,"",40278,""
FIX50SP2,DO,"",41092,""
FIX50SP2,DO,"",41094,""
FIX50SP2,DO,"",41096,""
FIX50SP2,DO,"",41116,""
FIX50SP2,DO,"",41137,""
FIX50SP2,DO,"",41140,""
FIX50SP2,DO,"",41152,""
FIX50SP2,DO,"",41230,""
FIX50SP2,DO,"",42296,""
FIX50SP2,DO,"",42775,""
FIX50SP2,DP,"",453,""
FIX50SP2,DP,"453",802,""
FIX50SP2,DP,"",454,""
FIX50SP2,DP,"",555,""
FIX50SP2,DP,"555",604,""
FIX50SP2,DP,"555",2059,""
FIX50SP2,DP,"555",2076,""
FIX50SP2,DP,"555",2218,""
FIX50SP2,DP,"555 2218",2250,""
FIX50SP2,DP,"555 2218 2250",2253,""
FIX50SP2,DP,"555 2218",41366,""
FIX50SP2,DP,"555 2218 41366",41374,""
FIX50SP2,DP,"555 2218",41379,""
FIX50SP2,DP,"555 2218 41379",41363,""
FIX50SP2,DP,"555 2218 41379",41376,""
FIX50SP2,DP,"555 2218 41379",41400,""
FIX50SP2,DP,"555 2218",41382,""
FIX50SP2,DP,"555 2218",41387,""
FIX50SP2,DP,"555 2218",41398,""
FIX50SP2,DP,"555",2254,""
FIX50SP2,DP,"555 2254",2258,""
FIX50SP2,DP,"555",2308,""
FIX50SP2,DP,"555",40241,""
FIX50SP2,DP,"555 40241",40367,""
FIX50SP2,DP,"555 40241",40374,""
FIX50SP2,DP,"555 40241 40374",40414,""
FIX50SP2,DP,"555 40241 40374",40927,""
FIX50SP2,DP,"555 40241 40374",40928,""
FIX50SP2,DP,"555 40241 40374",41530,""
FIX50SP2,DP,"555 40241",40418,""
FIX50SP2,DP,"555 40241 40418",42495,""
FIX50SP2,DP,"555 40241 40418",42504,""
FIX50SP2,DP,"555 40241",40902,""
FIX50SP2,DP,"555 40241",40929,""
FIX50SP2,DP,"555 40241",40930,""
FIX50SP2,DP,"555 40241",40931,""
FIX50SP2,DP,"555 40241",40932,""
FIX50SP2,DP,"555 40241",40933,""
FIX50SP2,DP,"555 40241",40940,""
FIX50SP2,DP,"555 40241",40941,""
FIX50SP2,DP,"555 40241",40942,""
FIX50SP2,DP,"555 40241",40943,""
FIX50SP2,DP,"555 40241",41408,""
FIX50SP2,DP,"555 40241 41408",41422,""
FIX50SP2,DP,"555 40241 41408 41422",41425,""
FIX50SP2,DP,"555 40241",41452,""
FIX50SP2,DP,"555 40241",41456,""
FIX50SP2,DP,"555 40241",41460,""
FIX50SP2,DP,"555 40241",41561,""
FIX50SP2,DP,"555 40241",41589,""
FIX50SP2,DP,"555 40241",41593,""
FIX50SP2,DP,"555 40241",41596,""
FIX50SP2,DP,"555 40241",41638,""
FIX50SP2,DP,"555 40241",41646,""
FIX50SP2,DP,"555 40241",41674,""
FIX50SP2,DP,"555 40241",41677,""
FIX50SP2,DP,"555 40241",41686,""
FIX50SP2,DP,"555 40241 41686",41680,""
FIX50SP2,DP,"555 40241 41686 41680",41683,""
FIX50SP2,DP,"555 40241",42310,""
FIX50SP2,DP,"555 40241",42364,""
FIX50SP2,DP,"555 40241",42366,""
FIX50SP2,DP,"555 40241 42366",42386,""
FIX50SP2,DP,"555 40241",42405,""
FIX50SP2,DP,"555 40241",42419,""
FIX50SP2,DP,"555 40241",42459,""
FIX50SP2,DP,"555 40241",42485,""
FIX50SP2,DP,"555 40241",42534,""
FIX50SP2,DP,"555 40241 42534",42508,""
FIX50SP2,DP,"555 40241 42534 42508",42569,""
FIX50SP2,DP,"555 40241 42534 42508",42571,""
FIX50SP2,DP,"555 40241 42534",42530,""
FIX50SP2,DP,"555 40241 42534",42560,""
FIX50SP2,DP,"555 40241 42534",42564,""
FIX50SP2,DP,"555",40448,""
FIX50SP2,DP,"555 40448",40473,""
FIX50SP2,DP,"555 40448",40495,""
FIX50SP2,DP,"555 40448",40533,""
FIX50SP2,DP,"555 40448 40533",40537,""
FIX50SP2,DP,"555 40448",40934,""
FIX50SP2,DP,"555 40448",40935,""
FIX50SP2,DP,"555 40448",40936,""
FIX50SP2,DP,"555 40448",40937,""
FIX50SP2,DP,"555 40448",40938,""
FIX50SP2,DP,"555 40448",40939,""
FIX50SP2,DP,"555",40923,""
FIX50SP2,DP,"555",41335,""
FIX50SP2,DP,"555 41335",41316,""
FIX50SP2,DP,"555",41344,""
FIX50SP2,DP,"555 41344",41342,""
FIX50SP2,DP,"555 41344",42306,""
FIX50SP2,DP,"555",41467,""
FIX50SP2,DP,"555",41469,""
FIX50SP2,DP,"555",41471,""
FIX50SP2,DP,"555",41491,""
FIX50SP2,DP,"555",41512,""
FIX50SP2,DP,"555",41515,""
FIX50SP2,DP,"555",41527,""
FIX50SP2,DP,"555",41599,""
FIX50SP2,DP,"555 41599",41604,""
FIX50SP2,DP,"555",41607,""
FIX50SP2,DP,"555",41616,""
FIX50SP2,DP,"555 41616",41614,""
FIX50SP2,DP,"555 41616",41625,""
FIX50SP2,DP,"555 41616 41625",41633,""
FIX50SP2,DP,"555 41616",41635,""
FIX50SP2,DP,"555",42198,""
FIX50SP2,DP,"555",42200,""
FIX50SP2,DP,"555",42203,""
FIX50SP2,DP,"555",42388,""
FIX50SP2,DP,"555",42581,""
FIX50SP2,DP,"",711,""
FIX50SP2,DP,"711",457,""
FIX50SP2,DP,"711",887,""
FIX50SP2,DP,"711",1058,""
FIX50SP2,DP,"711 1058",1062,""
FIX50SP2,DP,"711",1981,""
FIX50SP2,DP,"711",2045,""
FIX50SP2,DP,"711 2045",2053,""
FIX50SP2,DP,"711 2045 2053",2056,""
FIX50SP2,DP,"711 2045",41716,""
FIX50SP2,DP,"711 2045 41716",41724,""
FIX50SP2,DP,"711 2045",41729,""
FIX50SP2,DP,"711 2045 41729",41713,""
FIX50SP2,DP,"711 2045 41729",41726,""
FIX50SP2,DP,"711 2045 41729",41750,""
FIX50SP2,DP,"711 2045",41732,""
FIX50SP2,DP,"711 2045",41737,""
FIX50SP2,DP,"711 2045",41748,""
FIX50SP2,DP,"711",2080,""
FIX50SP2,DP,"711",2312,""
FIX50SP2,DP,"711",40540,""
FIX50SP2,DP,"711 40540",40656,""
FIX50SP2,DP,"711 40540",40659,""
FIX50SP2,DP,"711 40540",40664,""
FIX50SP2,DP,"711 40540 40664",40704,""
FIX50SP2,DP,"711 40540 40664",40966,""
FIX50SP2,DP,"711 40540 40664",40967,""
FIX50SP2,DP,"711 40540 40664",41878,""
FIX50SP2,DP,"711 40540",40708,""
FIX50SP2,DP,"711 40540 40708",42991,""
FIX50SP2,DP,"711 40540 40708",43000,""
FIX50SP2,DP,"711 40540",40968,""
FIX50SP2,DP,"711 40540",40969,""
FIX50SP2,DP,"711 40540",40970,""
FIX50SP2,DP,"711 40540",40971,""
FIX50SP2,DP,"711 40540",40972,""
FIX50SP2,DP,"711 40540",40973,""
FIX50SP2,DP,"711 40540",40974,""
FIX50SP2,DP,"711 40540",40975,""
FIX50SP2,DP,"711 40540",40976,""
FIX50SP2,DP,"711 40540",41756,""
FIX50SP2,DP,"711 40540 41756",41770,""
FIX50SP2,DP,"711 40540 41756 41770",41773,""
FIX50SP2,DP,"711 40540",41800,""
FIX50SP2,DP,"711 40540",41804,""
FIX50SP2,DP,"711 40540",41808,""
FIX50SP2,DP,"711 40540",41909,""
FIX50SP2,DP,"711 40540",41937,""
FIX50SP2,DP,"711 40540",41941,""
FIX50SP2,DP,"711 40540",41944,""
FIX50SP2,DP,"711 40540",41954,""
FIX50SP2,DP,"711 40540",41962,""
FIX50SP2,DP,"711 40540",41990,""
FIX50SP2,DP,"711 40540",41993,""
FIX50SP2,DP,"711 40540",42002,""
FIX50SP2,DP,"711 40540 42002",41996,""
FIX50SP2,DP,"711 40540 42002 41996",41999,""
FIX50SP2,DP,"711 40540",42799,""
FIX50SP2,DP,"711 40540",42853,""
FIX50SP2,DP,"711 40540",42862,""
FIX50SP2,DP,"711 40540 42862",42882,""
FIX50SP2,DP,"711 40540",42901,""
FIX50SP2,DP,"711 40540",42915,""
FIX50SP2,DP,"711 40540",42955,""
FIX50SP2,DP,"711 40540",42981,""
FIX50SP2,DP,"711 40540",43034,""
FIX50SP2,DP,"711 40540 43034",43008,""
FIX50SP2,DP,"711 40540 43034 43008",43069,""
FIX50SP2,DP,"711 40540 43034 43008",43071,""
FIX50SP2,DP,"711 40540 43034",43030,""
FIX50SP2,DP,"711 40540 43034",43060,""
FIX50SP2,DP,"711 40540 43034",43064,""
FIX50SP2,DP,"711",40962,""
FIX50SP2,DP,"711",41820,""
FIX50SP2,DP,"711",41841,""
FIX50SP2,DP,"711",41844,""
FIX50SP2,DP,"711",41856,""
FIX50SP2,DP,"711",41864,""
FIX50SP2,DP,"711",41866,""
FIX50SP2,DP,"711",41868,""
FIX50SP2,DP,"711",41947,""
FIX50SP2,DP,"711",42036,""
FIX50SP2,DP,"711 42036",41340,""
FIX50SP2,DP,"711",42041,""
FIX50SP2,DP,"711 42041",42039,""
FIX50SP2,DP,"711 42041",42788,""
FIX50SP2,DP,"711",42060,""
FIX50SP2,DP,"711 42060",42065,""
FIX50SP2,DP,"711",42068,""
FIX50SP2,DP,"711 42068",42077,""
FIX50SP2,DP,"711 42068 42077",42085,""
FIX50SP2,DP,"711 42068",42087,""
FIX50SP2,DP,"711 42068",42090,""
FIX50SP2,DP,"711",42149,""
FIX50SP2,DP,"711 42149",42099,""
FIX50SP2,DP,"711 42149",42112,""
FIX50SP2,DP,"711 42149",42173,""
FIX50SP2,DP,"711 42149 42173",42177,""
FIX50SP2,DP,"711 42149",42180,""
FIX50SP2,DP,"711 42149",42182,""
FIX50SP2,DP,"711 42149",42184,""
FIX50SP2,DP,"711 42149",42186,""
FIX50SP2,DP,"711 42149",42188,""
FIX50SP2,DP,"711 42149",42190,""
FIX50SP2,DP,"711",42855,""
FIX50SP2,DP,"711",42884,""
FIX50SP2,DP,"711",43005,""
FIX50SP2,DP,"711",43074,""
FIX50SP2,DP,"",864,""
FIX50SP2,DP,"",870,""
FIX50SP2,DP,"",1018,""
FIX50SP2,DP,"1018",1052,""
FIX50SP2,DP,"",1483,""
FIX50SP2,DP,"1483",1491,""
FIX50SP2,DP,"1483 1491",1494,""
FIX50SP2,DP,"1483",40997,""
FIX50SP2,DP,"1483 40997",41005,""
FIX50SP2,DP,"1483",41010,""
FIX50SP2,DP,"1483 41010",40994,""
FIX50SP2,DP,"1483 41010",41007,""
FIX50SP2,DP,"1483 41010",41031,""
FIX50SP2,DP,"1483",41013,""
FIX50SP2,DP,"1483",41018,""
FIX50SP2,DP,"1483",41029,""
FIX50SP2,DP,"",1647,""
FIX50SP2,DP,"",1976,""
FIX50SP2,DP,"",2304,""
FIX50SP2,DP,"",2474,""
FIX50SP2,DP,"2474",539,""
FIX50SP2,DP,"2474 539",804,""
FIX50SP2,DP,"",2734,""
FIX50SP2,DP,"",2746,""
FIX50SP2,DP,"",40019,""
FIX50SP2,DP,"40019",40000,""
FIX50SP2,DP,"",40022,""
FIX50SP2,DP,"40022",40277,""
FIX50SP2,DP,"40022",42214,""
FIX50SP2,DP,"",40040,""
FIX50SP2,DP,"",40042,""
FIX50SP2,DP,"",40046,""
FIX50SP2,DP,"",40049,""
FIX50SP2,DP,"40049",40085,""
FIX50SP2,DP,"40049",40825,""
FIX50SP2,DP,"40049",40828,""
FIX50SP2,DP,"40049 40828",40868,""
FIX50SP2,DP,"40049 40828",40945,""
FIX50SP2,DP,"40049 40828",40977,""
FIX50SP2,DP,"40049 40828",41161,""
FIX50SP2,DP,"40049",40872,""
FIX50SP2,DP,"40049 40872",42696,""
FIX50SP2,DP,"40049 40872",42705,""
FIX50SP2,DP,"40049",40946,""
FIX50SP2,DP,"40049",40947,""
FIX50SP2,DP,"40049",40948,""
FIX50SP2,DP,"40049",40949,""
FIX50SP2,DP,"40049",40950,""
FIX50SP2,DP,"40049",40958,""
FIX50SP2,DP,"40049",40959,""
FIX50SP2,DP,"40049",40960,""
FIX50SP2,DP,"40049",40961,""
FIX50SP2,DP,"40049",41037,""
FIX50SP2,DP,"40049 41037",41051,""
FIX50SP2,DP,"40049 41037 41051",41054,""
FIX50SP2,DP,"40049",41081,""
FIX50SP2,DP,"40049",41085,""
FIX50SP2,DP,"40049",41192,""
FIX50SP2,DP,"40049",41220,""
FIX50SP2,DP,"40049",41224,""
FIX50SP2,DP,"40049",41227,""
FIX50SP2,DP,"40049",41237,""
FIX50SP2,DP,"40049",41241,""
FIX50SP2,DP,"40049",41249,""
FIX50SP2,DP,"40049",41277,""
FIX50SP2,DP,"40049",41280,""
FIX50SP2,DP,"40049",41289,""
FIX50SP2,DP,"40049 41289",41283,""
FIX50SP2,DP,"40049 41289 41283",41286,""
FIX50SP2,DP,"40049",42236,""
FIX50SP2,DP,"40049",42272,""
FIX50SP2,DP,"40049",42274,""
FIX50SP2,DP,"40049 42274",42294,""
FIX50SP2,DP,"40049",42606,""
FIX50SP2,DP,"40049",42620,""
FIX50SP2,DP,"40049",42660,""
FIX50SP2,DP,"40049",42683,""
FIX50SP2,DP,"40049",42735,""
FIX50SP2,DP,"40049 42735",42709,""
FIX50SP2,DP,"40049 42735 42709",42770,""
FIX50SP2,DP,"40049 42735 42709",42772,""
FIX50SP2,DP,"40049 42735",42731,""
FIX50SP2,DP,"40049 42735",42761,""
FIX50SP2,DP,"40049 42735",42765,""
FIX50SP2,DP,"",40090,""
FIX50SP2,DP,"40090",40142,""
FIX50SP2,DP,"40090",40171,""
FIX50SP2,DP,"40090",40174,""
FIX50SP2,DP,"40090 40174",40178,""
FIX50SP2,DP,"40090",40952,""
FIX50SP2,DP,"40090",40953,""
FIX50SP2,DP,"40090",40954,""
FIX50SP2,DP,"40090",40955,""
FIX50SP2,DP,"40090",40956,""
FIX50SP2,DP,"40090",40957,""
FIX50SP2,DP,"",40181,""
FIX50SP2,DP,"40181",40191,""
FIX50SP2,DP,"40181 40191",40199,""
FIX50SP2,DP,"40181",40201,""
FIX50SP2,DP,"40181",40951,""
FIX50SP2,DP,"",40204,""
FIX50SP2,DP,"40204",40209,""
FIX50SP2,DP,"",40278,""
FIX50SP2,DP,"",41092,""
FIX50SP2,DP,"",41094,""
FIX50SP2,DP,"",41096,""
FIX50SP2,DP,"",41116,""
FIX50SP2,DP,"",41137,""
FIX50SP2,DP,"",41140,""
FIX50SP2,DP,"",41152,""
FIX50SP2,DP,"",41230,""
FIX50SP2,DP,"",42296,""
FIX50SP2,DP,"",42775,""
FIX50SP2,DQ,"",453,""
FIX50SP2,DQ,"453",802,""
FIX50SP2,DS,"",454,""
FIX50SP2,DS,"",864,""
FIX50SP2,DS,"",1018,""
FIX50SP2,DS,"1018",1052,""
FIX50SP2,DS,"",1483,""
FIX50SP2,DS,"1483",1491,""
FIX50SP2,DS,"1483 1491",1494,""
FIX50SP2,DS,"1483",40997,""
FIX50SP2,DS,"1483 40997",41005,""
FIX50SP2,DS,"1483",41010,""
FIX50SP2,DS,"1483 41010",40994,""
FIX50SP2,DS,"1483 41010",41007,""
FIX50SP2,DS,"1483 41010",41031,""
FIX50SP2,DS,"1483",41013,""
FIX50SP2,DS,"1483",41018,""
FIX50SP2,DS,"1483",41029,""
FIX50SP2,DS,"",1976,""
FIX50SP2,DS,"",2304,""
FIX50SP2,DS,"",40019,""
FIX50SP2,DS,"40019",40000,""
FIX50SP2,DS,"",40022,""
FIX50SP2,DS,"40022",40277,""
FIX50SP2,DS,"40022",42214,""
FIX50SP2,DS,"",40049,""
FIX50SP2,DS,"40049",40085,""
FIX50SP2,DS,"40049",40825,""
FIX50SP2,DS,"40049",40828,""
FIX50SP2,DS,"40049 40828",40868,""
FIX50SP2,DS,"40049 40828",40945,""
FIX50SP2,DS,"40049 40828",40977,""
FIX50SP2,DS,"40049 40828",41161,""
FIX50SP2,DS,"40049",40872,""
FIX50SP2,DS,"40049 40872",42696,""
FIX50SP2,DS,"40049 40872",42705,""
FIX50SP2,DS,"40049",40946,""
FIX50SP2,DS,"40049",40947,""
FIX50SP2,DS,"40049",40948,""
FIX50SP2,DS,"40049",40949,""
FIX50SP2,DS,"40049",40950,""
FIX50SP2,DS,"40049",40958,""
FIX50SP2,DS,"40049",40959,""
FIX50SP2,DS,"40049",40960,""
FIX50SP2,DS,"40049",40961,""
FIX50SP2,DS,"40049",41037,""
FIX50SP2,DS,"40049 41037",41051,""
FIX50SP2,DS,"40049 41037 41051",41054,""
FIX50SP2,DS,"40049",41081,""
FIX50SP2,DS,"40049",41085,""
FIX50SP2,DS,"40049",41192,""
FIX50SP2,DS,"40049",41220,""
FIX50SP2,DS,"40049",41224,""
FIX50SP2,DS,"40049",41227,""
FIX50SP2,DS,"40049",41237,""
FIX50SP2,DS,"40049",41241,""
FIX50SP2,DS,"40049",41249,""
FIX50SP2,DS,"40049",41277,""
FIX50SP2,DS,"40049",41280,""
FIX50SP2,DS,"40049",41289,""
FIX50SP2,DS,"40049 41289",41283,""
FIX50SP2,DS,"40049 41289 41283",41286,""
FIX50SP2,DS,"40049",42236,""
FIX50SP2,DS,"40049",42272,""
FIX50SP2,DS,"40049",42274,""
FIX50SP2,DS,"40049 42274",42294,""
FIX50SP2,DS,"40049",42606,""
FIX50SP2,DS,"40049",42620,""
FIX50SP2,DS,"40049",42660,""
FIX50SP2,DS,"40049",42683,""
FIX50SP2,DS,"40049",42735,""
FIX50SP2,DS,"40049 42735",42709,""
FIX50SP2,DS,"40049 42735 42709",42770,""
FIX50SP2,DS,"40049 42735 42709",42772,""
FIX50SP2,DS,"40049 42735",42731,""
FIX50SP2,DS,"40049 42735",42761,""
FIX50SP2,DS,"40049 42735",42765,""
FIX50SP2,DS,"",40090,""
FIX50SP2,DS,"40090",40142,""
FIX50SP2,DS,"40090",40171,""
FIX50SP2,DS,"40090",40174,""
FIX50SP2,DS,"40090 40174",40178,""
FIX50SP2,DS,"40090",40952,""
FIX50SP2,DS,"40090",40953,""
FIX50SP2,DS,"40090",40954,""
FIX50SP2,DS,"40090",40955,""
FIX50SP2,DS,"40090",40956,""
FIX50SP2,DS,"40090",40957,""
FIX50SP2,DS,"",40181,""
FIX50SP2,DS,"40181",40191,""
FIX50SP2,DS,"40181 40191",40199,""
FIX50SP2,DS,"40181",40201,""
FIX50SP2,DS,"40181",40951,""
FIX50SP2,DS,"",40204,""
FIX50SP2,DS,"40204",40209,""
FIX50SP2,DS,"",40278,""
FIX50SP2,DS,"",41092,""
FIX50SP2,DS,"",41094,""
FIX50SP2,DS,"",41096,""
FIX50SP2,DS,"",41116,""
FIX50SP2,DS,"",41137,""
FIX50SP2,DS,"",41140,""
FIX50SP2,DS,"",41152,""
FIX50SP2,DS,"",41230,""
FIX50SP2,DS,"",42296,""
FIX50SP2,DS,"",42775,""
FIX50SP2,DT,"",454,""
FIX50SP2,DT,"",864,""
FIX50SP2,DT,"",1018,""
FIX50SP2,DT,"1018",1052,""
FIX50SP2,DT,"",1483,""
FIX50SP2,DT,"1483",1491,""
FIX50SP2,DT,"1483 1491",1494,""
FIX50SP2,DT,"1483",40997,""
FIX50SP2,DT,"1483 40997",41005,""
FIX50SP2,DT,"1483",41010,""
FIX50SP2,DT,"1483 41010",40994,""
FIX50SP2,DT,"1483 41010",41007,""
FIX50SP2,DT,"1483 41010",41031,""
FIX50SP2,DT,"1483",41013,""
FIX50SP2,DT,"1483",41018,""
FIX50SP2,DT,"1483",41029,""
FIX50SP2,DT,"",1976,""
FIX50SP2,DT,"",2304,""
FIX50SP2,DT,"",40019,""
FIX50SP2,DT,"40019",40000,""
FIX50SP2,DT,"",40022,""
FIX50SP2,DT,"40022",40277,""
FIX50SP2,DT,"40022",42214,""
FIX50SP2,DT,"",40049,""
FIX50SP2,DT,"40049",40085,""
FIX50SP2,DT,"40049",40825,""
FIX50SP2,DT,"40049",40828,""
FIX50SP2,DT,"40049 40828",40868,""
FIX50SP2,DT,"40049 40828",40945,""
FIX50SP2,DT,"40049 40828",40977,""
FIX50SP2,DT,"40049 40828",41161,""
FIX50SP2,DT,"40049",40872,""
FIX50SP2,DT,"40049 40872",42696,""
FIX50SP2,DT,"40049 40872",42705,""
FIX50SP2,DT,"40049",40946,""
FIX50SP2,DT,"40049",40947,""
FIX50SP2,DT,"40049",40948,""
FIX50SP2,DT,"40049",40949,""
FIX50SP2,DT,"40049",40950,""
FIX50SP2,DT,"40049",40958,""
FIX50SP2,DT,"40049",40959,""
FIX50SP2,DT,"40049",40960,""
FIX50SP2,DT,"40049",40961,""
FIX50SP2,DT,"40049",41037,""
FIX50SP2,DT,"40049 41037",41051,""
FIX50SP2,DT,"40049 41037 41051",41054,""
FIX50SP2,DT,"40049",41081,""
FIX50SP2,DT,"40049",41085,""
FIX50SP2,DT,"40049",41192,""
FIX50SP2,DT,"40049",41220,""
FIX50SP2,DT,"40049",41224,""
FIX50SP2,DT,"40049",41227,""
FIX50SP2,DT,"40049",41237,""
FIX50SP2,DT,"40049",41241,""
FIX50SP2,DT,"40049",41249,""
FIX50SP2,DT,"40049",41277,""
FIX50SP2,DT,"40049",41280,""
FIX50SP2,DT,"40049",41289,""
FIX50SP2,DT,"40049 41289",41283,""
FIX50SP2,DT,"40049 41289 41283",41286,""
FIX50SP2,DT,"40049",42236,""
FIX50SP2,DT,"40049",42272,""
FIX50SP2,DT,"40049",42274,""
FIX50SP2,DT,"40049 42274",42294,""
FIX50SP2,DT,"40049",42606,""
FIX50SP2,DT,"40049",42620,""
FIX50SP2,DT,"40049",42660,""
FIX50SP2,DT,"40049",42683,""
FIX50SP2,DT,"40049",42735,""
FIX50SP2,DT,"40049 42735",42709,""
FIX50SP2,DT,"40049 42735 42709",42770,""
FIX50SP2,DT,"40049 42735 42709",42772,""
FIX50SP2,DT,"40049 42735",42731,""
FIX50SP2,DT,"40049 42735",42761,""
FIX50SP2,DT,"40049 42735",42765,""
FIX50SP2,DT,"",40090,""
FIX50SP2,DT,"40090",40142,""
FIX50SP2,DT,"40090",40171,""
FIX50SP2,DT,"40090",40174,""
FIX50SP2,DT,"40090 40174",40178,""
FIX50SP2,DT,"40090",40952,""
FIX50SP2,DT,"40090",40953,""
FIX50SP2,DT,"40090",40954,""
FIX50SP2,DT,"40090",40955,""
FIX50SP2,DT,"40090",40956,""
FIX50SP2,DT,"40090",40957,""
FIX50SP2,DT,"",40181,""
FIX50SP2,DT,"40181",40191,""
FIX50SP2,DT,"40181 40191",40199,""
FIX50SP2,DT,"40181",40201,""
FIX50SP2,DT,"40181",40951,""
FIX50SP2,DT,"",40204,""
FIX50SP2,DT,"40204",40209,""
FIX50SP2,DT,"",40278,""
FIX50SP2,DT,"",41092,""
FIX50SP2,DT,"",41094,""
FIX50SP2,DT,"",41096,""
FIX50SP2,DT,"",41116,""
FIX50SP2,DT,"",41137,""
FIX50SP2,DT,"",41140,""
FIX50SP2,DT,"",41152,""
FIX50SP2,DT,"",41230,""
FIX50SP2,DT,"",42296,""
FIX50SP2,DT,"",42775,""
FIX50SP2,DU,"",453,""
FIX50SP2,DU,"453",802,""
FIX50SP2,DW,"",73,""
FIX50SP2,DW,"",124,""
FIX50SP2,DW,"",453,""
FIX50SP2,DW,"453",802,""
FIX50SP2,DW,"",454,""
FIX50SP2,DW,"",864,""
FIX50SP2,DW,"",1018,""
FIX50SP2,DW,"1018",1052,""
FIX50SP2,DW,"",1483,""
FIX50SP2,DW,"1483",1491,""
FIX50SP2,DW,"1483 1491",1494,""
FIX50SP2,DW,"1483",40997,""
FIX50SP2,DW,"1483 40997",41005,""
FIX50SP2,DW,"1483",41010,""
FIX50SP2,DW,"1483 41010",40994,""
FIX50SP2,DW,"1483 41010",41007,""
FIX50SP2,DW,"1483 41010",41031,""
FIX50SP2,DW,"1483",41013,""
FIX50SP2,DW,"1483",41018,""
FIX50SP2,DW,"1483",41029,""
FIX50SP2,DW,"",1976,""
FIX50SP2,DW,"",2304,""
FIX50SP2,DW,"",40019,""
FIX50SP2,DW,"40019",40000,""
FIX50SP2,DW,"",40022,""
FIX50SP2,DW,"40022",40277,""
FIX50SP2,DW,"40022",42214,""
FIX50SP2,DW,"",40049,""
FIX50SP2,DW,"40049",40085,""
FIX50SP2,DW,"40049",40825,""
FIX50SP2,DW,"40049",40828,""
FIX50SP2,DW,"40049 40828",40868,""
FIX50SP2,DW,"40049 40828",40945,""
FIX50SP2,DW,"40049 40828",40977,""
FIX50SP2,DW,"40049 40828",41161,""
FIX50SP2,DW,"40049",40872,""
FIX50SP2,DW,"40049 40872",42696,""
FIX50SP2,DW,"40049 40872",42705,""
FIX50SP2,DW,"40049",40946,""
FIX50SP2,DW,"40049",40947,""
FIX50SP2,DW,"40049",40948,""
FIX50SP2,DW,"40049",40949,""
FIX50SP2,DW,"40049",40950,""
FIX50SP2,DW,"40049",40958,""
FIX50SP2,DW,"40049",40959,""
FIX50SP2,DW,"40049",40960,""
FIX50SP2,DW,"40049",40961,""
FIX50SP2,DW,"40049",41037,""
FIX50SP2,DW,"40049 41037",41051,""
FIX50SP2,DW,"40049 41037 41051",41054,""
FIX50SP2,DW,"40049",41081,""
FIX50SP2,DW,"40049",41085,""
FIX50SP2,DW,"40049",41192,""
FIX50SP2,DW,"40049",41220,""
FIX50SP2,DW,"40049",41224,""
FIX50SP2,DW,"40049",41227,""
FIX50SP2,DW,"40049",41237,""
FIX50SP2,DW,"40049",41241,""
FIX50SP2,DW,"40049",41249,""
FIX50SP2,DW,"40049",41277,""
FIX50SP2,DW,"40049",41280,""
FIX50SP2,DW,"40049",41289,""
FIX50SP2,DW,"40049 41289",41283,""
FIX50SP2,DW,"40049 41289 41283",41286,""
FIX50SP2,DW,"40049",42236,""
FIX50SP2,DW,"40049",42272,""
FIX50SP2,DW,"40049",42274,""
FIX50SP2,DW,"40049 42274",42294,""
FIX50SP2,DW,"40049",42606,""
FIX50SP2,DW,"40049",42620,""
FIX50SP2,DW,"40049",42660,""
FIX50SP2,DW,"40049",42683,""
FIX50SP2,DW,"40049",42735,""
FIX50SP2,DW,"40049 42735",42709,""
FIX50SP2,DW,"40049 42735 42709",42770,""
FIX50SP2,DW,"40049 42735 42709",42772,""
FIX50SP2,DW,"40049 42735",42731,""
FIX50SP2,DW,"40049 42735",42761,""
FIX50SP2,DW,"40049 42735",42765,""
FIX50SP2,DW,"",40090,""
FIX50SP2,DW,"40090",40142,""
FIX50SP2,DW,"40090",40171,""
FIX50SP2,DW,"40090",40174,""
FIX50SP2,DW,"40090 40174",40178,""
FIX50SP2,DW,"40090",40952,""
FIX50SP2,DW,"40090",40953,""
FIX50SP2,DW,"40090",40954,""
FIX50SP2,DW,"40090",40955,""
FIX50SP2,DW,"40090",40956,""
FIX50SP2,DW,"40090",40957,""
FIX50SP2,DW,"",40181,""
FIX50SP2,DW,"40181",40191,""
FIX50SP2,DW,"40181 40191",40199,""
FIX50SP2,DW,"40181",40201,""
FIX50SP2,DW,"40181",40951,""
FIX50SP2,DW,"",40204,""
FIX50SP2,DW,"40204",40209,""
FIX50SP2,DW,"",40278,""
FIX50SP2,DW,"",41092,""
FIX50SP2,DW,"",41094,""
FIX50SP2,DW,"",41096,""
FIX50SP2,DW,"",41116,""
FIX50SP2,DW,"",41137,""
FIX50SP2,DW,"",41140,""
FIX50SP2,DW,"",41152,""
FIX50SP2,DW,"",41230,""
FIX50SP2,DW,"",42296,""
FIX50SP2,DW,"",42775,""
FIX50SP2,DX,"",454,""
FIX50SP2,DX,"",864,""
FIX50SP2,DX,"",1018,""
FIX50SP2,DX,"1018",1052,""
FIX50SP2,DX,"",1483,""
FIX50SP2,DX,"1483",1491,""
FIX50SP2,DX,"1483 1491",1494,""
FIX50SP2,DX,"1483",40997,""
FIX50SP2,DX,"1483 40997",41005,""
FIX50SP2,DX,"1483",41010,""
FIX50SP2,DX,"1483 41010",40994,""
FIX50SP2,DX,"1483 41010",41007,""
FIX50SP2,DX,"1483 41010",41031,""
FIX50SP2,DX,"1483",41013,""
FIX50SP2,DX,"1483",41018,""
FIX50SP2,DX,"1483",41029,""
FIX50SP2,DX,"",1976,""
FIX50SP2,DX,"",2304,""
FIX50SP2,DX,"",40019,""
FIX50SP2,DX,"40019",40000,""
FIX50SP2,DX,"",40022,""
FIX50SP2,DX,"40022",40277,""
FIX50SP2,DX,"40022",42214,""
FIX50SP2,DX,"",40049,""
FIX50SP2,DX,"40049",40085,""
FIX50SP2,DX,"40049",40825,""
FIX50SP2,DX,"40049",40828,""
FIX50SP2,DX,"40049 40828",40868,""
FIX50SP2,DX,"40049 40828",40945,""
FIX50SP2,DX,"40049 40828",40977,""
FIX50SP2,DX,"40049 40828",41161,""
FIX50SP2,DX,"40049",40872,""
FIX50SP2,DX,"40049 40872",42696,""
FIX50SP2,DX,"40049 40872",42705,""
FIX50SP2,DX,"40049",40946,""
FIX50SP2,DX,"40049",40947,""
FIX50SP2,DX,"40049",40948,""
FIX50SP2,DX,"40049",40949,""
FIX50SP2,DX,"40049",40950,""
FIX50SP2,DX,"40049",40958,""
FIX50SP2,DX,"40049",40959,""
FIX50SP2,DX,"40049",40960,""
FIX50SP2,DX,"40049",40961,""
FIX50SP2,DX,"40049",41037,""
FIX50SP2,DX,"40049 41037",41051,""
FIX50SP2,DX,"40049 41037 41051",41054,""
FIX50SP2,DX,"40049",41081,""
FIX50SP2,DX,"40049",41085,""
FIX50SP2,DX,"40049",41192,""
FIX50SP2,DX,"40049",41220,""
FIX50SP2,DX,"40049",41224,""
FIX50SP2,DX,"40049",41227,""
FIX50SP2,DX,"40049",41237,""
FIX50SP2,DX,"40049",41241,""
FIX50SP2,DX,"40049",41249,""
FIX50SP2,DX,"40049",41277,""
FIX50SP2,DX,"40049",41280,""
FIX50SP2,DX,"40049",41289,""
FIX50SP2,DX,"40049 41289",41283,""
FIX50SP2,DX,"40049 41289 41283",41286,""
FIX50SP2,DX,"40049",42236,""
FIX50SP2,DX,"40049",42272,""
FIX50SP2,DX,"40049",42274,""
FIX50SP2,DX,"40049 42274",42294,""
FIX50SP2,DX,"40049",42606,""
FIX50SP2,DX,"40049",42620,""
FIX50SP2,DX,"40049",42660,""
FIX50SP2,DX,"40049",42683,""
FIX50SP2,DX,"40049",42735,""
FIX50SP2,DX,"40049 42735",42709,""
FIX50SP2,DX,"40049 42735 42709",42770,""
FIX50SP2,DX,"40049 42735 42709",42772,""
FIX50SP2,DX,"40049 42735",42731,""
FIX50SP2,DX,"40049 42735",42761,""
FIX50SP2,DX,"40049 42735",42765,""
FIX50SP2,DX,"",40090,""
FIX50SP2,DX,"40090",40142,""
FIX50SP2,DX,"40090",40171,""
FIX50SP2,DX,"40090",40174,""
FIX50SP2,DX,"40090 40174",40178,""
FIX50SP2,DX,"40090",40952,""
FIX50SP2,DX,"40090",40953,""
FIX50SP2,DX,"40090",40954,""
FIX50SP2,DX,"40090",40955,""
FIX50SP2,DX,"40090",40956,""
FIX50SP2,DX,"40090",40957,""
FIX50SP2,DX,"",40181,""
FIX50SP2,DX,"40181",40191,""
FIX50SP2,DX,"40181 40191",40199,""
FIX50SP2,DX,"40181",40201,""
FIX50SP2,DX,"40181",40951,""
FIX50SP2,DX,"",40204,""
FIX50SP2,DX,"40204",40209,""
FIX50SP2,DX,"",40278,""
FIX50SP2,DX,"",41092,""
FIX50SP2,DX,"",41094,""
FIX50SP2,DX,"",41096,""
FIX50SP2,DX,"",41116,""
FIX50SP2,DX,"",41137,""
FIX50SP2,DX,"",41140,""
FIX50SP2,DX,"",41152,""
FIX50SP2,DX,"",41230,""
FIX50SP2,DX,"",42296,""
FIX50SP2,DX,"",42775,""
FIX50SP2,DY,"",453,""
FIX50SP2,DY,"453",802,""
FIX50SP2,DY,"",454,""
FIX50SP2,DY,"",864,""
FIX50SP2,DY,"",1018,""
FIX50SP2,DY,"1018",1052,""
FIX50SP2,DY,"",1158,""
FIX50SP2,DY,"1158",781,""
FIX50SP2,DY,"1158 781",801,""
FIX50SP2,DY,"",1483,""
FIX50SP2,DY,"1483",1491,""
FIX50SP2,DY,"1483 1491",1494,""
FIX50SP2,DY,"1483",40997,""
FIX50SP2,DY,"1483 40997",41005,""
FIX50SP2,DY,"1483",41010,""
FIX50SP2,DY,"1483 41010",40994,""
FIX50SP2,DY,"1483 41010",41007,""
FIX50SP2,DY,"1483 41010",41031,""
FIX50SP2,DY,"1483",41013,""
FIX50SP2,DY,"1483",41018,""
FIX50SP2,DY,"1483",41029,""
FIX50SP2,DY,"",1855,""
FIX50SP2,DY,"",1976,""
FIX50SP2,DY,"",2304,""
FIX50SP2,DY,"",40019,""
FIX50SP2,DY,"40019",40000,""
FIX50SP2,DY,"",40022,""
FIX50SP2,DY,"40022",40277,""
FIX50SP2,DY,"40022",42214,""
FIX50SP2,DY,"",40049,""
FIX50SP2,DY,"40049",40085,""
FIX50SP2,DY,"40049",40825,""
FIX50SP2,DY,"40049",40828,""
FIX50SP2,DY,"40049 40828",40868,""
FIX50SP2,DY,"40049 40828",40945,""
FIX50SP2,DY,"40049 40828",40977,""
FIX50SP2,DY,"40049 40828",41161,""
FIX50SP2,DY,"40049",40872,""
FIX50SP2,DY,"40049 40872",42696,""
FIX50SP2,DY,"40049 40872",42705,""
FIX50SP2,DY,"40049",40946,""
FIX50SP2,DY,"40049",40947,""
FIX50SP2,DY,"40049",40948,""
FIX50SP2,DY,"40049",40949,""
FIX50SP2,DY,"40049",40950,""
FIX50SP2,DY,"40049",40958,""
FIX50SP2,DY,"40049",40959,""
FIX50SP2,DY,"40049",40960,""
FIX50SP2,DY,"40049",40961,""
FIX50SP2,DY,"40049",41037,""
FIX50SP2,DY,"40049 41037",41051,""
FIX50SP2,DY,"40049 41037 41051",41054,""
FIX50SP2,DY,"40049",41081,""
FIX50SP2,DY,"40049",41085,""
FIX50SP2,DY,"40049",41192,""
FIX50SP2,DY,"40049",41220,""
FIX50SP2,DY,"40049",41224,""
FIX50SP2,DY,"40049",41227,""
FIX50SP2,DY,"40049",41237,""
FIX50SP2,DY,"40049",41241,""
FIX50SP2,DY,"40049",41249,""
FIX50SP2,DY,"40049",41277,""
FIX50SP2,DY,"40049",41280,""
FIX50SP2,DY,"40049",41289,""
FIX50SP2,DY,"40049 41289",41283,""
FIX50SP2,DY,"40049 41289 41283",41286,""
FIX50SP2,DY,"40049",42236,""
FIX50SP2,DY,"40049",42272,""
FIX50SP2,DY,"40049",42274,""
FIX50SP2,DY,"40049 42274",42294,""
FIX50SP2,DY,"40049",42606,""
FIX50SP2,DY,"40049",42620,""
FIX50SP2,DY,"40049",42660,""
FIX50SP2,DY,"40049",42683,""
FIX50SP2,DY,"40049",42735,""
FIX50SP2,DY,"40049 42735",42709,""
FIX50SP2,DY,"40049 42735 42709",42770,""
FIX50SP2,DY,"40049 42735 42709",42772,""
FIX50SP2,DY,"40049 42735",42731,""
FIX50SP2,DY,"40049 42735",42761,""
FIX50SP2,DY,"40049 42735",42765,""
FIX50SP2,DY,"",40090,""
FIX50SP2,DY,"40090",40142,""
FIX50SP2,DY,"40090",40171,""
FIX50SP2,DY,"40090",40174,""
FIX50SP2,DY,"40090 40174",40178,""
FIX50SP2,DY,"40090",40952,""
FIX50SP2,DY,"40090",40953,""
FIX50SP2,DY,"40090",40954,""
FIX50SP2,DY,"40090",40955,""
FIX50SP2,DY,"40090",40956,""
FIX50SP2,DY,"40090",40957,""
FIX50SP2,DY,"",40181,""
FIX50SP2,DY,"40181",40191,""
FIX50SP2,DY,"40181 40191",40199,""
FIX50SP2,DY,"40181",40201,""
FIX50SP2,DY,"40181",40951,""
FIX50SP2,DY,"",40204,""
FIX50SP2,DY,"40204",40209,""
FIX50SP2,DY,"",40278,""
FIX50SP2,DY,"",41092,""
FIX50SP2,DY,"",41094,""
FIX50SP2,DY,"",41096,""
FIX50SP2,DY,"",41116,""
FIX50SP2,DY,"",41137,""
FIX50SP2,DY,"",41140,""
FIX50SP2,DY,"",41152,""
FIX50SP2,DY,"",41230,""
FIX50SP2,DY,"",42296,""
FIX50SP2,DY,"",42775,""
FIX50SP2,E,"",73,""
FIX50SP2,E,"73",78,""
FIX50SP2,E,"73 78",539,""
FIX50SP2,E,"73 78 539",804,""
FIX50SP2,E,"73",232,""
FIX50SP2,E,"73",386,""
FIX50SP2,E,"73",453,""
FIX50SP2,E,"73 453",802,""
FIX50SP2,E,"73",454,""
FIX50SP2,E,"73",711,""
FIX50SP2,E,"73 711",457,""
FIX50SP2,E,"73 711",887,""
FIX50SP2,E,"73 711",1058,""
FIX50SP2,E,"73 711 1058",1062,""
FIX50SP2,E,"73 711",1981,""
FIX50SP2,E,"73 711",2045,""
FIX50SP2,E,"73 711 2045",2053,""
FIX50SP2,E,"73 711 2045 2053",2056,""
FIX50SP2,E,"73 711 2045",41716,""
FIX50SP2,E,"73 711 2045 41716",41724,""
FIX50SP2,E,"73 711 2045",41729,""
FIX50SP2,E,"73 711 2045 41729",41713,""
FIX50SP2,E,"73 711 2045 41729",41726,""
FIX50SP2,E,"73 711 2045 41729",41750,""
FIX50SP2,E,"73 711 2045",41732,""
FIX50SP2,E,"73 711 2045",41737,""
FIX50SP2,E,"73 711 2045",41748,""
FIX50SP2,E,"73 711",2080,""
FIX50SP2,E,"73 711",2312,""
FIX50SP2,E,"73 711",40540,""
FIX50SP2,E,"73 711 40540",40656,""
FIX50SP2,E,"73 711 40540",40659,""
FIX50SP2,E,"73 711 40540",40664,""
FIX50SP2,E,"73 711 40540 40664",40704,""
FIX50SP2,E,"73 711 40540 40664",40966,""
FIX50SP2,E,"73 711 40540 40664",40967,""
FIX50SP2,E,"73 711 40540 40664",41878,""
FIX50SP2,E,"73 711 40540",40708,""
FIX50SP2,E,"73 711 40540 40708",42991,""
FIX50SP2,E,"73 711 40540 40708",43000,""
FIX50SP2,E,"73 711 40540",40968,""
FIX50SP2,E,"73 711 40540",40969,""
FIX50SP2,E,"73 711 40540",40970,""
FIX50SP2,E,"73 711 40540",40971,""
FIX50SP2,E,"73 711 40540",40972,""
FIX50SP2,E,"73 711 40540",40973,""
FIX50SP2,E,"73 711 40540",40974,""
FIX50SP2,E,"73 711 40540",40975,""
FIX50SP2,E,"73 711 40540",40976,""
FIX50SP2,E,"73 711 40540",41756,""
FIX50SP2,E,"73 711 40540 41756",41770,""
FIX50SP2,E,"73 711 40540 41756 41770",41773,""
FIX50SP2,E,"73 711 40540",41800,""
FIX50SP2,E,"73 711 40540",41804,""
FIX50SP2,E,"73 711 40540",41808,""
FIX50SP2,E,"73 711 40540",41909,""
FIX50SP2,E,"73 711 40540",41937,""
FIX50SP2,E,"73 711 40540",41941,""
FIX50SP2,E,"73 711 40540",41944,""
FIX50SP2,E,"73 711 40540",41954,""
FIX50SP2,E,"73 711 40540",41962,""
FIX50SP2,E,"73 711 40540",41990,""
FIX50SP2,E,"73 711 40540",41993,""
FIX50SP2,E,"73 711 40540",42002,""
FIX50SP2,E,"73 711 40540 42002",41996,""
FIX50SP2,E,"73 711 40540 42002 41996",41999,""
FIX50SP2,E,"73 711 40540",42799,""
FIX50SP2,E,"73 711 40540",42853,""
FIX50SP2,E,"73 711 40540",42862,""
FIX50SP2,E,"73 711 40540 42862",42882,""
FIX50SP2,E,"73 711 40540",42901,""
FIX50SP2,E,"73 711 40540",42915,""
FIX50SP2,E,"73 711 40540",42955,""
FIX50SP2,E,"73 711 40540",42981,""
FIX50SP2,E,"73 711 40540",43034,""
FIX50SP2,E,"73 711 40540 43034",43008,""
FIX50SP2,E,"73 711 40540 43034 43008",43069,""
FIX50SP2,E,"73 711 40540 43034 43008",43071,""
FIX50SP2,E,"73 711 40540 43034",43030,""
FIX50SP2,E,"73 711 40540 43034",43060,""
FIX50SP2,E,"73 711 40540 43034",43064,""
FIX50SP2,E,"73 711",40962,""
FIX50SP2,E,"73 711",41820,""
FIX50SP2,E,"73 711",41841,""
FIX50SP2,E,"73 711",41844,""
FIX50SP2,E,"73 711",41856,""
FIX50SP2,E,"73 711",41864,""
FIX50SP2,E,"73 711",41866,""
FIX50SP2,E,"73 711",41868,""
FIX50SP2,E,"73 711",41947,""
FIX50SP2,E,"73 711",42036,""
FIX50SP2,E,"73 711 42036",41340,""
FIX50SP2,E,"73 711",42041,""
FIX50SP2,E,"73 711 42041",42039,""
FIX50SP2,E,"73 711 42041",42788,""
FIX50SP2,E,"73 711",42060,""
FIX50SP2,E,"73 711 42060",42065,""
FIX50SP2,E,"73 711",42068,""
FIX50SP2,E,"73 711 42068",42077,""
FIX50SP2,E,"73 711 42068 42077",42085,""
FIX50SP2,E,"73 711 42068",42087,""
FIX50SP2,E,"73 711 42068",42090,""
FIX50SP2,E,"73 711",42149,""
FIX50SP2,E,"73 711 42149",42099,""
FIX50SP2,E,"73 711 42149",42112,""
FIX50SP2,E,"73 711 42149",42173,""
FIX50SP2,E,"73 711 42149 42173",42177,""
FIX50SP2,E,"73 711 42149",42180,""
FIX50SP2,E,"73 711 42149",42182,""
FIX50SP2,E,"73 711 42149",42184,""
FIX50SP2,E,"73 711 42149",42186,""
FIX50SP2,E,"73 711 42149",42188,""
FIX50SP2,E,"73 711 42149",42190,""
FIX50SP2,E,"73 711",42855,""
FIX50SP2,E,"73 711",42884,""
FIX50SP2,E,"73 711",43005,""
FIX50SP2,E,"73 711",43074,""
FIX50SP2,E,"73",864,""
FIX50SP2,E,"73",957,""
FIX50SP2,E,"73",1018,""
FIX50SP2,E,"73 1018",1052,""
FIX50SP2,E,"73",1483,""
FIX50SP2,E,"73 1483",1491,""
FIX50SP2,E,"73 1483 1491",1494,""
FIX50SP2,E,"73 1483",40997,""
FIX50SP2,E,"73 1483 40997",41005,""
FIX50SP2,E,"73 1483",41010,""
FIX50SP2,E,"73 1483 41010",40994,""
FIX50SP2,E,"73 1483 41010",41007,""
FIX50SP2,E,"73 1483 41010",41031,""
FIX50SP2,E,"73 1483",41013,""
FIX50SP2,E,"73 1483",41018,""
FIX50SP2,E,"73 1483",41029,""
FIX50SP2,E,"73",1976,""
FIX50SP2,E,"73",2304,""
FIX50SP2,E,"73",2593,""
FIX50SP2,E,"73",2639,""
FIX50SP2,E,"73",40019,""
FIX50SP2,E,"73 40019",40000,""
FIX50SP2,E,"73",40022,""
FIX50SP2,E,"73 40022",40277,""
FIX50SP2,E,"73 40022",42214,""
FIX50SP2,E,"73",40049,""
FIX50SP2,E,"73 40049",40085,""
FIX50SP2,E,"73 40049",40825,""
FIX50SP2,E,"73 40049",40828,""
FIX50SP2,E,"73 40049 40828",40868,""
FIX50SP2,E,"73 40049 40828",40945,""
FIX50SP2,E,"73 40049 40828",40977,""
FIX50SP2,E,"73 40049 40828",41161,""
FIX50SP2,E,"73 40049",40872,""
FIX50SP2,E,"73 40049 40872",42696,""
FIX50SP2,E,"73 40049 40872",42705,""
FIX50SP2,E,"73 40049",40946,""
FIX50SP2,E,"73 40049",40947,""
FIX50SP2,E,"73 40049",40948,""
FIX50SP2,E,"73 40049",40949,""
FIX50SP2,E,"73 40049",40950,""
FIX50SP2,E,"73 40049",40958,""
FIX50SP2,E,"73 40049",40959,""
FIX50SP2,E,"73 40049",40960,""
FIX50SP2,E,"73 40049",40961,""
FIX50SP2,E,"73 40049",41037,""
FIX50SP2,E,"73 40049 41037",41051,""
FIX50SP2,E,"73 40049 41037 41051",41054,""
FIX50SP2,E,"73 40049",41081,""
FIX50SP2,E,"73 40049",41085,""
FIX50SP2,E,"73 40049",41192,""
FIX50SP2,E,"73 40049",41220,""
FIX50SP2,E,"73 40049",41224,""
FIX50SP2,E,"73 40049",41227,""
FIX50SP2,E,"73 40049",41237,""
FIX50SP2,E,"73 40049",41241,""
FIX50SP2,E,"73 40049",41249,""
FIX50SP2,E,"73 40049",41277,""
FIX50SP2,E,"73 40049",41280,""
FIX50SP2,E,"73 40049",41289,""
FIX50SP2,E,"73 40049 41289",41283,""
FIX50SP2,E,"73 40049 41289 41283",41286,""
FIX50SP2,E,"73 40049",42236,""
FIX50SP2,E,"73 40049",42272,""
FIX50SP2,E,"73 40049",42274,""
FIX50SP2,E,"73 40049 42274",42294,""
FIX50SP2,E,"73 40049",42606,""
FIX50SP2,E,"73 40049",42620,""
FIX50SP2,E,"73 40049",42660,""
FIX50SP2,E,"73 40049",42683,""
FIX50SP2,E,"73 40049",42735,""
FIX50SP2,E,"73 40049 42735",42709,""
FIX50SP2,E,"73 40049 42735 42709",42770,""
FIX50SP2,E,"73 40049 42735 42709",42772,""
FIX50SP2,E,"73 40049 42735",42731,""
FIX50SP2,E,"73 40049 42735",42761,""
FIX50SP2,E,"73 40049 42735",42765,""
FIX50SP2,E,"73",40090,""
FIX50SP2,E,"73 40090",40142,""
FIX50SP2,E,"73 40090",40171,""
FIX50SP2,E,"73 40090",40174,""
FIX50SP2,E,"73 40090 40174",40178,""
FIX50SP2,E,"73 40090",40952,""
FIX50SP2,E,"73 40090",40953,""
FIX50SP2,E,"73 40090",40954,""
FIX50SP2,E,"73 40090",40955,""
FIX50SP2,E,"73 40090",40956,""
FIX50SP2,E,"73 40090",40957,""
FIX50SP2,E,"73",40181,""
FIX50SP2,E,"73 40181",40191,""
FIX50SP2,E,"73 40181 40191",40199,""
FIX50SP2,E,"73 40181",40201,""
FIX50SP2,E,"73 40181",40951,""
FIX50SP2,E,"73",40204,""
FIX50SP2,E,"73 40204",40209,""
FIX50SP2,E,"73",40278,""
FIX50SP2,E,"73",41092,""
FIX50SP2,E,"73",41094,""
FIX50SP2,E,"73",41096,""
FIX50SP2,E,"73",41116,""
FIX50SP2,E,"73",41137,""
FIX50SP2,E,"73",41140,""
FIX50SP2,E,"73",41152,""
FIX50SP2,E,"73",41230,""
FIX50SP2,E,"73",42296,""
FIX50SP2,E,"73",42775,""
FIX50SP2,E,"",1116,""
FIX50SP2,E,"1116",1120,""
FIX50SP2,EA,"",453,""
FIX50SP2,EA,"453",802,""
FIX50SP2,EA,"",454,""
FIX50SP2,EA,"",864,""
FIX50SP2,EA,"",1018,""
FIX50SP2,EA,"1018",1052,""
FIX50SP2,EA,"",1158,""
FIX50SP2,EA,"1158",781,""
FIX50SP2,EA,"1158 781",801,""
FIX50SP2,EA,"",1483,""
FIX50SP2,EA,"1483",1491,""
FIX50SP2,EA,"1483 1491",1494,""
FIX50SP2,EA,"1483",40997,""
FIX50SP2,EA,"1483 40997",41005,""
FIX50SP2,EA,"1483",41010,""
FIX50SP2,EA,"1483 41010",40994,""
FIX50SP2,EA,"1483 41010",41007,""
FIX50SP2,EA,"1483 41010",41031,""
FIX50SP2,EA,"1483",41013,""
FIX50SP2,EA,"1483",41018,""
FIX50SP2,EA,"1483",41029,""
FIX50SP2,EA,"",1855,""
FIX50SP2,EA,"",1976,""
FIX50SP2,EA,"",2304,""
FIX50SP2,EA,"",40019,""
FIX50SP2,EA,"40019",40000,""
FIX50SP2,EA,"",40022,""
FIX50SP2,EA,"40022",40277,""
FIX50SP2,EA,"40022",42214,""
FIX50SP2,EA,"",40049,""
FIX50SP2,EA,"40049",40085,""
FIX50SP2,EA,"40049",40825,""
FIX50SP2,EA,"40049",40828,""
FIX50SP2,EA,"40049 40828",40868,""
FIX50SP2,EA,"40049 40828",40945,""
FIX50SP2,EA,"40049 40828",40977,""
FIX50SP2,EA,"40049 40828",41161,""
FIX50SP2,EA,"40049",40872,""
FIX50SP2,EA,"40049 40872",42696,""
FIX50SP2,EA,"40049 40872",42705,""
FIX50SP2,EA,"40049",40946,""
FIX50SP2,EA,"40049",40947,""
FIX50SP2,EA,"40049",40948,""
FIX50SP2,EA,"40049",40949,""
FIX50SP2,EA,"40049",40950,""
FIX50SP2,EA,"40049",40958,""
FIX50SP2,EA,"40049",40959,""
FIX50SP2,EA,"40049",40960,""
FIX50SP2,EA,"40049",40961,""
FIX50SP2,EA,"40049",41037,""
FIX50SP2,EA,"40049 41037",41051,""
FIX50SP2,EA,"40049 41037 41051",41054,""
FIX50SP2,EA,"40049",41081,""
FIX50SP2,EA,"40049",41085,""
FIX50SP2,EA,"40049",41192,""
FIX50SP2,EA,"40049",41220,""
FIX50SP2,EA,"40049",41224,""
FIX50SP2,EA,"40049",41227,""
FIX50SP2,EA,"40049",41237,""
FIX50SP2,EA,"40049",41241,""
FIX50SP2,EA,"40049",41249,""
FIX50SP2,EA,"40049",41277,""
FIX50SP2,EA,"40049",41280,""
FIX50SP2,EA,"40049",41289,""
FIX50SP2,EA,"40049 41289",41283,""
FIX50SP2,EA,"40049 41289 41283",41286,""
FIX50SP2,EA,"40049",42236,""
FIX50SP2,EA,"40049",42272,""
FIX50SP2,EA,"40049",42274,""
FIX50SP2,EA,"40049 42274",42294,""
FIX50SP2,EA,"40049",42606,""
FIX50SP2,EA,"40049",42620,""
FIX50SP2,EA,"40049",42660,""
FIX50SP2,EA,"40049",42683,""
FIX50SP2,EA,"40049",42735,""
FIX50SP2,EA,"40049 42735",42709,""
FIX50SP2,EA,"40049 42735 42709",42770,""
FIX50SP2,EA,"40049 42735 42709",42772,""
FIX50SP2,EA,"40049 42735",42731,""
FIX50SP2,EA,"40049 42735",42761,""
FIX50SP2,EA,"40049 42735",42765,""
FIX50SP2,EA,"",40090,""
FIX50SP2,EA,"40090",40142,""
FIX50SP2,EA,"40090",40171,""
FIX50SP2,EA,"40090",40174,""
FIX50SP2,EA,"40090 40174",40178,""
FIX50SP2,EA,"40090",40952,""
FIX50SP2,EA,"40090",40953,""
FIX50SP2,EA,"40090",40954,""
FIX50SP2,EA,"40090",40955,""
FIX50SP2,EA,"40090",40956,""
FIX50SP2,EA,"40090",40957,""
FIX50SP2,EA,"",40181,""
FIX50SP2,EA,"40181",40191,""
FIX50SP2,EA,"40181 40191",40199,""
FIX50SP2,EA,"40181",40201,""
FIX50SP2,EA,"40181",40951,""
FIX50SP2,EA,"",40204,""
FIX50SP2,EA,"40204",40209,""
FIX50SP2,EA,"",40278,""
FIX50SP2,EA,"",41092,""
FIX50SP2,EA,"",41094,""
FIX50SP2,EA,"",41096,""
FIX50SP2,EA,"",41116,""
FIX50SP2,EA,"",41137,""
FIX50SP2,EA,"",41140,""
FIX50SP2,EA,"",41152,""
FIX50SP2,EA,"",41230,""
FIX50SP2,EA,"",42296,""
FIX50SP2,EA,"",42775,""
FIX50SP2,F,"",453,""
FIX50SP2,F,"453",802,""
FIX50SP2,F,"",454,""
FIX50SP2,F,"",711,""
FIX50SP2,F,"711",457,""
FIX50SP2,F,"711",887,""
FIX50SP2,F,"711",1058,""
FIX50SP2,F,"711 1058",1062,""
FIX50SP2,F,"711",1981,""
FIX50SP2,F,"711",2045,""
FIX50SP2,F,"711 2045",2053,""
FIX50SP2,F,"711 2045 2053",2056,""
FIX50SP2,F,"711 2045",41716,""
FIX50SP2,F,"711 2045 41716",41724,""
FIX50SP2,F,"711 2045",41729,""
FIX50SP2,F,"711 2045 41729",41713,""
FIX50SP2,F,"711 2045 41729",41726,""
FIX50SP2,F,"711 2045 41729",41750,""
FIX50SP2,F,"711 2045",41732,""
FIX50SP2,F,"711 2045",41737,""
FIX50SP2,F,"711 2045",41748,""
FIX50SP2,F,"711",2080,""
FIX50SP2,F,"711",2312,""
FIX50SP2,F,"711",40540,""
FIX50SP2,F,"711 40540",40656,""
FIX50SP2,F,"711 40540",40659,""
FIX50SP2,F,"711 40540",40664,""
FIX50SP2,F,"711 40540 40664",40704,""
FIX50SP2,F,"711 40540 40664",40966,""
FIX50SP2,F,"711 40540 40664",40967,""
FIX50SP2,F,"711 40540 40664",41878,""
FIX50SP2,F,"711 40540",40708,""
FIX50SP2,F,"711 40540 40708",42991,""
FIX50SP2,F,"711 40540 40708",43000,""
FIX50SP2,F,"711 40540",40968,""
FIX50SP2,F,"711 40540",40969,""
FIX50SP2,F,"711 40540",40970,""
FIX50SP2,F,"711 40540",40971,""
FIX50SP2,F,"711 40540",40972,""
FIX50SP2,F,"711 40540",40973,""
FIX50SP2,F,"711 40540",40974,""
FIX50SP2,F,"711 40540",40975,""
FIX50SP2,F,"711 40540",40976,""
FIX50SP2,F,"711 40540",41756,""
FIX50SP2,F,"711 40540 41756",41770,""
FIX50SP2,F,"711 40540 41756 41770",41773,""
FIX50SP2,F,"711 40540",41800,""
FIX50SP2,F,"711 40540",41804,""
FIX50SP2,F,"711 40540",41808,""
FIX50SP2,F,"711 40540",41909,""
FIX50SP2,F,"711 40540",41937,""
FIX50SP2,F,"711 40540",41941,""
FIX50SP2,F,"711 40540",41944,""
FIX50SP2,F,"711 40540",41954,""
FIX50SP2,F,"711 40540",41962,""
FIX50SP2,F,"711 40540",41990,""
FIX50SP2,F,"711 40540",41993,""
FIX50SP2,F,"711 40540",42002,""
FIX50SP2,F,"711 40540 42002",41996,""
FIX50SP2,F,"711 40540 42002 41996",41999,""
FIX50SP2,F,"711 40540",42799,""
FIX50SP2,F,"711 40540",42853,""
FIX50SP2,F,"711 40540",42862,""
FIX50SP2,F,"711 40540 42862",42882,""
FIX50SP2,F,"711 40540",42901,""
FIX50SP2,F,"711 40540",42915,""
FIX50SP2,F,"711 40540",42955,""
FIX50SP2,F,"711 40540",42981,""
FIX50SP2,F,"711 40540",43034,""
FIX50SP2,F,"711 40540 43034",43008,""
FIX50SP2,F,"711 40540 43034 43008",43069,""
FIX50SP2,F,"711 40540 43034 43008",43071,""
FIX50SP2,F,"711 40540 43034",43030,""
FIX50SP2,F,"711 40540 43034",43060,""
FIX50SP2,F,"711 40540 43034",43064,""
FIX50SP2,F,"711",40962,""
FIX50SP2,F,"711",41820,""
FIX50SP2,F,"711",41841,""
FIX50SP2,F,"711",41844,""
FIX50SP2,F,"711",41856,""
FIX50SP2,F,"711",41864,""
FIX50SP2,F,"711",41866,""
FIX50SP2,F,"711",41868,""
FIX50SP2,F,"711",41947,""
FIX50SP2,F,"711",42036,""
FIX50SP2,F,"711 42036",41340,""
FIX50SP2,F,"711",42041,""
FIX50SP2,F,"711 42041",42039,""
FIX50SP2,F,"711 42041",42788,""
FIX50SP2,F,"711",42060,""
FIX50SP2,F,"711 42060",42065,""
FIX50SP2,F,"711",42068,""
FIX50SP2,F,"711 42068",42077,""
FIX50SP2,F,"711 42068 42077",42085,""
FIX50SP2,F,"711 42068",42087,""
FIX50SP2,F,"711 42068",42090,""
FIX50SP2,F,"711",42149,""
FIX50SP2,F,"711 42149",42099,""
FIX50SP2,F,"711 42149",42112,""
FIX50SP2,F,"711 42149",42173,""
FIX50SP2,F,"711 42149 42173",42177,""
FIX50SP2,F,"711 42149",42180,""
FIX50SP2,F,"711 42149",42182,""
FIX50SP2,F,"711 42149",42184,""
FIX50SP2,F,"711 42149",42186,""
FIX50SP2,F,"711 42149",42188,""
FIX50SP2,F,"711 42149",42190,""
FIX50SP2,F,"711",42855,""
FIX50SP2,F,"711",42884,""
FIX50SP2,F,"711",43005,""
FIX50SP2,F,"711",43074,""
FIX50SP2,F,"",864,""
FIX50SP2,F,"",1018,""
FIX50SP2,F,"1018",1052,""
FIX50SP2,F,"",1483,""
FIX50SP2,F,"1483",1491,""
FIX50SP2,F,"1483 1491",1494,""
FIX50SP2,F,"1483",40997,""
FIX50SP2,F,"1483 40997",41005,""
FIX50SP2,F,"1483",41010,""
FIX50SP2,F,"1483 41010",40994,""
FIX50SP2,F,"1483 41010",41007,""
FIX50SP2,F,"1483 41010",41031,""
FIX50SP2,F,"1483",41013,""
FIX50SP2,F,"1483",41018,""
FIX50SP2,F,"1483",41029,""
FIX50SP2,F,"",1976,""
FIX50SP2,F,"",2304,""
FIX50SP2,F,"",40019,""
FIX50SP2,F,"40019",40000,""
FIX50SP2,F,"",40022,""
FIX50SP2,F,"40022",40277,""
FIX50SP2,F,"40022",42214,""
FIX50SP2,F,"",40040,""
FIX50SP2,F,"",40042,""
FIX50SP2,F,"",40046,""
FIX50SP2,F,"",40049,""
FIX50SP2,F,"40049",40085,""
FIX50SP2,F,"40049",40825,""
FIX50SP2,F,"40049",40828,""
FIX50SP2,F,"40049 40828",40868,""
FIX50SP2,F,"40049 40828",40945,""
FIX50SP2,F,"40049 40828",40977,""
FIX50SP2,F,"40049 40828",41161,""
FIX50SP2,F,"40049",40872,""
FIX50SP2,F,"40049 40872",42696,""
FIX50SP2,F,"40049 40872",42705,""
FIX50SP2,F,"40049",40946,""
FIX50SP2,F,"40049",40947,""
FIX50SP2,F,"40049",40948,""
FIX50SP2,F,"40049",40949,""
FIX50SP2,F,"40049",40950,""
FIX50SP2,F,"40049",40958,""
FIX50SP2,F,"40049",40959,""
FIX50SP2,F,"40049",40960,""
FIX50SP2,F,"40049",40961,""
FIX50SP2,F,"40049",41037,""
FIX50SP2,F,"40049 41037",41051,""
FIX50SP2,F,"40049 41037 41051",41054,""
FIX50SP2,F,"40049",41081,""
FIX50SP2,F,"40049",41085,""
FIX50SP2,F,"40049",41192,""
FIX50SP2,F,"40049",41220,""
FIX50SP2,F,"40049",41224,""
FIX50SP2,F,"40049",41227,""
FIX50SP2,F,"40049",41237,""
FIX50SP2,F,"40049",41241,""
FIX50SP2,F,"40049",41249,""
FIX50SP2,F,"40049",41277,""
FIX50SP2,F,"40049",41280,""
FIX50SP2,F,"40049",41289,""
FIX50SP2,F,"40049 41289",41283,""
FIX50SP2,F,"40049 41289 41283",41286,""
FIX50SP2,F,"40049",42236,""
FIX50SP2,F,"40049",42272,""
FIX50SP2,F,"40049",42274,""
FIX50SP2,F,"40049 42274",42294,""
FIX50SP2,F,"40049",42606,""
FIX50SP2,F,"40049",42620,""
FIX50SP2,F,"40049",42660,""
FIX50SP2,F,"40049",42683,""
FIX50SP2,F,"40049",42735,""
FIX50SP2,F,"40049 42735",42709,""
FIX50SP2,F,"40049 42735 42709",42770,""
FIX50SP2,F,"40049 42735 42709",42772,""
FIX50SP2,F,"40049 42735",42731,""
FIX50SP2,F,"40049 42735",42761,""
FIX50SP2,F,"40049 42735",42765,""
FIX50SP2,F,"",40090,""
FIX50SP2,F,"40090",40142,""
FIX50SP2,F,"40090",40171,""
FIX50SP2,F,"40090",40174,""
FIX50SP2,F,"40090 40174",40178,""
FIX50SP2,F,"40090",40952,""
FIX50SP2,F,"40090",40953,""
FIX50SP2,F,"40090",40954,""
FIX50SP2,F,"40090",40955,""
FIX50SP2,F,"40090",40956,""
FIX50SP2,F,"40090",40957,""
FIX50SP2,F,"",40181,""
FIX50SP2,F,"40181",40191,""
FIX50SP2,F,"40181 40191",40199,""
FIX50SP2,F,"40181",40201,""
FIX50SP2,F,"40181",40951,""
FIX50SP2,F,"",40204,""
FIX50SP2,F,"40204",40209,""
FIX50SP2,F,"",40278,""
FIX50SP2,F,"",41092,""
FIX50SP2,F,"",41094,""
FIX50SP2,F,"",41096,""
FIX50SP2,F,"",41116,""
FIX50SP2,F,"",41137,""
FIX50SP2,F,"",41140,""
FIX50SP2,F,"",41152,""
FIX50SP2,F,"",41230,""
FIX50SP2,F,"",42296,""
FIX50SP2,F,"",42775,""
FIX50SP2,G,"",78,""
FIX50SP2,G,"78",539,""
FIX50SP2,G,"78 539",804,""
FIX50SP2,G,"",232,""
FIX50SP2,G,"",386,""
FIX50SP2,G,"",453,""
FIX50SP2,G,"453",802,""
FIX50SP2,G,"",454,""
FIX50SP2,G,"",711,""
FIX50SP2,G,"711",457,""
FIX50SP2,G,"711",887,""
FIX50SP2,G,"711",1058,""
FIX50SP2,G,"711 1058",1062,""
FIX50SP2,G,"711",1981,""
FIX50SP2,G,"711",2045,""
FIX50SP2,G,"711 2045",2053,""
FIX50SP2,G,"711 2045 2053",2056,""
FIX50SP2,G,"711 2045",41716,""
FIX50SP2,G,"711 2045 41716",41724,""
FIX50SP2,G,"711 2045",41729,""
FIX50SP2,G,"711 2045 41729",41713,""
FIX50SP2,G,"711 2045 41729",41726,""
FIX50SP2,G,"711 2045 41729",41750,""
FIX50SP2,G,"711 2045",41732,""
FIX50SP2,G,"711 2045",41737,""
FIX50SP2,G,"711 2045",41748,""
FIX50SP2,G,"711",2080,""
FIX50SP2,G,"711",2312,""
FIX50SP2,G,"711",40540,""
FIX50SP2,G,"711 40540",40656,""
FIX50SP2,G,"711 40540",40659,""
FIX50SP2,G,"711 40540",40664,""
FIX50SP2,G,"711 40540 40664",40704,""
FIX50SP2,G,"711 40540 40664",40966,""
FIX50SP2,G,"711 40540 40664",40967,""
FIX50SP2,G,"711 40540 40664",41878,""
FIX50SP2,G,"711 40540",40708,""
FIX50SP2,G,"711 40540 40708",42991,""
FIX50SP2,G,"711 40540 40708",43000,""
FIX50SP2,G,"711 40540",40968,""
FIX50SP2,G,"711 40540",40969,""
FIX50SP2,G,"711 40540",40970,""
FIX50SP2,G,"711 40540",40971,""
FIX50SP2,G,"711 40540",40972,""
FIX50SP2,G,"711 40540",40973,""
FIX50SP2,G,"711 40540",40974,""
FIX50SP2,G,"711 40540",40975,""
FIX50SP2,G,"711 40540",40976,""
FIX50SP2,G,"711 40540",41756,""
FIX50SP2,G,"711 40540 41756",41770,""
FIX50SP2,G,"711 40540 41756 41770",41773,""
FIX50SP2,G,"711 40540",41800,""
FIX50SP2,G,"711 40540",41804,""
FIX50SP2,G,"711 40540",41808,""
FIX50SP2,G,"711 40540",41909,""
FIX50SP2,G,"711 40540",41937,""
FIX50SP2,G,"711 40540",41941,""
FIX50SP2,G,"711 40540",41944,""
FIX50SP2,G,"711 40540",41954,""
FIX50SP2,G,"711 40540",41962,""
FIX50SP2,G,"711 40540",41990,""
FIX50SP2,G,"711 40540",41993,""
FIX50SP2,G,"711 40540",42002,""
FIX50SP2,G,"711 40540 42002",41996,""
FIX50SP2,G,"711 40540 42002 41996",41999,""
FIX50SP2,G,"711 40540",42799,""
FIX50SP2,G,"711 40540",42853,""
FIX50SP2,G,"711 40540",42862,""
FIX50SP2,G,"711 40540 42862",42882,""
FIX50SP2,G,"711 40540",42901,""
FIX50SP2,G,"711 40540",42915,""
FIX50SP2,G,"711 40540",42955,""
FIX50SP2,G,"711 40540",42981,""
FIX50SP2,G,"711 40540",43034,""
FIX50SP2,G,"711 40540 43034",43008,""
FIX50SP2,G,"711 40540 43034 43008",43069,""
FIX50SP2,G,"711 40540 43034 43008",43071,""
FIX50SP2,G,"711 40540 43034",43030,""
FIX50SP2,G,"711 40540 43034",43060,""
FIX50SP2,G,"711 40540 43034",43064,""
FIX50SP2,G,"711",40962,""
FIX50SP2,G,"711",41820,""
FIX50SP2,G,"711",41841,""
FIX50SP2,G,"711",41844,""
FIX50SP2,G,"711",41856,""
FIX50SP2,G,"711",41864,""
FIX50SP2,G,"711",41866,""
FIX50SP2,G,"711",41868,""
FIX50SP2,G,"711",41947,""
FIX50SP2,G,"711",42036,""
FIX50SP2,G,"711 42036",41340,""
FIX50SP2,G,"711",42041,""
FIX50SP2,G,"711 42041",42039,""
FIX50SP2,G,"711 42041",42788,""
FIX50SP2,G,"711",42060,""
FIX50SP2,G,"711 42060",42065,""
FIX50SP2,G,"711",42068,""
FIX50SP2,G,"711 42068",42077,""
FIX50SP2,G,"711 42068 42077",42085,""
FIX50SP2,G,"711 42068",42087,""
FIX50SP2,G,"711 42068",42090,""
FIX50SP2,G,"711",42149,""
FIX50SP2,G,"711 42149",42099,""
FIX50SP2,G,"711 42149",42112,""
FIX50SP2,G,"711 42149",42173,""
FIX50SP2,G,"711 42149 42173",42177,""
FIX50SP2,G,"711 42149",42180,""
FIX50SP2,G,"711 42149",42182,""
FIX50SP2,G,"711 42149",42184,""
FIX50SP2,G,"711 42149",42186,""
FIX50SP2,G,"711 42149",42188,""
FIX50SP2,G,"711 42149",42190,""
FIX50SP2,G,"711",42855,""
FIX50SP2,G,"711",42884,""
FIX50SP2,G,"711",43005,""
FIX50SP2,G,"711",43074,""
FIX50SP2,G,"",768,""
FIX50SP2,G,"",864,""
FIX50SP2,G,"",957,""
FIX50SP2,G,"",1018,""
FIX50SP2,G,"1018",1052,""
FIX50SP2,G,"",1445,""
FIX50SP2,G,"",1461,""
FIX50SP2,G,"1461",2433,""
FIX50SP2,G,"",1483,""
FIX50SP2,G,"1483",1491,""
FIX50SP2,G,"1483 1491",1494,""
FIX50SP2,G,"1483",40997,""
FIX50SP2,G,"1483 40997",41005,""
FIX50SP2,G,"1483",41010,""
FIX50SP2,G,"1483 41010",40994,""
FIX50SP2,G,"1483 41010",41007,""
FIX50SP2,G,"1483 41010",41031,""
FIX50SP2,G,"1483",41013,""
FIX50SP2,G,"1483",41018,""
FIX50SP2,G,"1483",41029,""
FIX50SP2,G,"",1624,""
FIX50SP2,G,"",1812,""
FIX50SP2,G,"",1868,""
FIX50SP2,G,"",1976,""
FIX50SP2,G,"",2304,""
FIX50SP2,G,"",2593,""
FIX50SP2,G,"",2639,""
FIX50SP2,G,"",40019,""
FIX50SP2,G,"40019",40000,""
FIX50SP2,G,"",40022,""
FIX50SP2,G,"40022",40277,""
FIX50SP2,G,"40022",42214,""
FIX50SP2,G,"",40040,""
FIX50SP2,G,"",40042,""
FIX50SP2,G,"",40046,""
FIX50SP2,G,"",40049,""
FIX50SP2,G,"40049",40085,""
FIX50SP2,G,"40049",40825,""
FIX50SP2,G,"40049",40828,""
FIX50SP2,G,"40049 40828",40868,""
FIX50SP2,G,"40049 40828",40945,""
FIX50SP2,G,"40049 40828",40977,""
FIX50SP2,G,"40049 40828",41161,""
FIX50SP2,G,"40049",40872,""
FIX50SP2,G,"40049 40872",42696,""
FIX50SP2,G,"40049 40872",42705,""
FIX50SP2,G,"40049",40946,""
FIX50SP2,G,"40049",40947,""
FIX50SP2,G,"40049",40948,""
FIX50SP2,G,"40049",40949,""
FIX50SP2,G,"40049",40950,""
FIX50SP2,G,"40049",40958,""
FIX50SP2,G,"40049",40959,""
FIX50SP2,G,"40049",40960,""
FIX50SP2,G,"40049",40961,""
FIX50SP2,G,"40049",41037,""
FIX50SP2,G,"40049 41037",41051,""
FIX50SP2,G,"40049 41037 41051",41054,""
FIX50SP2,G,"40049",41081,""
FIX50SP2,G,"40049",41085,""
FIX50SP2,G,"40049",41192,""
FIX50SP2,G,"40049",41220,""
FIX50SP2,G,"40049",41224,""
FIX50SP2,G,"40049",41227,""
FIX50SP2,G,"40049",41237,""
FIX50SP2,G,"40049",41241,""
FIX50SP2,G,"40049",41249,""
FIX50SP2,G,"40049",41277,""
FIX50SP2,G,"40049",41280,""
FIX50SP2,G,"40049",41289,""
FIX50SP2,G,"40049 41289",41283,""
FIX50SP2,G,"40049 41289 41283",41286,""
FIX50SP2,G,"40049",42236,""
FIX50SP2,G,"40049",42272,""
FIX50SP2,G,"40049",42274,""
FIX50SP2,G,"40049 42274",42294,""
FIX50SP2,G,"40049",42606,""
FIX50SP2,G,"40049",42620,""
FIX50SP2,G,"40049",42660,""
FIX50SP2,G,"40049",42683,""
FIX50SP2,G,"40049",42735,""
FIX50SP2,G,"40049 42735",42709,""
FIX50SP2,G,"40049 42735 42709",42770,""
FIX50SP2,G,"40049 42735 42709",42772,""
FIX50SP2,G,"40049 42735",42731,""
FIX50SP2,G,"40049 42735",42761,""
FIX50SP2,G,"40049 42735",42765,""
FIX50SP2,G,"",40090,""
FIX50SP2,G,"40090",40142,""
FIX50SP2,G,"40090",40171,""
FIX50SP2,G,"40090",40174,""
FIX50SP2,G,"40090 40174",40178,""
FIX50SP2,G,"40090",40952,""
FIX50SP2,G,"40090",40953,""
FIX50SP2,G,"40090",40954,""
FIX50SP2,G,"40090",40955,""
FIX50SP2,G,"40090",40956,""
FIX50SP2,G,"40090",40957,""
FIX50SP2,G,"",40181,""
FIX50SP2,G,"40181",40191,""
FIX50SP2,G,"40181 40191",40199,""
FIX50SP2,G,"40181",40201,""
FIX50SP2,G,"40181",40951,""
FIX50SP2,G,"",40204,""
FIX50SP2,G,"40204",40209,""
FIX50SP2,G,"",40278,""
FIX50SP2,G,"",41092,""
FIX50SP2,G,"",41094,""
FIX50SP2,G,"",41096,""
FIX50SP2,G,"",41116,""
FIX50SP2,G,"",41137,""
FIX50SP2,G,"",41140,""
FIX50SP2,G,"",41152,""
FIX50SP2,G,"",41230,""
FIX50SP2,G,"",42296,""
FIX50SP2,G,"",42775,""
FIX50SP2,H,"",453,""
FIX50SP2,H,"453",802,""
FIX50SP2,H,"",454,""
FIX50SP2,H,"",711,""
FIX50SP2,H,"711",457,""
FIX50SP2,H,"711",887,""
FIX50SP2,H,"711",1058,""
FIX50SP2,H,"711 1058",1062,""
FIX50SP2,H,"711",1981,""
FIX50SP2,H,"711",2045,""
FIX50SP2,H,"711 2045",2053,""
FIX50SP2,H,"711 2045 2053",2056,""
FIX50SP2,H,"711 2045",41716,""
FIX50SP2,H,"711 2045 41716",41724,""
FIX50SP2,H,"711 2045",41729,""
FIX50SP2,H,"711 2045 41729",41713,""
FIX50SP2,H,"711 2045 41729",41726,""
FIX50SP2,H,"711 2045 41729",41750,""
FIX50SP2,H,"711 2045",41732,""
FIX50SP2,H,"711 2045",41737,""
FIX50SP2,H,"711 2045",41748,""
FIX50SP2,H,"711",2080,""
FIX50SP2,H,"711",2312,""
FIX50SP2,H,"711",40540,""
FIX50SP2,H,"711 40540",40656,""
FIX50SP2,H,"711 40540",40659,""
FIX50SP2,H,"711 40540",40664,""
FIX50SP2,H,"711 40540 40664",40704,""
FIX50SP2,H,"711 40540 40664",40966,""
FIX50SP2,H,"711 40540 40664",40967,""
FIX50SP2,H,"711 40540 40664",41878,""
FIX50SP2,H,"711 40540",40708,""
FIX50SP2,H,"711 40540 40708",42991,""
FIX50SP2,H,"711 40540 40708",43000,""
FIX50SP2,H,"711 40540",40968,""
FIX50SP2,H,"711 40540",40969,""
FIX50SP2,H,"711 40540",40970,""
FIX50SP2,H,"711 40540",40971,""
FIX50SP2,H,"711 40540",40972,""
FIX50SP2,H,"711 40540",40973,""
FIX50SP2,H,"711 40540",40974,""
FIX50SP2,H,"711 40540",40975,""
FIX50SP2,H,"711 40540",40976,""
FIX50SP2,H,"711 40540",41756,""
FIX50SP2,H,"711 40540 41756",41770,""
FIX50SP2,H,"711 40540 41756 41770",41773,""
FIX50SP2,H,"711 40540",41800,""
FIX50SP2,H,"711 40540",41804,""
FIX50SP2,H,"711 40540",41808,""
FIX50SP2,H,"711 40540",41909,""
FIX50SP2,H,"711 40540",41937,""
FIX50SP2,H,"711 40540",41941,""
FIX50SP2,H,"711 40540",41944,""
FIX50SP2,H,"711 40540",41954,""
FIX50SP2,H,"711 40540",41962,""
FIX50SP2,H,"711 40540",41990,""
FIX50SP2,H,"711 40540",41993,""
FIX50SP2,H,"711 40540",42002,""
FIX50SP2,H,"711 40540 42002",41996,""
FIX50SP2,H,"711 40540 42002 41996",41999,""
FIX50SP2,H,"711 40540",42799,""
FIX50SP2,H,"711 40540",42853,""
FIX50SP2,H,"711 40540",42862,""
FIX50SP2,H,"711 40540 42862",42882,""
FIX50SP2,H,"711 40540",42901,""
FIX50SP2,H,"711 40540",42915,""
FIX50SP2,H,"711 40540",42955,""
FIX50SP2,H,"711 40540",42981,""
FIX50SP2,H,"711 40540",43034,""
FIX50SP2,H,"711 40540 43034",43008,""
FIX50SP2,H,"711 40540 43034 43008",43069,""
FIX50SP2,H,"711 40540 43034 43008",43071,""
FIX50SP2,H,"711 40540 43034",43030,""
FIX50SP2,H,"711 40540 43034",43060,""
FIX50SP2,H,"711 40540 43034",43064,""
FIX50SP2,H,"711",40962,""
FIX50SP2,H,"711",41820,""
FIX50SP2,H,"711",41841,""
FIX50SP2,H,"711",41844,""
FIX50SP2,H,"711",41856,""
FIX50SP2,H,"711",41864,""
FIX50SP2,H,"711",41866,""
FIX50SP2,H,"711",41868,""
FIX50SP2,H,"711",41947,""
FIX50SP2,H,"711",42036,""
FIX50SP2,H,"711 42036",41340,""
FIX50SP2,H,"711",42041,""
FIX50SP2,H,"711 42041",42039,""
FIX50SP2,H,"711 42041",42788,""
FIX50SP2,H,"711",42060,""
FIX50SP2,H,"711 42060",42065,""
FIX50SP2,H,"711",42068,""
FIX50SP2,H,"711 42068",42077,""
FIX50SP2,H,"711 42068 42077",42085,""
FIX50SP2,H,"711 42068",42087,""
FIX50SP2,H,"711 42068",42090,""
FIX50SP2,H,"711",42149,""
FIX50SP2,H,"711 42149",42099,""
FIX50SP2,H,"711 42149",42112,""
FIX50SP2,H,"711 42149",42173,""
FIX50SP2,H,"711 42149 42173",42177,""
FIX50SP2,H,"711 42149",42180,""
FIX50SP2,H,"711 42149",42182,""
FIX50SP2,H,"711 42149",42184,""
FIX50SP2,H,"711 42149",42186,""
FIX50SP2,H,"711 42149",42188,""
FIX50SP2,H,"711 42149",42190,""
FIX50SP2,H,"711",42855,""
FIX50SP2,H,"711",42884,""
FIX50SP2,H,"711",43005,""
FIX50SP2,H,"711",43074,""
FIX50SP2,H,"",864,""
FIX50SP2,H,"",1018,""
FIX50SP2,H,"1018",1052,""
FIX50SP2,H,"",1483,""
FIX50SP2,H,"1483",1491,""
FIX50SP2,H,"1483 1491",1494,""
FIX50SP2,H,"1483",40997,""
FIX50SP2,H,"1483 40997",41005,""
FIX50SP2,H,"1483",41010,""
FIX50SP2,H,"1483 41010",40994,""
FIX50SP2,H,"1483 41010",41007,""
FIX50SP2,H,"1483 41010",41031,""
FIX50SP2,H,"1483",41013,""
FIX50SP2,H,"1483",41018,""
FIX50SP2,H,"1483",41029,""
FIX50SP2,H,"",1976,""
FIX50SP2,H,"",2304,""
FIX50SP2,H,"",40019,""
FIX50SP2,H,"40019",40000,""
FIX50SP2,H,"",40022,""
FIX50SP2,H,"40022",40277,""
FIX50SP2,H,"40022",42214,""
FIX50SP2,H,"",40040,""
FIX50SP2,H,"",40042,""
FIX50SP2,H,"",40046,""
FIX50SP2,H,"",40049,""
FIX50SP2,H,"40049",40085,""
FIX50SP2,H,"40049",40825,""
FIX50SP2,H,"40049",40828,""
FIX50SP2,H,"40049 40828",40868,""
FIX50SP2,H,"40049 40828",40945,""
FIX50SP2,H,"40049 40828",40977,""
FIX50SP2,H,"40049 40828",41161,""
FIX50SP2,H,"40049",40872,""
FIX50SP2,H,"40049 40872",42696,""
FIX50SP2,H,"40049 40872",42705,""
FIX50SP2,H,"40049",40946,""
FIX50SP2,H,"40049",40947,""
FIX50SP2,H,"40049",40948,""
FIX50SP2,H,"40049",40949,""
FIX50SP2,H,"40049",40950,""
FIX50SP2,H,"40049",40958,""
FIX50SP2,H,"40049",40959,""
FIX50SP2,H,"40049",40960,""
FIX50SP2,H,"40049",40961,""
FIX50SP2,H,"40049",41037,""
FIX50SP2,H,"40049 41037",41051,""
FIX50SP2,H,"40049 41037 41051",41054,""
FIX50SP2,H,"40049",41081,""
FIX50SP2,H,"40049",41085,""
FIX50SP2,H,"40049",41192,""
FIX50SP2,H,"40049",41220,""
FIX50SP2,H,"40049",41224,""
FIX50SP2,H,"40049",41227,""
FIX50SP2,H,"40049",41237,""
FIX50SP2,H,"40049",41241,""
FIX50SP2,H,"40049",41249,""
FIX50SP2,H,"40049",41277,""
FIX50SP2,H,"40049",41280,""
FIX50SP2,H,"40049",41289,""
FIX50SP2,H,"40049 41289",41283,""
FIX50SP2,H,"40049 41289 41283",41286,""
FIX50SP2,H,"40049",42236,""
FIX50SP2,H,"40049",42272,""
FIX50SP2,H,"40049",42274,""
FIX50SP2,H,"40049 42274",42294,""
FIX50SP2,H,"40049",42606,""
FIX50SP2,H,"40049",42620,""
FIX50SP2,H,"40049",42660,""
FIX50SP2,H,"40049",42683,""
FIX50SP2,H,"40049",42735,""
FIX50SP2,H,"40049 42735",42709,""
FIX50SP2,H,"40049 42735 42709",42770,""
FIX50SP2,H,"40049 42735 42709",42772,""
FIX50SP2,H,"40049 42735",42731,""
FIX50SP2,H,"40049 42735",42761,""
FIX50SP2,H,"40049 42735",42765,""
FIX50SP2,H,"",40090,""
FIX50SP2,H,"40090",40142,""
FIX50SP2,H,"40090",40171,""
FIX50SP2,H,"40090",40174,""
FIX50SP2,H,"40090 40174",40178,""
FIX50SP2,H,"40090",40952,""
FIX50SP2,H,"40090",40953,""
FIX50SP2,H,"40090",40954,""
FIX50SP2,H,"40090",40955,""
FIX50SP2,H,"40090",40956,""
FIX50SP2,H,"40090",40957,""
FIX50SP2,H,"",40181,""
FIX50SP2,H,"40181",40191,""
FIX50SP2,H,"40181 40191",40199,""
FIX50SP2,H,"40181",40201,""
FIX50SP2,H,"40181",40951,""
FIX50SP2,H,"",40204,""
FIX50SP2,H,"40204",40209,""
FIX50SP2,H,"",40278,""
FIX50SP2,H,"",41092,""
FIX50SP2,H,"",41094,""
FIX50SP2,H,"",41096,""
FIX50SP2,H,"",41116,""
FIX50SP2,H,"",41137,""
FIX50SP2,H,"",41140,""
FIX50SP2,H,"",41152,""
FIX50SP2,H,"",41230,""
FIX50SP2,H,"",42296,""
FIX50SP2,H,"",42775,""
FIX50SP2,J,"",73,""
FIX50SP2,J,"73",756,""
FIX50SP2,J,"73 756",806,""
FIX50SP2,J,"",78,""
FIX50SP2,J,"78",85,""
FIX50SP2,J,"78 85",781,""
FIX50SP2,J,"78 85 781",801,""
FIX50SP2,J,"78",136,""
FIX50SP2,J,"78 136",2633,""
FIX50SP2,J,"78",539,""
FIX50SP2,J,"78 539",804,""
FIX50SP2,J,"78",576,""
FIX50SP2,J,"78",1844,""
FIX50SP2,J,"78",1908,""
FIX50SP2,J,"78",2653,""
FIX50SP2,J,"",124,""
FIX50SP2,J,"124",1838,""
FIX50SP2,J,"124",2668,""
FIX50SP2,J,"",232,""
FIX50SP2,J,"",453,""
FIX50SP2,J,"453",802,""
FIX50SP2,J,"",454,""
FIX50SP2,J,"",555,""
FIX50SP2,J,"555",604,""
FIX50SP2,J,"555",2059,""
FIX50SP2,J,"555",2076,""
FIX50SP2,J,"555",2218,""
FIX50SP2,J,"555 2218",2250,""
FIX50SP2,J,"555 2218 2250",2253,""
FIX50SP2,J,"555 2218",41366,""
FIX50SP2,J,"555 2218 41366",41374,""
FIX50SP2,J,"555 2218",41379,""
FIX50SP2,J,"555 2218 41379",41363,""
FIX50SP2,J,"555 2218 41379",41376,""
FIX50SP2,J,"555 2218 41379",41400,""
FIX50SP2,J,"555 2218",41382,""
FIX50SP2,J,"555 2218",41387,""
FIX50SP2,J,"555 2218",41398,""
FIX50SP2,J,"555",2254,""
FIX50SP2,J,"555 2254",2258,""
FIX50SP2,J,"555",2308,""
FIX50SP2,J,"555",40241,""
FIX50SP2,J,"555 40241",40367,""
FIX50SP2,J,"555 40241",40374,""
FIX50SP2,J,"555 40241 40374",40414,""
FIX50SP2,J,"555 40241 40374",40927,""
FIX50SP2,J,"555 40241 40374",40928,""
FIX50SP2,J,"555 40241 40374",41530,""
FIX50SP2,J,"555 40241",40418,""
FIX50SP2,J,"555 40241 40418",42495,""
FIX50SP2,J,"555 40241 40418",42504,""
FIX50SP2,J,"555 40241",40902,""
FIX50SP2,J,"555 40241",40929,""
FIX50SP2,J,"555 40241",40930,""
FIX50SP2,J,"555 40241",40931,""
FIX50SP2,J,"555 40241",40932,""
FIX50SP2,J,"555 40241",40933,""
FIX50SP2,J,"555 40241",40940,""
FIX50SP2,J,"555 40241",40941,""
FIX50SP2,J,"555 40241",40942,""
FIX50SP2,J,"555 40241",40943,""
FIX50SP2,J,"555 40241",41408,""
FIX50SP2,J,"555 40241 41408",41422,""
FIX50SP2,J,"555 40241 41408 41422",41425,""
FIX50SP2,J,"555 40241",41452,""
FIX50SP2,J,"555 40241",41456,""
FIX50SP2,J,"555 40241",41460,""
FIX50SP2,J,"555 40241",41561,""
FIX50SP2,J,"555 40241",41589,""
FIX50SP2,J,"555 40241",41593,""
FIX50SP2,J,"555 40241",41596,""
FIX50SP2,J,"555 40241",41638,""
FIX50SP2,J,"555 40241",41646,""
FIX50SP2,J,"555 40241",41674,""
FIX50SP2,J,"555 40241",41677,""
FIX50SP2,J,"555 40241",41686,""
FIX50SP2,J,"555 40241 41686",41680,""
FIX50SP2,J,"555 40241 41686 41680",41683,""
FIX50SP2,J,"555 40241",42310,""
FIX50SP2,J,"555 40241",42364,""
FIX50SP2,J,"555 40241",42366,""
FIX50SP2,J,"555 40241 42366",42386,""
FIX50SP2,J,"555 40241",42405,""
FIX50SP2,J,"555 40241",42419,""
FIX50SP2,J,"555 40241",42459,""
FIX50SP2,J,"555 40241",42485,""
FIX50SP2,J,"555 40241",42534,""
FIX50SP2,J,"555 40241 42534",42508,""
FIX50SP2,J,"555 40241 42534 42508",42569,""
FIX50SP2,J,"555 40241 42534 42508",42571,""
FIX50SP2,J,"555 40241 42534",42530,""
FIX50SP2,J,"555 40241 42534",42560,""
FIX50SP2,J,"555 40241 42534",42564,""
FIX50SP2,J,"555",40448,""
FIX50SP2,J,"555 40448",40473,""
FIX50SP2,J,"555 40448",40495,""
FIX50SP2,J,"555 40448",40533,""
FIX50SP2,J,"555 40448 40533",40537,""
FIX50SP2,J,"555 40448",40934,""
FIX50SP2,J,"555 40448",40935,""
FIX50SP2,J,"555 40448",40936,""
FIX50SP2,J,"555 40448",40937,""
FIX50SP2,J,"555 40448",40938,""
FIX50SP2,J,"555 40448",40939,""
FIX50SP2,J,"555",40923,""
FIX50SP2,J,"555",41335,""
FIX50SP2,J,"555 41335",41316,""
FIX50SP2,J,"555",41344,""
FIX50SP2,J,"555 41344",41342,""
FIX50SP2,J,"555 41344",42306,""
FIX50SP2,J,"555",41467,""
FIX50SP2,J,"555",41469,""
FIX50SP2,J,"555",41471,""
FIX50SP2,J,"555",41491,""
FIX50SP2,J,"555",41512,""
FIX50SP2,J,"555",41515,""
FIX50SP2,J,"555",41527,""
FIX50SP2,J,"555",41599,""
FIX50SP2,J,"555 41599",41604,""
FIX50SP2,J,"555",41607,""
FIX50SP2,J,"555",41616,""
FIX50SP2,J,"555 41616",41614,""
FIX50SP2,J,"555 41616",41625,""
FIX50SP2,J,"555 41616 41625",41633,""
FIX50SP2,J,"555 41616",41635,""
FIX50SP2,J,"555",42198,""
FIX50SP2,J,"555",42200,""
FIX50SP2,J,"555",42203,""
FIX50SP2,J,"555",42388,""
FIX50SP2,J,"555",42581,""
FIX50SP2,J,"",711,""
FIX50SP2,J,"711",457,""
FIX50SP2,J,"711",887,""
FIX50SP2,J,"711",1058,""
FIX50SP2,J,"711 1058",1062,""
FIX50SP2,J,"711",1981,""
FIX50SP2,J,"711",2045,""
FIX50SP2,J,"711 2045",2053,""
FIX50SP2,J,"711 2045 2053",2056,""
FIX50SP2,J,"711 2045",41716,""
FIX50SP2,J,"711 2045 41716",41724,""
FIX50SP2,J,"711 2045",41729,""
FIX50SP2,J,"711 2045 41729",41713,""
FIX50SP2,J,"711 2045 41729",41726,""
FIX50SP2,J,"711 2045 41729",41750,""
FIX50SP2,J,"711 2045",41732,""
FIX50SP2,J,"711 2045",41737,""
FIX50SP2,J,"711 2045",41748,""
FIX50SP2,J,"711",2080,""
FIX50SP2,J,"711",2312,""
FIX50SP2,J,"711",40540,""
FIX50SP2,J,"711 40540",40656,""
FIX50SP2,J,"711 40540",40659,""
FIX50SP2,J,"711 40540",40664,""
FIX50SP2,J,"711 40540 40664",40704,""
FIX50SP2,J,"711 40540 40664",40966,""
FIX50SP2,J,"711 40540 40664",40967,""
FIX50SP2,J,"711 40540 40664",41878,""
FIX50SP2,J,"711 40540",40708,""
FIX50SP2,J,"711 40540 40708",42991,""
FIX50SP2,J,"711 40540 40708",43000,""
FIX50SP2,J,"711 40540",40968,""
FIX50SP2,J,"711 40540",40969,""
FIX50SP2,J,"711 40540",40970,""
FIX50SP2,J,"711 40540",40971,""
FIX50SP2,J,"711 40540",40972,""
FIX50SP2,J,"711 40540",40973,""
FIX50SP2,J,"711 40540",40974,""
FIX50SP2,J,"711 40540",40975,""
FIX50SP2,J,"711 40540",40976,""
FIX50SP2,J,"711 40540",41756,""
FIX50SP2,J,"711 40540 41756",41770,""
FIX50SP2,J,"711 40540 41756 41770",41773,""
FIX50SP2,J,"711 40540",41800,""
FIX50SP2,J,"711 40540",41804,""
FIX50SP2,J,"711 40540",41808,""
FIX50SP2,J,"711 40540",41909,""
FIX50SP2,J,"711 40540",41937,""
FIX50SP2,J,"711 40540",41941,""
FIX50SP2,J,"711 40540",41944,""
FIX50SP2,J,"711 40540",41954,""
FIX50SP2,J,"711 40540",41962,""
FIX50SP2,J,"711 40540",41990,""
FIX50SP2,J,"711 40540",41993,""
FIX50SP2,J,"711 40540",42002,""
FIX50SP2,J,"711 40540 42002",41996,""
FIX50SP2,J,"711 40540 42002 41996",41999,""
FIX50SP2,J,"711 40540",42799,""
FIX50SP2,J,"711 40540",42853,""
FIX50SP2,J,"711 40540",42862,""
FIX50SP2,J,"711 40540 42862",42882,""
FIX50SP2,J,"711 40540",42901,""
FIX50SP2,J,"711 40540",42915,""
FIX50SP2,J,"711 40540",42955,""
FIX50SP2,J,"711 40540",42981,""
FIX50SP2,J,"711 40540",43034,""
FIX50SP2,J,"711 40540 43034",43008,""
FIX50SP2,J,"711 40540 43034 43008",43069,""
FIX50SP2,J,"711 40540 43034 43008",43071,""
FIX50SP2,J,"711 40540 43034",43030,""
FIX50SP2,J,"711 40540 43034",43060,""
FIX50SP2,J,"711 40540 43034",43064,""
FIX50SP2,J,"711",40962,""
FIX50SP2,J,"711",41820,""
FIX50SP2,J,"711",41841,""
FIX50SP2,J,"711",41844,""
FIX50SP2,J,"711",41856,""
FIX50SP2,J,"711",41864,""
FIX50SP2,J,"711",41866,""
FIX50SP2,J,"711",41868,""
FIX50SP2,J,"711",41947,""
FIX50SP2,J,"711",42036,""
FIX50SP2,J,"711 42036",41340,""
FIX50SP2,J,"711",42041,""
FIX50SP2,J,"711 42041",42039,""
FIX50SP2,J,"711 42041",42788,""
FIX50SP2,J,"711",42060,""
FIX50SP2,J,"711 42060",42065,""
FIX50SP2,J,"711",42068,""
FIX50SP2,J,"711 42068",42077,""
FIX50SP2,J,"711 42068 42077",42085,""
FIX50SP2,J,"711 42068",42087,""
FIX50SP2,J,"711 42068",42090,""
FIX50SP2,J,"711",42149,""
FIX50SP2,J,"711 42149",42099,""
FIX50SP2,J,"711 42149",42112,""
FIX50SP2,J,"711 42149",42173,""
FIX50SP2,J,"711 42149 42173",42177,""
FIX50SP2,J,"711 42149",42180,""
FIX50SP2,J,"711 42149",42182,""
FIX50SP2,J,"711 42149",42184,""
FIX50SP2,J,"711 42149",42186,""
FIX50SP2,J,"711 42149",42188,""
FIX50SP2,J,"711 42149",42190,""
FIX50SP2,J,"711",42855,""
FIX50SP2,J,"711",42884,""
FIX50SP2,J,"711",43005,""
FIX50SP2,J,"711",43074,""
FIX50SP2,J,"",753,""
FIX50SP2,J,"",864,""
FIX50SP2,J,"",870,""
FIX50SP2,J,"",1018,""
FIX50SP2,J,"1018",1052,""
FIX50SP2,J,"",1445,""
FIX50SP2,J,"",1483,""
FIX50SP2,J,"1483",1491,""
FIX50SP2,J,"1483 1491",1494,""
FIX50SP2,J,"1483",40997,""
FIX50SP2,J,"1483 40997",41005,""
FIX50SP2,J,"1483",41010,""
FIX50SP2,J,"1483 41010",40994,""
FIX50SP2,J,"1483 41010",41007,""
FIX50SP2,J,"1483 41010",41031,""
FIX50SP2,J,"1483",41013,""
FIX50SP2,J,"1483",41018,""
FIX50SP2,J,"1483",41029,""
FIX50SP2,J,"",1907,""
FIX50SP2,J,"",1976,""
FIX50SP2,J,"",2304,""
FIX50SP2,J,"",2709,""
FIX50SP2,J,"",2734,""
FIX50SP2,J,"",2746,""
FIX50SP2,J,"",40019,""
FIX50SP2,J,"40019",40000,""
FIX50SP2,J,"",40022,""
FIX50SP2,J,"40022",40277,""
FIX50SP2,J,"40022",42214,""
FIX50SP2,J,"",40040,""
FIX50SP2,J,"",40042,""
FIX50SP2,J,"",40046,""
FIX50SP2,J,"",40049,""
FIX50SP2,J,"40049",40085,""
FIX50SP2,J,"40049",40825,""
FIX50SP2,J,"40049",40828,""
FIX50SP2,J,"40049 40828",40868,""
FIX50SP2,J,"40049 40828",40945,""
FIX50SP2,J,"40049 40828",40977,""
FIX50SP2,J,"40049 40828",41161,""
FIX50SP2,J,"40049",40872,""
FIX50SP2,J,"40049 40872",42696,""
FIX50SP2,J,"40049 40872",42705,""
FIX50SP2,J,"40049",40946,""
FIX50SP2,J,"40049",40947,""
FIX50SP2,J,"40049",40948,""
FIX50SP2,J,"40049",40949,""
FIX50SP2,J,"40049",40950,""
FIX50SP2,J,"40049",40958,""
FIX50SP2,J,"40049",40959,""
FIX50SP2,J,"40049",40960,""
FIX50SP2,J,"40049",40961,""
FIX50SP2,J,"40049",41037,""
FIX50SP2,J,"40049 41037",41051,""
FIX50SP2,J,"40049 41037 41051",41054,""
FIX50SP2,J,"40049",41081,""
FIX50SP2,J,"40049",41085,""
FIX50SP2,J,"40049",41192,""
FIX50SP2,J,"40049",41220,""
FIX50SP2,J,"40049",41224,""
FIX50SP2,J,"40049",41227,""
FIX50SP2,J,"40049",41237,""
FIX50SP2,J,"40049",41241,""
FIX50SP2,J,"40049",41249,""
FIX50SP2,J,"40049",41277,""
FIX50SP2,J,"40049",41280,""
FIX50SP2,J,"40049",41289,""
FIX50SP2,J,"40049 41289",41283,""
FIX50SP2,J,"40049 41289 41283",41286,""
FIX50SP2,J,"40049",42236,""
FIX50SP2,J,"40049",42272,""
FIX50SP2,J,"40049",42274,""
FIX50SP2,J,"40049 42274",42294,""
FIX50SP2,J,"40049",42606,""
FIX50SP2,J,"40049",42620,""
FIX50SP2,J,"40049",42660,""
FIX50SP2,J,"40049",42683,""
FIX50SP2,J,"40049",42735,""
FIX50SP2,J,"40049 42735",42709,""
FIX50SP2,J,"40049 42735 42709",42770,""
FIX50SP2,J,"40049 42735 42709",42772,""
FIX50SP2,J,"40049 42735",42731,""
FIX50SP2,J,"40049 42735",42761,""
FIX50SP2,J,"40049 42735",42765,""
FIX50SP2,J,"",40090,""
FIX50SP2,J,"40090",40142,""
FIX50SP2,J,"40090",40171,""
FIX50SP2,J,"40090",40174,""
FIX50SP2,J,"40090 40174",40178,""
FIX50SP2,J,"40090",40952,""
FIX50SP2,J,"40090",40953,""
FIX50SP2,J,"40090",40954,""
FIX50SP2,J,"40090",40955,""
FIX50SP2,J,"40090",40956,""
FIX50SP2,J,"40090",40957,""
FIX50SP2,J,"",40181,""
FIX50SP2,J,"40181",40191,""
FIX50SP2,J,"40181 40191",40199,""
FIX50SP2,J,"40181",40201,""
FIX50SP2,J,"40181",40951,""
FIX50SP2,J,"",40204,""
FIX50SP2,J,"40204",40209,""
FIX50SP2,J,"",40278,""
FIX50SP2,J,"",41092,""
FIX50SP2,J,"",41094,""
FIX50SP2,J,"",41096,""
FIX50SP2,J,"",41116,""
FIX50SP2,J,"",41137,""
FIX50SP2,J,"",41140,""
FIX50SP2,J,"",41152,""
FIX50SP2,J,"",41230,""
FIX50SP2,J,"",42296,""
FIX50SP2,J,"",42775,""
FIX50SP2,K,"",453,""
FIX50SP2,K,"453",802,""
FIX50SP2,N,"",73,""
FIX50SP2,P,"",78,""
FIX50SP2,P,"78",539,""
FIX50SP2,P,"78 539",804,""
FIX50SP2,P,"78",1908,""
FIX50SP2,P,"",453,""
FIX50SP2,P,"453",802,""
FIX50SP2,P,"",454,""
FIX50SP2,P,"",864,""
FIX50SP2,P,"",1018,""
FIX50SP2,P,"1018",1052,""
FIX50SP2,P,"",1483,""
FIX50SP2,P,"1483",1491,""
FIX50SP2,P,"1483 1491",1494,""
FIX50SP2,P,"1483",40997,""
FIX50SP2,P,"1483 40997",41005,""
FIX50SP2,P,"1483",41010,""
FIX50SP2,P,"1483 41010",40994,""
FIX50SP2,P,"1483 41010",41007,""
FIX50SP2,P,"1483 41010",41031,""
FIX50SP2,P,"1483",41013,""
FIX50SP2,P,"1483",41018,""
FIX50SP2,P,"1483",41029,""
FIX50SP2,P,"",1907,""
FIX50SP2,P,"",1976,""
FIX50SP2,P,"",2304,""
FIX50SP2,P,"",40019,""
FIX50SP2,P,"40019",40000,""
FIX50SP2,P,"",40022,""
FIX50SP2,P,"40022",40277,""
FIX50SP2,P,"40022",42214,""
FIX50SP2,P,"",40049,""
FIX50SP2,P,"40049",40085,""
FIX50SP2,P,"40049",40825,""
FIX50SP2,P,"40049",40828,""
FIX50SP2,P,"40049 40828",40868,""
FIX50SP2,P,"40049 40828",40945,""
FIX50SP2,P,"40049 40828",40977,""
FIX50SP2,P,"40049 40828",41161,""
FIX50SP2,P,"40049",40872,""
FIX50SP2,P,"40049 40872",42696,""
FIX50SP2,P,"40049 40872",42705,""
FIX50SP2,P,"40049",40946,""
FIX50SP2,P,"40049",40947,""
FIX50SP2,P,"40049",40948,""
FIX50SP2,P,"40049",40949,""
FIX50SP2,P,"40049",40950,""
FIX50SP2,P,"40049",40958,""
FIX50SP2,P,"40049",40959,""
FIX50SP2,P,"40049",40960,""
FIX50SP2,P,"40049",40961,""
FIX50SP2,P,"40049",41037,""
FIX50SP2,P,"40049 41037",41051,""
FIX50SP2,P,"40049 41037 41051",41054,""
FIX50SP2,P,"40049",41081,""
FIX50SP2,P,"40049",41085,""
FIX50SP2,P,"40049",41192,""
FIX50SP2,P,"40049",41220,""
FIX50SP2,P,"40049",41224,""
FIX50SP2,P,"40049",41227,""
FIX50SP2,P,"40049",41237,""
FIX50SP2,P,"40049",41241,""
FIX50SP2,P,"40049",41249,""
FIX50SP2,P,"40049",41277,""
FIX50SP2,P,"40049",41280,""
FIX50SP2,P,"40049",41289,""
FIX50SP2,P,"40049 41289",41283,""
FIX50SP2,P,"40049 41289 41283",41286,""
FIX50SP2,P,"40049",42236,""
FIX50SP2,P,"40049",42272,""
FIX50SP2,P,"40049",42274,""
FIX50SP2,P,"40049 42274",42294,""
FIX50SP2,P,"40049",42606,""
FIX50SP2,P,"40049",42620,""
FIX50SP2,P,"40049",42660,""
FIX50SP2,P,"40049",42683,""
FIX50SP2,P,"40049",42735,""
FIX50SP2,P,"40049 42735",42709,""
FIX50SP2,P,"40049 42735 42709",42770,""
FIX50SP2,P,"40049 42735 42709",42772,""
FIX50SP2,P,"40049 42735",42731,""
FIX50SP2,P,"40049 42735",42761,""
FIX50SP2,P,"40049 42735",42765,""
FIX50SP2,P,"",40090,""
FIX50SP2,P,"40090",40142,""
FIX50SP2,P,"40090",40171,""
FIX50SP2,P,"40090",40174,""
FIX50SP2,P,"40090 40174",40178,""
FIX50SP2,P,"40090",40952,""
FIX50SP2,P,"40090",40953,""
FIX50SP2,P,"40090",40954,""
FIX50SP2,P,"40090",40955,""
FIX50SP2,P,"40090",40956,""
FIX50SP2,P,"40090",40957,""
FIX50SP2,P,"",40181,""
FIX50SP2,P,"40181",40191,""
FIX50SP2,P,"40181 40191",40199,""
FIX50SP2,P,"40181",40201,""
FIX50SP2,P,"40181",40951,""
FIX50SP2,P,"",40204,""
FIX50SP2,P,"40204",40209,""
FIX50SP2,P,"",40278,""
FIX50SP2,P,"",41092,""
FIX50SP2,P,"",41094,""
FIX50SP2,P,"",41096,""
FIX50SP2,P,"",41116,""
FIX50SP2,P,"",41137,""
FIX50SP2,P,"",41140,""
FIX50SP2,P,"",41152,""
FIX50SP2,P,"",41230,""
FIX50SP2,P,"",42296,""
FIX50SP2,P,"",42775,""
FIX50SP2,Q,"",454,""
FIX50SP2,Q,"",555,""
FIX50SP2,Q,"555",604,""
FIX50SP2,Q,"555",2059,""
FIX50SP2,Q,"555",2076,""
FIX50SP2,Q,"555",2218,""
FIX50SP2,Q,"555 2218",2250,""
FIX50SP2,Q,"555 2218 2250",2253,""
FIX50SP2,Q,"555 2218",41366,""
FIX50SP2,Q,"555 2218 41366",41374,""
FIX50SP2,Q,"555 2218",41379,""
FIX50SP2,Q,"555 2218 41379",41363,""
FIX50SP2,Q,"555 2218 41379",41376,""
FIX50SP2,Q,"555 2218 41379",41400,""
FIX50SP2,Q,"555 2218",41382,""
FIX50SP2,Q,"555 2218",41387,""
FIX50SP2,Q,"555 2218",41398,""
FIX50SP2,Q,"555",2254,""
FIX50SP2,Q,"555 2254",2258,""
FIX50SP2,Q,"555",2308,""
FIX50SP2,Q,"555",40241,""
FIX50SP2,Q,"555 40241",40367,""
FIX50SP2,Q,"555 40241",40374,""
FIX50SP2,Q,"555 40241 40374",40414,""
FIX50SP2,Q,"555 40241 40374",40927,""
FIX50SP2,Q,"555 40241 40374",40928,""
FIX50SP2,Q,"555 40241 40374",41530,""
FIX50SP2,Q,"555 40241",40418,""
FIX50SP2,Q,"555 40241 40418",42495,""
FIX50SP2,Q,"555 40241 40418",42504,""
FIX50SP2,Q,"555 40241",40902,""
FIX50SP2,Q,"555 40241",40929,""
FIX50SP2,Q,"555 40241",40930,""
FIX50SP2,Q,"555 40241",40931,""
FIX50SP2,Q,"555 40241",40932,""
FIX50SP2,Q,"555 40241",40933,""
FIX50SP2,Q,"555 40241",40940,""
FIX50SP2,Q,"555 40241",40941,""
FIX50SP2,Q,"555 40241",40942,""
FIX50SP2,Q,"555 40241",40943,""
FIX50SP2,Q,"555 40241",41408,""
FIX50SP2,Q,"555 40241 41408",41422,""
FIX50SP2,Q,"555 40241 41408 41422",41425,""
FIX50SP2,Q,"555 40241",41452,""
FIX50SP2,Q,"555 40241",41456,""
FIX50SP2,Q,"555 40241",41460,""
FIX50SP2,Q,"555 40241",41561,""
FIX50SP2,Q,"555 40241",41589,""
FIX50SP2,Q,"555 40241",41593,""
FIX50SP2,Q,"555 40241",41596,""
FIX50SP2,Q,"555 40241",41638,""
FIX50SP2,Q,"555 40241",41646,""
FIX50SP2,Q,"555 40241",41674,""
FIX50SP2,Q,"555 40241",41677,""
FIX50SP2,Q,"555 40241",41686,""
FIX50SP2,Q,"555 40241 41686",41680,""
FIX50SP2,Q,"555 40241 41686 41680",41683,""
FIX50SP2,Q,"555 40241",42310,""
FIX50SP2,Q,"555 40241",42364,""
FIX50SP2,Q,"555 40241",42366,""
FIX50SP2,Q,"555 40241 42366",42386,""
FIX50SP2,Q,"555 40241",42405,""
FIX50SP2,Q,"555 40241",42419,""
FIX50SP2,Q,"555 40241",42459,""
FIX50SP2,Q,"555 40241",42485,""
FIX50SP2,Q,"555 40241",42534,""
FIX50SP2,Q,"555 40241 42534",42508,""
FIX50SP2,Q,"555 40241 42534 42508",42569,""
FIX50SP2,Q,"555 40241 42534 42508",42571,""
FIX50SP2,Q,"555 40241 42534",42530,""
FIX50SP2,Q,"555 40241 42534",42560,""
FIX50SP2,Q,"555 40241 42534",42564,""
FIX50SP2,Q,"555",40448,""
FIX50SP2,Q,"555 40448",40473,""
FIX50SP2,Q,"555 40448",40495,""
FIX50SP2,Q,"555 40448",40533,""
FIX50SP2,Q,"555 40448 40533",40537,""
FIX50SP2,Q,"555 40448",40934,""
FIX50SP2,Q,"555 40448",40935,""
FIX50SP2,Q,"555 40448",40936,""
FIX50SP2,Q,"555 40448",40937,""
FIX50SP2,Q,"555 40448",40938,""
FIX50SP2,Q,"555 40448",40939,""
FIX50SP2,Q,"555",40923,""
FIX50SP2,Q,"555",41335,""
FIX50SP2,Q,"555 41335",41316,""
FIX50SP2,Q,"555",41344,""
FIX50SP2,Q,"555 41344",41342,""
FIX50SP2,Q,"555 41344",42306,""
FIX50SP2,Q,"555",41467,""
FIX50SP2,Q,"555",41469,""
FIX50SP2,Q,"555",41471,""
FIX50SP2,Q,"555",41491,""
FIX50SP2,Q,"555",41512,""
FIX50SP2,Q,"555",41515,""
FIX50SP2,Q,"555",41527,""
FIX50SP2,Q,"555",41599,""
FIX50SP2,Q,"555 41599",41604,""
FIX50SP2,Q,"555",41607,""
FIX50SP2,Q,"555",41616,""
FIX50SP2,Q,"555 41616",41614,""
FIX50SP2,Q,"555 41616",41625,""
FIX50SP2,Q,"555 41616 41625",41633,""
FIX50SP2,Q,"555 41616",41635,""
FIX50SP2,Q,"555",42198,""
FIX50SP2,Q,"555",42200,""
FIX50SP2,Q,"555",42203,""
FIX50SP2,Q,"555",42388,""
FIX50SP2,Q,"555",42581,""
FIX50SP2,Q,"",711,""
FIX50SP2,Q,"711",457,""
FIX50SP2,Q,"711",887,""
FIX50SP2,Q,"711",1058,""
FIX50SP2,Q,"711 1058",1062,""
FIX50SP2,Q,"711",1981,""
FIX50SP2,Q,"711",2045,""
FIX50SP2,Q,"711 2045",2053,""
FIX50SP2,Q,"711 2045 2053",2056,""
FIX50SP2,Q,"711 2045",41716,""
FIX50SP2,Q,"711 2045 41716",41724,""
FIX50SP2,Q,"711 2045",41729,""
FIX50SP2,Q,"711 2045 41729",41713,""
FIX50SP2,Q,"711 2045 41729",41726,""
FIX50SP2,Q,"711 2045 41729",41750,""
FIX50SP2,Q,"711 2045",41732,""
FIX50SP2,Q,"711 2045",41737,""
FIX50SP2,Q,"711 2045",41748,""
FIX50SP2,Q,"711",2080,""
FIX50SP2,Q,"711",2312,""
FIX50SP2,Q,"711",40540,""
FIX50SP2,Q,"711 40540",40656,""
FIX50SP2,Q,"711 40540",40659,""
FIX50SP2,Q,"711 40540",40664,""
FIX50SP2,Q,"711 40540 40664",40704,""
FIX50SP2,Q,"711 40540 40664",40966,""
FIX50SP2,Q,"711 40540 40664",40967,""
FIX50SP2,Q,"711 40540 40664",41878,""
FIX50SP2,Q,"711 40540",40708,""
FIX50SP2,Q,"711 40540 40708",42991,""
FIX50SP2,Q,"711 40540 40708",43000,""
FIX50SP2,Q,"711 40540",40968,""
FIX50SP2,Q,"711 40540",40969,""
FIX50SP2,Q,"711 40540",40970,""
FIX50SP2,Q,"711 40540",40971,""
FIX50SP2,Q,"711 40540",40972,""
FIX50SP2,Q,"711 40540",40973,""
FIX50SP2,Q,"711 40540",40974,""
FIX50SP2,Q,"711 40540",40975,""
FIX50SP2,Q,"711 40540",40976,""
FIX50SP2,Q,"711 40540",41756,""
FIX50SP2,Q,"711 40540 41756",41770,""
FIX50SP2,Q,"711 40540 41756 41770",41773,""
FIX50SP2,Q,"711 40540",41800,""
FIX50SP2,Q,"711 40540",41804,""
FIX50SP2,Q,"711 40540",41808,""
FIX50SP2,Q,"711 40540",41909,""
FIX50SP2,Q,"711 40540",41937,""
FIX50SP2,Q,"711 40540",41941,""
FIX50SP2,Q,"711 40540",41944,""
FIX50SP2,Q,"711 40540",41954,""
FIX50SP2,Q,"711 40540",41962,""
FIX50SP2,Q,"711 40540",41990,""
FIX50SP2,Q,"711 40540",41993,""
FIX50SP2,Q,"711 40540",42002,""
FIX50SP2,Q,"711 40540 42002",41996,""
FIX50SP2,Q,"711 40540 42002 41996",41999,""
FIX50SP2,Q,"711 40540",42799,""
FIX50SP2,Q,"711 40540",42853,""
FIX50SP2,Q,"711 40540",42862,""
FIX50SP2,Q,"711 40540 42862",42882,""
FIX50SP2,Q,"711 40540",42901,""
FIX50SP2,Q,"711 40540",42915,""
FIX50SP2,Q,"711 40540",42955,""
FIX50SP2,Q,"711 40540",42981,""
FIX50SP2,Q,"711 40540",43034,""
FIX50SP2,Q,"711 40540 43034",43008,""
FIX50SP2,Q,"711 40540 43034 43008",43069,""
FIX50SP2,Q,"711 40540 43034 43008",43071,""
FIX50SP2,Q,"711 40540 43034",43030,""
FIX50SP2,Q,"711 40540 43034",43060,""
FIX50SP2,Q,"711 40540 43034",43064,""
FIX50SP2,Q,"711",40962,""
FIX50SP2,Q,"711",41820,""
FIX50SP2,Q,"711",41841,""
FIX50SP2,Q,"711",41844,""
FIX50SP2,Q,"711",41856,""
FIX50SP2,Q,"711",41864,""
FIX50SP2,Q,"711",41866,""
FIX50SP2,Q,"711",41868,""
FIX50SP2,Q,"711",41947,""
FIX50SP2,Q,"711",42036,""
FIX50SP2,Q,"711 42036",41340,""
FIX50SP2,Q,"711",42041,""
FIX50SP2,Q,"711 42041",42039,""
FIX50SP2,Q,"711 42041",42788,""
FIX50SP2,Q,"711",42060,""
FIX50SP2,Q,"711 42060",42065,""
FIX50SP2,Q,"711",42068,""
FIX50SP2,Q,"711 42068",42077,""
FIX50SP2,Q,"711 42068 42077",42085,""
FIX50SP2,Q,"711 42068",42087,""
FIX50SP2,Q,"711 42068",42090,""
FIX50SP2,Q,"711",42149,""
FIX50SP2,Q,"711 42149",42099,""
FIX50SP2,Q,"711 42149",42112,""
FIX50SP2,Q,"711 42149",42173,""
FIX50SP2,Q,"711 42149 42173",42177,""
FIX50SP2,Q,"711 42149",42180,""
FIX50SP2,Q,"711 42149",42182,""
FIX50SP2,Q,"711 42149",42184,""
FIX50SP2,Q,"711 42149",42186,""
FIX50SP2,Q,"711 42149",42188,""
FIX50SP2,Q,"711 42149",42190,""
FIX50SP2,Q,"711",42855,""
FIX50SP2,Q,"711",42884,""
FIX50SP2,Q,"711",43005,""
FIX50SP2,Q,"711",43074,""
FIX50SP2,Q,"",864,""
FIX50SP2,Q,"",1018,""
FIX50SP2,Q,"1018",1052,""
FIX50SP2,Q,"",1483,""
FIX50SP2,Q,"1483",1491,""
FIX50SP2,Q,"1483 1491",1494,""
FIX50SP2,Q,"1483",40997,""
FIX50SP2,Q,"1483 40997",41005,""
FIX50SP2,Q,"1483",41010,""
FIX50SP2,Q,"1483 41010",40994,""
FIX50SP2,Q,"1483 41010",41007,""
FIX50SP2,Q,"1483 41010",41031,""
FIX50SP2,Q,"1483",41013,""
FIX50SP2,Q,"1483",41018,""
FIX50SP2,Q,"1483",41029,""
FIX50SP2,Q,"",1976,""
FIX50SP2,Q,"",2304,""
FIX50SP2,Q,"",40019,""
FIX50SP2,Q,"40019",40000,""
FIX50SP2,Q,"",40022,""
FIX50SP2,Q,"40022",40277,""
FIX50SP2,Q,"40022",42214,""
FIX50SP2,Q,"",40049,""
FIX50SP2,Q,"40049",40085,""
FIX50SP2,Q,"40049",40825,""
FIX50SP2,Q,"40049",40828,""
FIX50SP2,Q,"40049 40828",40868,""
FIX50SP2,Q,"40049 40828",40945,""
FIX50SP2,Q,"40049 40828",40977,""
FIX50SP2,Q,"40049 40828",41161,""
FIX50SP2,Q,"40049",40872,""
FIX50SP2,Q,"40049 40872",42696,""
FIX50SP2,Q,"40049 40872",42705,""
FIX50SP2,Q,"40049",40946,""
FIX50SP2,Q,"40049",40947,""
FIX50SP2,Q,"40049",40948,""
FIX50SP2,Q,"40049",40949,""
FIX50SP2,Q,"40049",40950,""
FIX50SP2,Q,"40049",40958,""
FIX50SP2,Q,"40049",40959,""
FIX50SP2,Q,"40049",40960,""
FIX50SP2,Q,"40049",40961,""
FIX50SP2,Q,"40049",41037,""
FIX50SP2,Q,"40049 41037",41051,""
FIX50SP2,Q,"40049 41037 41051",41054,""
FIX50SP2,Q,"40049",41081,""
FIX50SP2,Q,"40049",41085,""
FIX50SP2,Q,"40049",41192,""
FIX50SP2,Q,"40049",41220,""
FIX50SP2,Q,"40049",41224,""
FIX50SP2,Q,"40049",41227,""
FIX50SP2,Q,"40049",41237,""
FIX50SP2,Q,"40049",41241,""
FIX50SP2,Q,"40049",41249,""
FIX50SP2,Q,"40049",41277,""
FIX50SP2,Q,"40049",41280,""
FIX50SP2,Q,"40049",41289,""
FIX50SP2,Q,"40049 41289",41283,""
FIX50SP2,Q,"40049 41289 41283",41286,""
FIX50SP2,Q,"40049",42236,""
FIX50SP2,Q,"40049",42272,""
FIX50SP2,Q,"40049",42274,""
FIX50SP2,Q,"40049 42274",42294,""
FIX50SP2,Q,"40049",42606,""
FIX50SP2,Q,"40049",42620,""
FIX50SP2,Q,"40049",42660,""
FIX50SP2,Q,"40049",42683,""
FIX50SP2,Q,"40049",42735,""
FIX50SP2,Q,"40049 42735",42709,""
FIX50SP2,Q,"40049 42735 42709",42770,""
FIX50SP2,Q,"40049 42735 42709",42772,""
FIX50SP2,Q,"40049 42735",42731,""
FIX50SP2,Q,"40049 42735",42761,""
FIX50SP2,Q,"40049 42735",42765,""
FIX50SP2,Q,"",40090,""
FIX50SP2,Q,"40090",40142,""
FIX50SP2,Q,"40090",40171,""
FIX50SP2,Q,"40090",40174,""
FIX50SP2,Q,"40090 40174",40178,""
FIX50SP2,Q,"40090",40952,""
FIX50SP2,Q,"40090",40953,""
FIX50SP2,Q,"40090",40954,""
FIX50SP2,Q,"40090",40955,""
FIX50SP2,Q,"40090",40956,""
FIX50SP2,Q,"40090",40957,""
FIX50SP2,Q,"",40181,""
FIX50SP2,Q,"40181",40191,""
FIX50SP2,Q,"40181 40191",40199,""
FIX50SP2,Q,"40181",40201,""
FIX50SP2,Q,"40181",40951,""
FIX50SP2,Q,"",40204,""
FIX50SP2,Q,"40204",40209,""
FIX50SP2,Q,"",40278,""
FIX50SP2,Q,"",41092,""
FIX50SP2,Q,"",41094,""
FIX50SP2,Q,"",41096,""
FIX50SP2,Q,"",41116,""
FIX50SP2,Q,"",41137,""
FIX50SP2,Q,"",41140,""
FIX50SP2,Q,"",41152,""
FIX50SP2,Q,"",41230,""
FIX50SP2,Q,"",42296,""
FIX50SP2,Q,"",42775,""
FIX50SP2,R,"",146,""
FIX50SP2,R,"146",232,""
FIX50SP2,R,"146",453,""
FIX50SP2,R,"146 453",802,""
FIX50SP2,R,"146",454,""
FIX50SP2,R,"146",555,""
FIX50SP2,R,"146 555",539,""
FIX50SP2,R,"146 555 539",804,""
FIX50SP2,R,"146 555",604,""
FIX50SP2,R,"146 555",683,""
FIX50SP2,R,"146 555",2059,""
FIX50SP2,R,"146 555",2076,""
FIX50SP2,R,"146 555",2218,""
FIX50SP2,R,"146 555 2218",2250,""
FIX50SP2,R,"146 555 2218 2250",2253,""
FIX50SP2,R,"146 555 2218",41366,""
FIX50SP2,R,"146 555 2218 41366",41374,""
FIX50SP2,R,"146 555 2218",41379,""
FIX50SP2,R,"146 555 2218 41379",41363,""
FIX50SP2,R,"146 555 2218 41379",41376,""
FIX50SP2,R,"146 555 2218 41379",41400,""
FIX50SP2,R,"146 555 2218",41382,""
FIX50SP2,R,"146 555 2218",41387,""
FIX50SP2,R,"146 555 2218",41398,""
FIX50SP2,R,"146 555",2254,""
FIX50SP2,R,"146 555 2254",2258,""
FIX50SP2,R,"146 555",2308,""
FIX50SP2,R,"146 555",40241,""
FIX50SP2,R,"146 555 40241",40367,""
FIX50SP2,R,"146 555 40241",40374,""
FIX50SP2,R,"146 555 40241 40374",40414,""
FIX50SP2,R,"146 555 40241 40374",40927,""
FIX50SP2,R,"146 555 40241 40374",40928,""
FIX50SP2,R,"146 555 40241 40374",41530,""
FIX50SP2,R,"146 555 40241",40418,""
FIX50SP2,R,"146 555 40241 40418",42495,""
FIX50SP2,R,"146 555 40241 40418",42504,""
FIX50SP2,R,"146 555 40241",40902,""
FIX50SP2,R,"146 555 40241",40929,""
FIX50SP2,R,"146 555 40241",40930,""
FIX50SP2,R,"146 555 40241",40931,""
FIX50SP2,R,"146 555 40241",40932,""
FIX50SP2,R,"146 555 40241",40933,""
FIX50SP2,R,"146 555 40241",40940,""
FIX50SP2,R,"146 555 40241",40941,""
FIX50SP2,R,"146 555 40241",40942,""
FIX50SP2,R,"146 555 40241",40943,""
FIX50SP2,R,"146 555 40241",41408,""
FIX50SP2,R,"146 555 40241 41408",41422,""
FIX50SP2,R,"146 555 40241 41408 41422",41425,""
FIX50SP2,R,"146 555 40241",41452,""
FIX50SP2,R,"146 555 40241",41456,""
FIX50SP2,R,"146 555 40241",41460,""
FIX50SP2,R,"146 555 40241",41561,""
FIX50SP2,R,"146 555 40241",41589,""
FIX50SP2,R,"146 555 40241",41593,""
FIX50SP2,R,"146 555 40241",41596,""
FIX50SP2,R,"146 555 40241",41638,""
FIX50SP2,R,"146 555 40241",41646,""
FIX50SP2,R,"146 555 40241",41674,""
FIX50SP2,R,"146 555 40241",41677,""
FIX50SP2,R,"146 555 40241",41686,""
FIX50SP2,R,"146 555 40241 41686",41680,""
FIX50SP2,R,"146 555 40241 41686 41680",41683,""
FIX50SP2,R,"146 555 40241",42310,""
FIX50SP2,R,"146 555 40241",42364,""
FIX50SP2,R,"146 555 40241",42366,""
FIX50SP2,R,"146 555 40241 42366",42386,""
FIX50SP2,R,"146 555 40241",42405,""
FIX50SP2,R,"146 555 40241",42419,""
FIX50SP2,R,"146 555 40241",42459,""
FIX50SP2,R,"146 555 40241",42485,""
FIX50SP2,R,"146 555 40241",42534,""
FIX50SP2,R,"146 555 40241 42534",42508,""
FIX50SP2,R,"146 555 40241 42534 42508",42569,""
FIX50SP2,R,"146 555 40241 42534 42508",42571,""
FIX50SP2,R,"146 555 40241 42534",42530,""
FIX50SP2,R,"146 555 40241 42534",42560,""
FIX50SP2,R,"146 555 40241 42534",42564,""
FIX50SP2,R,"146 555",40448,""
FIX50SP2,R,"146 555 40448",40473,""
FIX50SP2,R,"146 555 40448",40495,""
FIX50SP2,R,"146 555 40448",40533,""
FIX50SP2,R,"146 555 40448 40533",40537,""
FIX50SP2,R,"146 555 40448",40934,""
FIX50SP2,R,"146 555 40448",40935,""
FIX50SP2,R,"146 555 40448",40936,""
FIX50SP2,R,"146 555 40448",40937,""
FIX50SP2,R,"146 555 40448",40938,""
FIX50SP2,R,"146 555 40448",40939,""
FIX50SP2,R,"146 555",40923,""
FIX50SP2,R,"146 555",41335,""
FIX50SP2,R,"146 555 41335",41316,""
FIX50SP2,R,"146 555",41344,""
FIX50SP2,R,"146 555 41344",41342,""
FIX50SP2,R,"146 555 41344",42306,""
FIX50SP2,R,"146 555",41467,""
FIX50SP2,R,"146 555",41469,""
FIX50SP2,R,"146 555",41471,""
FIX50SP2,R,"146 555",41491,""
FIX50SP2,R,"146 555",41512,""
FIX50SP2,R,"146 555",41515,""
FIX50SP2,R,"146 555",41527,""
FIX50SP2,R,"146 555",41599,""
FIX50SP2,R,"146 555 41599",41604,""
FIX50SP2,R,"146 555",41607,""
FIX50SP2,R,"146 555",41616,""
FIX50SP2,R,"146 555 41616",41614,""
FIX50SP2,R,"146 555 41616",41625,""
FIX50SP2,R,"146 555 41616 41625",41633,""
FIX50SP2,R,"146 555 41616",41635,""
FIX50SP2,R,"146 555",42388,""
FIX50SP2,R,"146 555",42581,""
FIX50SP2,R,"146",711,""
FIX50SP2,R,"146 711",457,""
FIX50SP2,R,"146 711",887,""
FIX50SP2,R,"146 711",1058,""
FIX50SP2,R,"146 711 1058",1062,""
FIX50SP2,R,"146 711",1981,""
FIX50SP2,R,"146 711",2045,""
FIX50SP2,R,"146 711 2045",2053,""
FIX50SP2,R,"146 711 2045 2053",2056,""
FIX50SP2,R,"146 711 2045",41716,""
FIX50SP2,R,"146 711 2045 41716",41724,""
FIX50SP2,R,"146 711 2045",41729,""
FIX50SP2,R,"146 711 2045 41729",41713,""
FIX50SP2,R,"146 711 2045 41729",41726,""
FIX50SP2,R,"146 711 2045 41729",41750,""
FIX50SP2,R,"146 711 2045",41732,""
FIX50SP2,R,"146 711 2045",41737,""
FIX50SP2,R,"146 711 2045",41748,""
FIX50SP2,R,"146 711",2080,""
FIX50SP2,R,"146 711",2312,""
FIX50SP2,R,"146 711",40540,""
FIX50SP2,R,"146 711 40540",40656,""
FIX50SP2,R,"146 711 40540",40659,""
FIX50SP2,R,"146 711 40540",40664,""
FIX50SP2,R,"146 711 40540 40664",40704,""
FIX50SP2,R,"146 711 40540 40664",40966,""
FIX50SP2,R,"146 711 40540 40664",40967,""
FIX50SP2,R,"146 711 40540 40664",41878,""
FIX50SP2,R,"146 711 40540",40708,""
FIX50SP2,R,"146 711 40540 40708",42991,""
FIX50SP2,R,"146 711 40540 40708",43000,""
FIX50SP2,R,"146 711 40540",40968,""
FIX50SP2,R,"146 711 40540",40969,""
FIX50SP2,R,"146 711 40540",40970,""
FIX50SP2,R,"146 711 40540",40971,""
FIX50SP2,R,"146 711 40540",40972,""
FIX50SP2,R,"146 711 40540",40973,""
FIX50SP2,R,"146 711 40540",40974,""
FIX50SP2,R,"146 711 40540",40975,""
FIX50SP2,R,"146 711 40540",40976,""
FIX50SP2,R,"146 711 40540",41756,""
FIX50SP2,R,"146 711 40540 41756",41770,""
FIX50SP2,R,"146 711 40540 41756 41770",41773,""
FIX50SP2,R,"146 711 40540",41800,""
FIX50SP2,R,"146 711 40540",41804,""
FIX50SP2,R,"146 711 40540",41808,""
FIX50SP2,R,"146 711 40540",41909,""
FIX50SP2,R,"146 711 40540",41937,""
FIX50SP2,R,"146 711 40540",41941,""
FIX50SP2,R,"146 711 40540",41944,""
FIX50SP2,R,"146 711 40540",41954,""
FIX50SP2,R,"146 711 40540",41962,""
FIX50SP2,R,"146 711 40540",41990,""
FIX50SP2,R,"146 711 40540",41993,""
FIX50SP2,R,"146 711 40540",42002,""
FIX50SP2,R,"146 711 40540 42002",41996,""
FIX50SP2,R,"146 711 40540 42002 41996",41999,""
FIX50SP2,R,"146 711 40540",42799,""
FIX50SP2,R,"146 711 40540",42853,""
FIX50SP2,R,"146 711 40540",42862,""
FIX50SP2,R,"146 711 40540 42862",42882,""
FIX50SP2,R,"146 711 40540",42901,""
FIX50SP2,R,"146 711 40540",42915,""
FIX50SP2,R,"146 711 40540",42955,""
FIX50SP2,R,"146 711 40540",42981,""
FIX50SP2,R,"146 711 40540",43034,""
FIX50SP2,R,"146 711 40540 43034",43008,""
FIX50SP2,R,"146 711 40540 43034 43008",43069,""
FIX50SP2,R,"146 711 40540 43034 43008",43071,""
FIX50SP2,R,"146 711 40540 43034",43030,""
FIX50SP2,R,"146 711 40540 43034",43060,""
FIX50SP2,R,"146 711 40540 43034",43064,""
FIX50SP2,R,"146 711",40962,""
FIX50SP2,R,"146 711",41820,""
FIX50SP2,R,"146 711",41841,""
FIX50SP2,R,"146 711",41844,""
FIX50SP2,R,"146 711",41856,""
FIX50SP2,R,"146 711",41864,""
FIX50SP2,R,"146 711",41866,""
FIX50SP2,R,"146 711",41868,""
FIX50SP2,R,"146 711",41947,""
FIX50SP2,R,"146 711",42036,""
FIX50SP2,R,"146 711 42036",41340,""
FIX50SP2,R,"146 711",42041,""
FIX50SP2,R,"146 711 42041",42039,""
FIX50SP2,R,"146 711 42041",42788,""
FIX50SP2,R,"146 711",42060,""
FIX50SP2,R,"146 711 42060",42065,""
FIX50SP2,R,"146 711",42068,""
FIX50SP2,R,"146 711 42068",42077,""
FIX50SP2,R,"146 711 42068 42077",42085,""
FIX50SP2,R,"146 711 42068",42087,""
FIX50SP2,R,"146 711 42068",42090,""
FIX50SP2,R,"146 711",42149,""
FIX50SP2,R,"146 711 42149",42099,""
FIX50SP2,R,"146 711 42149",42112,""
FIX50SP2,R,"146 711 42149",42173,""
FIX50SP2,R,"146 711 42149 42173",42177,""
FIX50SP2,R,"146 711 42149",42180,""
FIX50SP2,R,"146 711 42149",42182,""
FIX50SP2,R,"146 711 42149",42184,""
FIX50SP2,R,"146 711 42149",42186,""
FIX50SP2,R,"146 711 42149",42188,""
FIX50SP2,R,"146 711 42149",42190,""
FIX50SP2,R,"146 711",42855,""
FIX50SP2,R,"146 711",42884,""
FIX50SP2,R,"146 711",43005,""
FIX50SP2,R,"146 711",43074,""
FIX50SP2,R,"146",735,""
FIX50SP2,R,"146",864,""
FIX50SP2,R,"146",1018,""
FIX50SP2,R,"146 1018",1052,""
FIX50SP2,R,"146",1445,""
FIX50SP2,R,"146",1483,""
FIX50SP2,R,"146 1483",1491,""
FIX50SP2,R,"146 1483 1491",1494,""
FIX50SP2,R,"146 1483",40997,""
FIX50SP2,R,"146 1483 40997",41005,""
FIX50SP2,R,"146 1483",41010,""
FIX50SP2,R,"146 1483 41010",40994,""
FIX50SP2,R,"146 1483 41010",41007,""
FIX50SP2,R,"146 1483 41010",41031,""
FIX50SP2,R,"146 1483",41013,""
FIX50SP2,R,"146 1483",41018,""
FIX50SP2,R,"146 1483",41029,""
FIX50SP2,R,"146",1907,""
FIX50SP2,R,"146",1976,""
FIX50SP2,R,"146",2304,""
FIX50SP2,R,"146",2709,""
FIX50SP2,R,"146",40019,""
FIX50SP2,R,"146 40019",40000,""
FIX50SP2,R,"146",40022,""
FIX50SP2,R,"146 40022",40277,""
FIX50SP2,R,"146 40022",42214,""
FIX50SP2,R,"146",40040,""
FIX50SP2,R,"146",40042,""
FIX50SP2,R,"146",40046,""
FIX50SP2,R,"146",40049,""
FIX50SP2,R,"146 40049",40085,""
FIX50SP2,R,"146 40049",40825,""
FIX50SP2,R,"146 40049",40828,""
FIX50SP2,R,"146 40049 40828",40868,""
FIX50SP2,R,"146 40049 40828",40945,""
FIX50SP2,R,"146 40049 40828",40977,""
FIX50SP2,R,"146 40049 40828",41161,""
FIX50SP2,R,"146 40049",40872,""
FIX50SP2,R,"146 40049 40872",42696,""
FIX50SP2,R,"146 40049 40872",42705,""
FIX50SP2,R,"146 40049",40946,""
FIX50SP2,R,"146 40049",40947,""
FIX50SP2,R,"146 40049",40948,""
FIX50SP2,R,"146 40049",40949,""
FIX50SP2,R,"146 40049",40950,""
FIX50SP2,R,"146 40049",40958,""
FIX50SP2,R,"146 40049",40959,""
FIX50SP2,R,"146 40049",40960,""
FIX50SP2,R,"146 40049",40961,""
FIX50SP2,R,"146 40049",41037,""
FIX50SP2,R,"146 40049 41037",41051,""
FIX50SP2,R,"146 40049 41037 41051",41054,""
FIX50SP2,R,"146 40049",41081,""
FIX50SP2,R,"146 40049",41085,""
FIX50SP2,R,"146 40049",41192,""
FIX50SP2,R,"146 40049",41220,""
FIX50SP2,R,"146 40049",41224,""
FIX50SP2,R,"146 40049",41227,""
FIX50SP2,R,"146 40049",41237,""
FIX50SP2,R,"146 40049",41241,""
FIX50SP2,R,"146 40049",41249,""
FIX50SP2,R,"146 40049",41277,""
FIX50SP2,R,"146 40049",41280,""
FIX50SP2,R,"146 40049",41289,""
FIX50SP2,R,"146 40049 41289",41283,""
FIX50SP2,R,"146 40049 41289 41283",41286,""
FIX50SP2,R,"146 40049",42236,""
FIX50SP2,R,"146 40049",42272,""
FIX50SP2,R,"146 40049",42274,""
FIX50SP2,R,"146 40049 42274",42294,""
FIX50SP2,R,"146 40049",42606,""
FIX50SP2,R,"146 40049",42620,""
FIX50SP2,R,"146 40049",42660,""
FIX50SP2,R,"146 40049",42683,""
FIX50SP2,R,"146 40049",42735,""
FIX50SP2,R,"146 40049 42735",42709,""
FIX50SP2,R,"146 40049 42735 42709",42770,""
FIX50SP2,R,"146 40049 42735 42709",42772,""
FIX50SP2,R,"146 40049 42735",42731,""
FIX50SP2,R,"146 40049 42735",42761,""
FIX50SP2,R,"146 40049 42735",42765,""
FIX50SP2,R,"146",40090,""
FIX50SP2,R,"146 40090",40142,""
FIX50SP2,R,"146 40090",40171,""
FIX50SP2,R,"146 40090",40174,""
FIX50SP2,R,"146 40090 40174",40178,""
FIX50SP2,R,"146 40090",40952,""
FIX50SP2,R,"146 40090",40953,""
FIX50SP2,R,"146 40090",40954,""
FIX50SP2,R,"146 40090",40955,""
FIX50SP2,R,"146 40090",40956,""
FIX50SP2,R,"146 40090",40957,""
FIX50SP2,R,"146",40181,""
FIX50SP2,R,"146 40181",40191,""
FIX50SP2,R,"146 40181 40191",40199,""
FIX50SP2,R,"146 40181",40201,""
FIX50SP2,R,"146 40181",40951,""
FIX50SP2,R,"146",40204,""
FIX50SP2,R,"146 40204",40209,""
FIX50SP2,R,"146",40278,""
FIX50SP2,R,"146",41092,""
FIX50SP2,R,"146",41094,""
FIX50SP2,R,"146",41096,""
FIX50SP2,R,"146",41116,""
FIX50SP2,R,"146",41137,""
FIX50SP2,R,"146",41140,""
FIX50SP2,R,"146",41152,""
FIX50SP2,R,"146",41230,""
FIX50SP2,R,"146",42296,""
FIX50SP2,R,"146",42775,""
FIX50SP2,R,"",1116,""
FIX50SP2,R,"1116",1120,""
FIX50SP2,S,"",215,""
FIX50SP2,S,"",232,""
FIX50SP2,S,"",453,""
FIX50SP2,S,"453",802,""
FIX50SP2,S,"",454,""
FIX50SP2,S,"",555,""
FIX50SP2,S,"555",539,""
FIX50SP2,S,"555 539",804,""
FIX50SP2,S,"555",604,""
FIX50SP2,S,"555",683,""
FIX50SP2,S,"555",2059,""
FIX50SP2,S,"555",2076,""
FIX50SP2,S,"555",2218,""
FIX50SP2,S,"555 2218",2250,""
FIX50SP2,S,"555 2218 2250",2253,""
FIX50SP2,S,"555 2218",41366,""
FIX50SP2,S,"555 2218 41366",41374,""
FIX50SP2,S,"555 2218",41379,""
FIX50SP2,S,"555 2218 41379",41363,""
FIX50SP2,S,"555 2218 41379",41376,""
FIX50SP2,S,"555 2218 41379",41400,""
FIX50SP2,S,"555 2218",41382,""
FIX50SP2,S,"555 2218",41387,""
FIX50SP2,S,"555 2218",41398,""
FIX50SP2,S,"555",2254,""
FIX50SP2,S,"555 2254",2258,""
FIX50SP2,S,"555",2308,""
FIX50SP2,S,"555",40241,""
FIX50SP2,S,"555 40241",40367,""
FIX50SP2,S,"555 40241",40374,""
FIX50SP2,S,"555 40241 40374",40414,""
FIX50SP2,S,"555 40241 40374",40927,""
FIX50SP2,S,"555 40241 40374",40928,""
FIX50SP2,S,"555 40241 40374",41530,""
FIX50SP2,S,"555 40241",40418,""
FIX50SP2,S,"555 40241 40418",42495,""
FIX50SP2,S,"555 40241 40418",42504,""
FIX50SP2,S,"555 40241",40902,""
FIX50SP2,S,"555 40241",40929,""
FIX50SP2,S,"555 40241",40930,""
FIX50SP2,S,"555 40241",40931,""
FIX50SP2,S,"555 40241",40932,""
FIX50SP2,S,"555 40241",40933,""
FIX50SP2,S,"555 40241",40940,""
FIX50SP2,S,"555 40241",40941,""
FIX50SP2,S,"555 40241",40942,""
FIX50SP2,S,"555 40241",40943,""
FIX50SP2,S,"555 40241",41408,""
FIX50SP2,S,"555 40241 41408",41422,""
FIX50SP2,S,"555 40241 41408 41422",41425,""
FIX50SP2,S,"555 40241",41452,""
FIX50SP2,S,"555 40241",41456,""
FIX50SP2,S,"555 40241",41460,""
FIX50SP2,S,"555 40241",41561,""
FIX50SP2,S,"555 40241",41589,""
FIX50SP2,S,"555 40241",41593,""
FIX50SP2,S,"555 40241",41596,""
FIX50SP2,S,"555 40241",41638,""
FIX50SP2,S,"555 40241",41646,""
FIX50SP2,S,"555 40241",41674,""
FIX50SP2,S,"555 40241",41677,""
FIX50SP2,S,"555 40241",41686,""
FIX50SP2,S,"555 40241 41686",41680,""
FIX50SP2,S,"555 40241 41686 41680",41683,""
FIX50SP2,S,"555 40241",42310,""
FIX50SP2,S,"555 40241",42364,""
FIX50SP2,S,"555 40241",42366,""
FIX50SP2,S,"555 40241 42366",42386,""
FIX50SP2,S,"555 40241",42405,""
FIX50SP2,S,"555 40241",42419,""
FIX50SP2,S,"555 40241",42459,""
FIX50SP2,S,"555 40241",42485,""
FIX50SP2,S,"555 40241",42534,""
FIX50SP2,S,"555 40241 42534",42508,""
FIX50SP2,S,"555 40241 42534 42508",42569,""
FIX50SP2,S,"555 40241 42534 42508",42571,""
FIX50SP2,S,"555 40241 42534",42530,""
FIX50SP2,S,"555 40241 42534",42560,""
FIX50SP2,S,"555 40241 42534",42564,""
FIX50SP2,S,"555",40448,""
FIX50SP2,S,"555 40448",40473,""
FIX50SP2,S,"555 40448",40495,""
FIX50SP2,S,"555 40448",40533,""
FIX50SP2,S,"555 40448 40533",40537,""
FIX50SP2,S,"555 40448",40934,""
FIX50SP2,S,"555 40448",40935,""
FIX50SP2,S,"555 40448",40936,""
FIX50SP2,S,"555 40448",40937,""
FIX50SP2,S,"555 40448",40938,""
FIX50SP2,S,"555 40448",40939,""
FIX50SP2,S,"555",40923,""
FIX50SP2,S,"555",41335,""
FIX50SP2,S,"555 41335",41316,""
FIX50SP2,S,"555",41344,""
FIX50SP2,S,"555 41344",41342,""
FIX50SP2,S,"555 41344",42306,""
FIX50SP2,S,"555",41467,""
FIX50SP2,S,"555",41469,""
FIX50SP2,S,"555",41471,""
FIX50SP2,S,"555",41491,""
FIX50SP2,S,"555",41512,""
FIX50SP2,S,"555",41515,""
FIX50SP2,S,"555",41527,""
FIX50SP2,S,"555",41599,""
FIX50SP2,S,"555 41599",41604,""
FIX50SP2,S,"555",41607,""
FIX50SP2,S,"555",41616,""
FIX50SP2,S,"555 41616",41614,""
FIX50SP2,S,"555 41616",41625,""
FIX50SP2,S,"555 41616 41625",41633,""
FIX50SP2,S,"555 41616",41635,""
FIX50SP2,S,"555",42388,""
FIX50SP2,S,"555",42581,""
FIX50SP2,S,"",711,""
FIX50SP2,S,"711",457,""
FIX50SP2,S,"711",887,""
FIX50SP2,S,"711",1058,""
FIX50SP2,S,"711 1058",1062,""
FIX50SP2,S,"711",1981,""
FIX50SP2,S,"711",2045,""
FIX50SP2,S,"711 2045",2053,""
FIX50SP2,S,"711 2045 2053",2056,""
FIX50SP2,S,"711 2045",41716,""
FIX50SP2,S,"711 2045 41716",41724,""
FIX50SP2,S,"711 2045",41729,""
FIX50SP2,S,"711 2045 41729",41713,""
FIX50SP2,S,"711 2045 41729",41726,""
FIX50SP2,S,"711 2045 41729",41750,""
FIX50SP2,S,"711 2045",41732,""
FIX50SP2,S,"711 2045",41737,""
FIX50SP2,S,"711 2045",41748,""
FIX50SP2,S,"711",2080,""
FIX50SP2,S,"711",2312,""
FIX50SP2,S,"711",40540,""
FIX50SP2,S,"711 40540",40656,""
FIX50SP2,S,"711 40540",40659,""
FIX50SP2,S,"711 40540",40664,""
FIX50SP2,S,"711 40540 40664",40704,""
FIX50SP2,S,"711 40540 40664",40966,""
FIX50SP2,S,"711 40540 40664",40967,""
FIX50SP2,S,"711 40540 40664",41878,""
FIX50SP2,S,"711 40540",40708,""
FIX50SP2,S,"711 40540 40708",42991,""
FIX50SP2,S,"711 40540 40708",43000,""
FIX50SP2,S,"711 40540",40968,""
FIX50SP2,S,"711 40540",40969,""
FIX50SP2,S,"711 40540",40970,""
FIX50SP2,S,"711 40540",40971,""
FIX50SP2,S,"711 40540",40972,""
FIX50SP2,S,"711 40540",40973,""
FIX50SP2,S,"711 40540",40974,""
FIX50SP2,S,"711 40540",40975,""
FIX50SP2,S,"711 40540",40976,""
FIX50SP2,S,"711 40540",41756,""
FIX50SP2,S,"711 40540 41756",41770,""
FIX50SP2,S,"711 40540 41756 41770",41773,""
FIX50SP2,S,"711 40540",41800,""
FIX50SP2,S,"711 40540",41804,""
FIX50SP2,S,"711 40540",41808,""
FIX50SP2,S,"711 40540",41909,""
FIX50SP2,S,"711 40540",41937,""
FIX50SP2,S,"711 40540",41941,""
FIX50SP2,S,"711 40540",41944,""
FIX50SP2,S,"711 40540",41954,""
FIX50SP2,S,"711 40540",41962,""
FIX50SP2,S,"711 40540",41990,""
FIX50SP2,S,"711 40540",41993,""
FIX50SP2,S,"711 40540",42002,""
FIX50SP2,S,"711 40540 42002",41996,""
FIX50SP2,S,"711 40540 42002 41996",41999,""
FIX50SP2,S,"711 40540",42799,""
FIX50SP2,S,"711 40540",42853,""
FIX50SP2,S,"711 40540",42862,""
FIX50SP2,S,"711 40540 42862",42882,""
FIX50SP2,S,"711 40540",42901,""
FIX50SP2,S,"711 40540",42915,""
FIX50SP2,S,"711 40540",42955,""
FIX50SP2,S,"711 40540",42981,""
FIX50SP2,S,"711 40540",43034,""
FIX50SP2,S,"711 40540 43034",43008,""
FIX50SP2,S,"711 40540 43034 43008",43069,""
FIX50SP2,S,"711 40540 43034 43008",43071,""
FIX50SP2,S,"711 40540 43034",43030,""
FIX50SP2,S,"711 40540 43034",43060,""
FIX50SP2,S,"711 40540 43034",43064,""
FIX50SP2,S,"711",40962,""
FIX50SP2,S,"711",41820,""
FIX50SP2,S,"711",41841,""
FIX50SP2,S,"711",41844,""
FIX50SP2,S,"711",41856,""
FIX50SP2,S,"711",41864,""
FIX50SP2,S,"711",41866,""
FIX50SP2,S,"711",41868,""
FIX50SP2,S,"711",41947,""
FIX50SP2,S,"711",42036,""
FIX50SP2,S,"711 42036",41340,""
FIX50SP2,S,"711",42041,""
FIX50SP2,S,"711 42041",42039,""
FIX50SP2,S,"711 42041",42788,""
FIX50SP2,S,"711",42060,""
FIX50SP2,S,"711 42060",42065,""
FIX50SP2,S,"711",42068,""
FIX50SP2,S,"711 42068",42077,""
FIX50SP2,S,"711 42068 42077",42085,""
FIX50SP2,S,"711 42068",42087,""
FIX50SP2,S,"711 42068",42090,""
FIX50SP2,S,"711",42149,""
FIX50SP2,S,"711 42149",42099,""
FIX50SP2,S,"711 42149",42112,""
FIX50SP2,S,"711 42149",42173,""
FIX50SP2,S,"711 42149 42173",42177,""
FIX50SP2,S,"711 42149",42180,""
FIX50SP2,S,"711 42149",42182,""
FIX50SP2,S,"711 42149",42184,""
FIX50SP2,S,"711 42149",42186,""
FIX50SP2,S,"711 42149",42188,""
FIX50SP2,S,"711 42149",42190,""
FIX50SP2,S,"711",42855,""
FIX50SP2,S,"711",42884,""
FIX50SP2,S,"711",43005,""
FIX50SP2,S,"711",43074,""
FIX50SP2,S,"",735,""
FIX50SP2,S,"",768,""
FIX50SP2,S,"",864,""
FIX50SP2,S,"",1018,""
FIX50SP2,S,"1018",1052,""
FIX50SP2,S,"",1445,""
FIX50SP2,S,"",1483,""
FIX50SP2,S,"1483",1491,""
FIX50SP2,S,"1483 1491",1494,""
FIX50SP2,S,"1483",40997,""
FIX50SP2,S,"1483 40997",41005,""
FIX50SP2,S,"1483",41010,""
FIX50SP2,S,"1483 41010",40994,""
FIX50SP2,S,"1483 41010",41007,""
FIX50SP2,S,"1483 41010",41031,""
FIX50SP2,S,"1483",41013,""
FIX50SP2,S,"1483",41018,""
FIX50SP2,S,"1483",41029,""
FIX50SP2,S,"",1868,""
FIX50SP2,S,"",1976,""
FIX50SP2,S,"",2304,""
FIX50SP2,S,"",2529,""
FIX50SP2,S,"",2706,""
FIX50SP2,S,"",2709,""
FIX50SP2,S,"",40019,""
FIX50SP2,S,"40019",40000,""
FIX50SP2,S,"",40022,""
FIX50SP2,S,"40022",40277,""
FIX50SP2,S,"40022",42214,""
FIX50SP2,S,"",40040,""
FIX50SP2,S,"",40042,""
FIX50SP2,S,"",40046,""
FIX50SP2,S,"",40049,""
FIX50SP2,S,"40049",40085,""
FIX50SP2,S,"40049",40825,""
FIX50SP2,S,"40049",40828,""
FIX50SP2,S,"40049 40828",40868,""
FIX50SP2,S,"40049 40828",40945,""
FIX50SP2,S,"40049 40828",40977,""
FIX50SP2,S,"40049 40828",41161,""
FIX50SP2,S,"40049",40872,""
FIX50SP2,S,"40049 40872",42696,""
FIX50SP2,S,"40049 40872",42705,""
FIX50SP2,S,"40049",40946,""
FIX50SP2,S,"40049",40947,""
FIX50SP2,S,"40049",40948,""
FIX50SP2,S,"40049",40949,""
FIX50SP2,S,"40049",40950,""
FIX50SP2,S,"40049",40958,""
FIX50SP2,S,"40049",40959,""
FIX50SP2,S,"40049",40960,""
FIX50SP2,S,"40049",40961,""
FIX50SP2,S,"40049",41037,""
FIX50SP2,S,"40049 41037",41051,""
FIX50SP2,S,"40049 41037 41051",41054,""
FIX50SP2,S,"40049",41081,""
FIX50SP2,S,"40049",41085,""
FIX50SP2,S,"40049",41192,""
FIX50SP2,S,"40049",41220,""
FIX50SP2,S,"40049",41224,""
FIX50SP2,S,"40049",41227,""
FIX50SP2,S,"40049",41237,""
FIX50SP2,S,"40049",41241,""
FIX50SP2,S,"40049",41249,""
FIX50SP2,S,"40049",41277,""
FIX50SP2,S,"40049",41280,""
FIX50SP2,S,"40049",41289,""
FIX50SP2,S,"40049 41289",41283,""
FIX50SP2,S,"40049 41289 41283",41286,""
FIX50SP2,S,"40049",42236,""
FIX50SP2,S,"40049",42272,""
FIX50SP2,S,"40049",42274,""
FIX50SP2,S,"40049 42274",42294,""
FIX50SP2,S,"40049",42606,""
FIX50SP2,S,"40049",42620,""
FIX50SP2,S,"40049",42660,""
FIX50SP2,S,"40049",42683,""
FIX50SP2,S,"40049",42735,""
FIX50SP2,S,"40049 42735",42709,""
FIX50SP2,S,"40049 42735 42709",42770,""
FIX50SP2,S,"40049 42735 42709",42772,""
FIX50SP2,S,"40049 42735",42731,""
FIX50SP2,S,"40049 42735",42761,""
FIX50SP2,S,"40049 42735",42765,""
FIX50SP2,S,"",40090,""
FIX50SP2,S,"40090",40142,""
FIX50SP2,S,"40090",40171,""
FIX50SP2,S,"40090",40174,""
FIX50SP2,S,"40090 40174",40178,""
FIX50SP2,S,"40090",40952,""
FIX50SP2,S,"40090",40953,""
FIX50SP2,S,"40090",40954,""
FIX50SP2,S,"40090",40955,""
FIX50SP2,S,"40090",40956,""
FIX50SP2,S,"40090",40957,""
FIX50SP2,S,"",40181,""
FIX50SP2,S,"40181",40191,""
FIX50SP2,S,"40181 40191",40199,""
FIX50SP2,S,"40181",40201,""
FIX50SP2,S,"40181",40951,""
FIX50SP2,S,"",40204,""
FIX50SP2,S,"40204",40209,""
FIX50SP2,S,"",40278,""
FIX50SP2,S,"",41092,""
FIX50SP2,S,"",41094,""
FIX50SP2,S,"",41096,""
FIX50SP2,S,"",41116,""
FIX50SP2,S,"",41137,""
FIX50SP2,S,"",41140,""
FIX50SP2,S,"",41152,""
FIX50SP2,S,"",41230,""
FIX50SP2,S,"",42296,""
FIX50SP2,S,"",42775,""
FIX50SP2,T,"",778,""
FIX50SP2,T,"778",85,""
FIX50SP2,T,"778 85",781,""
FIX50SP2,T,"778 85 781",801,""
FIX50SP2,T,"778",453,""
FIX50SP2,T,"778 453",802,""
FIX50SP2,V,"",146,""
FIX50SP2,V,"146",454,""
FIX50SP2,V,"146",555,""
FIX50SP2,V,"146 555",604,""
FIX50SP2,V,"146 555",2059,""
FIX50SP2,V,"146 555",2076,""
FIX50SP2,V,"146 555",2218,""
FIX50SP2,V,"146 555 2218",2250,""
FIX50SP2,V,"146 555 2218 2250",2253,""
FIX50SP2,V,"146 555 2218",41366,""
FIX50SP2,V,"146 555 2218 41366",41374,""
FIX50SP2,V,"146 555 2218",41379,""
FIX50SP2,V,"146 555 2218 41379",41363,""
FIX50SP2,V,"146 555 2218 41379",41376,""
FIX50SP2,V,"146 555 2218 41379",41400,""
FIX50SP2,V,"146 555 2218",41382,""
FIX50SP2,V,"146 555 2218",41387,""
FIX50SP2,V,"146 555 2218",41398,""
FIX50SP2,V,"146 555",2254,""
FIX50SP2,V,"146 555 2254",2258,""
FIX50SP2,V,"146 555",2308,""
FIX50SP2,V,"146 555",40241,""
FIX50SP2,V,"146 555 40241",40367,""
FIX50SP2,V,"146 555 40241",40374,""
FIX50SP2,V,"146 555 40241 40374",40414,""
FIX50SP2,V,"146 555 40241 40374",40927,""
FIX50SP2,V,"146 555 40241 40374",40928,""
FIX50SP2,V,"146 555 40241 40374",41530,""
FIX50SP2,V,"146 555 40241",40418,""
FIX50SP2,V,"146 555 40241 40418",42495,""
FIX50SP2,V,"146 555 40241 40418",42504,""
FIX50SP2,V,"146 555 40241",40902,""
FIX50SP2,V,"146 555 40241",40929,""
FIX50SP2,V,"146 555 40241",40930,""
FIX50SP2,V,"146 555 40241",40931,""
FIX50SP2,V,"146 555 40241",40932,""
FIX50SP2,V,"146 555 40241",40933,""
FIX50SP2,V,"146 555 40241",40940,""
FIX50SP2,V,"146 555 40241",40941,""
FIX50SP2,V,"146 555 40241",40942,""
FIX50SP2,V,"146 555 40241",40943,""
FIX50SP2,V,"146 555 40241",41408,""
FIX50SP2,V,"146 555 40241 41408",41422,""
FIX50SP2,V,"146 555 40241 41408 41422",41425,""
FIX50SP2,V,"146 555 40241",41452,""
FIX50SP2,V,"146 555 40241",41456,""
FIX50SP2,V,"146 555 40241",41460,""
FIX50SP2,V,"146 555 40241",41561,""
FIX50SP2,V,"146 555 40241",41589,""
FIX50SP2,V,"146 555 40241",41593,""
FIX50SP2,V,"146 555 40241",41596,""
FIX50SP2,V,"146 555 40241",41638,""
FIX50SP2,V,"146 555 40241",41646,""
FIX50SP2,V,"146 555 40241",41674,""
FIX50SP2,V,"146 555 40241",41677,""
FIX50SP2,V,"146 555 40241",41686,""
FIX50SP2,V,"146 555 40241 41686",41680,""
FIX50SP2,V,"146 555 40241 41686 41680",41683,""
FIX50SP2,V,"146 555 40241",42310,""
FIX50SP2,V,"146 555 40241",42364,""
FIX50SP2,V,"146 555 40241",42366,""
FIX50SP2,V,"146 555 40241 42366",42386,""
FIX50SP2,V,"146 555 40241",42405,""
FIX50SP2,V,"146 555 40241",42419,""
FIX50SP2,V,"146 555 40241",42459,""
FIX50SP2,V,"146 555 40241",42485,""
FIX50SP2,V,"146 555 40241",42534,""
FIX50SP2,V,"146 555 40241 42534",42508,""
FIX50SP2,V,"146 555 40241 42534 42508",42569,""
FIX50SP2,V,"146 555 40241 42534 42508",42571,""
FIX50SP2,V,"146 555 40241 42534",42530,""
FIX50SP2,V,"146 555 40241 42534",42560,""
FIX50SP2,V,"146 555 40241 42534",42564,""
FIX50SP2,V,"146 555",40448,""
FIX50SP2,V,"146 555 40448",40473,""
FIX50SP2,V,"146 555 40448",40495,""
FIX50SP2,V,"146 555 40448",40533,""
FIX50SP2,V,"146 555 40448 40533",40537,""
FIX50SP2,V,"146 555 40448",40934,""
FIX50SP2,V,"146 555 40448",40935,""
FIX50SP2,V,"146 555 40448",40936,""
FIX50SP2,V,"146 555 40448",40937,""
FIX50SP2,V,"146 555 40448",40938,""
FIX50SP2,V,"146 555 40448",40939,""
FIX50SP2,V,"146 555",40923,""
FIX50SP2,V,"146 555",41335,""
FIX50SP2,V,"146 555 41335",41316,""
FIX50SP2,V,"146 555",41344,""
FIX50SP2,V,"146 555 41344",41342,""
FIX50SP2,V,"146 555 41344",42306,""
FIX50SP2,V,"146 555",41467,""
FIX50SP2,V,"146 555",41469,""
FIX50SP2,V,"146 555",41471,""
FIX50SP2,V,"146 555",41491,""
FIX50SP2,V,"146 555",41512,""
FIX50SP2,V,"146 555",41515,""
FIX50SP2,V,"146 555",41527,""
FIX50SP2,V,"146 555",41599,""
FIX50SP2,V,"146 555 41599",41604,""
FIX50SP2,V,"146 555",41607,""
FIX50SP2,V,"146 555",41616,""
FIX50SP2,V,"146 555 41616",41614,""
FIX50SP2,V,"146 555 41616",41625,""
FIX50SP2,V,"146 555 41616 41625",41633,""
FIX50SP2,V,"146 555 41616",41635,""
FIX50SP2,V,"146 555",42198,""
FIX50SP2,V,"146 555",42200,""
FIX50SP2,V,"146 555",42203,""
FIX50SP2,V,"146 555",42388,""
FIX50SP2,V,"146 555",42581,""
FIX50SP2,V,"146",711,""
FIX50SP2,V,"146 711",457,""
FIX50SP2,V,"146 711",887,""
FIX50SP2,V,"146 711",1058,""
FIX50SP2,V,"146 711 1058",1062,""
FIX50SP2,V,"146 711",1981,""
FIX50SP2,V,"146 711",2045,""
FIX50SP2,V,"146 711 2045",2053,""
FIX50SP2,V,"146 711 2045 2053",2056,""
FIX50SP2,V,"146 711 2045",41716,""
FIX50SP2,V,"146 711 2045 41716",41724,""
FIX50SP2,V,"146 711 2045",41729,""
FIX50SP2,V,"146 711 2045 41729",41713,""
FIX50SP2,V,"146 711 2045 41729",41726,""
FIX50SP2,V,"146 711 2045 41729",41750,""
FIX50SP2,V,"146 711 2045",41732,""
FIX50SP2,V,"146 711 2045",41737,""
FIX50SP2,V,"146 711 2045",41748,""
FIX50SP2,V,"146 711",2080,""
FIX50SP2,V,"146 711",2312,""
FIX50SP2,V,"146 711",40540,""
FIX50SP2,V,"146 711 40540",40656,""
FIX50SP2,V,"146 711 40540",40659,""
FIX50SP2,V,"146 711 40540",40664,""
FIX50SP2,V,"146 711 40540 40664",40704,""
FIX50SP2,V,"146 711 40540 40664",40966,""
FIX50SP2,V,"146 711 40540 40664",40967,""
FIX50SP2,V,"146 711 40540 40664",41878,""
FIX50SP2,V,"146 711 40540",40708,""
FIX50SP2,V,"146 711 40540 40708",42991,""
FIX50SP2,V,"146 711 40540 40708",43000,""
FIX50SP2,V,"146 711 40540",40968,""
FIX50SP2,V,"146 711 40540",40969,""
FIX50SP2,V,"146 711 40540",40970,""
FIX50SP2,V,"146 711 40540",40971,""
FIX50SP2,V,"146 711 40540",40972,""
FIX50SP2,V,"146 711 40540",40973,""
FIX50SP2,V,"146 711 40540",40974,""
FIX50SP2,V,"146 711 40540",40975,""
FIX50SP2,V,"146 711 40540",40976,""
FIX50SP2,V,"146 711 40540",41756,""
FIX50SP2,V,"146 711 40540 41756",41770,""
FIX50SP2,V,"146 711 40540 41756 41770",41773,""
FIX50SP2,V,"146 711 40540",41800,""
FIX50SP2,V,"146 711 40540",41804,""
FIX50SP2,V,"146 711 40540",41808,""
FIX50SP2,V,"146 711 40540",41909,""
FIX50SP2,V,"146 711 40540",41937,""
FIX50SP2,V,"146 711 40540",41941,""
FIX50SP2,V,"146 711 40540",41944,""
FIX50SP2,V,"146 711 40540",41954,""
FIX50SP2,V,"146 711 40540",41962,""
FIX50SP2,V,"146 711 40540",41990,""
FIX50SP2,V,"146 711 40540",41993,""
FIX50SP2,V,"146 711 40540",42002,""
FIX50SP2,V,"146 711 40540 42002",41996,""
FIX50SP2,V,"146 711 40540 42002 41996",41999,""
FIX50SP2,V,"146 711 40540",42799,""
FIX50SP2,V,"146 711 40540",42853,""
FIX50SP2,V,"146 711 40540",42862,""
FIX50SP2,V,"146 711 40540 42862",42882,""
FIX50SP2,V,"146 711 40540",42901,""
FIX50SP2,V,"146 711 40540",42915,""
FIX50SP2,V,"146 711 40540",42955,""
FIX50SP2,V,"146 711 40540",42981,""
FIX50SP2,V,"146 711 40540",43034,""
FIX50SP2,V,"146 711 40540 43034",43008,""
FIX50SP2,V,"146 711 40540 43034 43008",43069,""
FIX50SP2,V,"146 711 40540 43034 43008",43071,""
FIX50SP2,V,"146 711 40540 43034",43030,""
FIX50SP2,V,"146 711 40540 43034",43060,""
FIX50SP2,V,"146 711 40540 43034",43064,""
FIX50SP2,V,"146 711",40962,""
FIX50SP2,V,"146 711",41820,""
FIX50SP2,V,"146 711",41841,""
FIX50SP2,V,"146 711",41844,""
FIX50SP2,V,"146 711",41856,""
FIX50SP2,V,"146 711",41864,""
FIX50SP2,V,"146 711",41866,""
FIX50SP2,V,"146 711",41868,""
FIX50SP2,V,"146 711",41947,""
FIX50SP2,V,"146 711",42036,""
FIX50SP2,V,"146 711 42036",41340,""
FIX50SP2,V,"146 711",42041,""
FIX50SP2,V,"146 711 42041",42039,""
FIX50SP2,V,"146 711 42041",42788,""
FIX50SP2,V,"146 711",42060,""
FIX50SP2,V,"146 711 42060",42065,""
FIX50SP2,V,"146 711",42068,""
FIX50SP2,V,"146 711 42068",42077,""
FIX50SP2,V,"146 711 42068 42077",42085,""
FIX50SP2,V,"146 711 42068",42087,""
FIX50SP2,V,"146 711 42068",42090,""
FIX50SP2,V,"146 711",42149,""
FIX50SP2,V,"146 711 42149",42099,""
FIX50SP2,V,"146 711 42149",42112,""
FIX50SP2,V,"146 711 42149",42173,""
FIX50SP2,V,"146 711 42149 42173",42177,""
FIX50SP2,V,"146 711 42149",42180,""
FIX50SP2,V,"146 711 42149",42182,""
FIX50SP2,V,"146 711 42149",42184,""
FIX50SP2,V,"146 711 42149",42186,""
FIX50SP2,V,"146 711 42149",42188,""
FIX50SP2,V,"146 711 42149",42190,""
FIX50SP2,V,"146 711",42855,""
FIX50SP2,V,"146 711",42884,""
FIX50SP2,V,"146 711",43005,""
FIX50SP2,V,"146 711",43074,""
FIX50SP2,V,"146",864,""
FIX50SP2,V,"146",870,""
FIX50SP2,V,"146",1018,""
FIX50SP2,V,"146 1018",1052,""
FIX50SP2,V,"146",1483,""
FIX50SP2,V,"146 1483",1491,""
FIX50SP2,V,"146 1483 1491",1494,""
FIX50SP2,V,"146 1483",40997,""
FIX50SP2,V,"146 1483 40997",41005,""
FIX50SP2,V,"146 1483",41010,""
FIX50SP2,V,"146 1483 41010",40994,""
FIX50SP2,V,"146 1483 41010",41007,""
FIX50SP2,V,"146 1483 41010",41031,""
FIX50SP2,V,"146 1483",41013,""
FIX50SP2,V,"146 1483",41018,""
FIX50SP2,V,"146 1483",41029,""
FIX50SP2,V,"146",1647,""
FIX50SP2,V,"146",1976,""
FIX50SP2,V,"146",2304,""
FIX50SP2,V,"146",2734,""
FIX50SP2,V,"146",2746,""
FIX50SP2,V,"146",40019,""
FIX50SP2,V,"146 40019",40000,""
FIX50SP2,V,"146",40022,""
FIX50SP2,V,"146 40022",40277,""
FIX50SP2,V,"146 40022",42214,""
FIX50SP2,V,"146",40040,""
FIX50SP2,V,"146",40042,""
FIX50SP2,V,"146",40046,""
FIX50SP2,V,"146",40049,""
FIX50SP2,V,"146 40049",40085,""
FIX50SP2,V,"146 40049",40825,""
FIX50SP2,V,"146 40049",40828,""
FIX50SP2,V,"146 40049 40828",40868,""
FIX50SP2,V,"146 40049 40828",40945,""
FIX50SP2,V,"146 40049 40828",40977,""
FIX50SP2,V,"146 40049 40828",41161,""
FIX50SP2,V,"146 40049",40872,""
FIX50SP2,V,"146 40049 40872",42696,""
FIX50SP2,V,"146 40049 40872",42705,""
FIX50SP2,V,"146 40049",40946,""
FIX50SP2,V,"146 40049",40947,""
FIX50SP2,V,"146 40049",40948,""
FIX50SP2,V,"146 40049",40949,""
FIX50SP2,V,"146 40049",40950,""
FIX50SP2,V,"146 40049",40958,""
FIX50SP2,V,"146 40049",40959,""
FIX50SP2,V,"146 40049",40960,""
FIX50SP2,V,"146 40049",40961,""
FIX50SP2,V,"146 40049",41037,""
FIX50SP2,V,"146 40049 41037",41051,""
FIX50SP2,V,"146 40049 41037 41051",41054,""
FIX50SP2,V,"146 40049",41081,""
FIX50SP2,V,"146 40049",41085,""
FIX50SP2,V,"146 40049",41192,""
FIX50SP2,V,"146 40049",41220,""
FIX50SP2,V,"146 40049",41224,""
FIX50SP2,V,"146 40049",41227,""
FIX50SP2,V,"146 40049",41237,""
FIX50SP2,V,"146 40049",41241,""
FIX50SP2,V,"146 40049",41249,""
FIX50SP2,V,"146 40049",41277,""
FIX50SP2,V,"146 40049",41280,""
FIX50SP2,V,"146 40049",41289,""
FIX50SP2,V,"146 40049 41289",41283,""
FIX50SP2,V,"146 40049 41289 41283",41286,""
FIX50SP2,V,"146 40049",42236,""
FIX50SP2,V,"146 40049",42272,""
FIX50SP2,V,"146 40049",42274,""
FIX50SP2,V,"146 40049 42274",42294,""
FIX50SP2,V,"146 40049",42606,""
FIX50SP2,V,"146 40049",42620,""
FIX50SP2,V,"146 40049",42660,""
FIX50SP2,V,"146 40049",42683,""
FIX50SP2,V,"146 40049",42735,""
FIX50SP2,V,"146 40049 42735",42709,""
FIX50SP2,V,"146 40049 42735 42709",42770,""
FIX50SP2,V,"146 40049 42735 42709",42772,""
FIX50SP2,V,"146 40049 42735",42731,""
FIX50SP2,V,"146 40049 42735",42761,""
FIX50SP2,V,"146 40049 42735",42765,""
FIX50SP2,V,"146",40090,""
FIX50SP2,V,"146 40090",40142,""
FIX50SP2,V,"146 40090",40171,""
FIX50SP2,V,"146 40090",40174,""
FIX50SP2,V,"146 40090 40174",40178,""
FIX50SP2,V,"146 40090",40952,""
FIX50SP2,V,"146 40090",40953,""
FIX50SP2,V,"146 40090",40954,""
FIX50SP2,V,"146 40090",40955,""
FIX50SP2,V,"146 40090",40956,""
FIX50SP2,V,"146 40090",40957,""
FIX50SP2,V,"146",40181,""
FIX50SP2,V,"146 40181",40191,""
FIX50SP2,V,"146 40181 40191",40199,""
FIX50SP2,V,"146 40181",40201,""
FIX50SP2,V,"146 40181",40951,""
FIX50SP2,V,"146",40204,""
FIX50SP2,V,"146 40204",40209,""
FIX50SP2,V,"146",40278,""
FIX50SP2,V,"146",41092,""
FIX50SP2,V,"146",41094,""
FIX50SP2,V,"146",41096,""
FIX50SP2,V,"146",41116,""
FIX50SP2,V,"146",41137,""
FIX50SP2,V,"146",41140,""
FIX50SP2,V,"146",41152,""
FIX50SP2,V,"146",41230,""
FIX50SP2,V,"146",42296,""
FIX50SP2,V,"146",42775,""
FIX50SP2,V,"",267,""
FIX50SP2,V,"",386,""
FIX50SP2,V,"",453,""
FIX50SP2,V,"453",802,""
FIX50SP2,V,"",1310,""
FIX50SP2,W,"",215,""
FIX50SP2,W,"",268,""
FIX50SP2,W,"268",453,""
FIX50SP2,W,"268 453",802,""
FIX50SP2,W,"268",1177,""
FIX50SP2,W,"268",1445,""
FIX50SP2,W,"268",1838,""
FIX50SP2,W,"268",1855,""
FIX50SP2,W,"268",2668,""
FIX50SP2,W,"268",2709,""
FIX50SP2,W,"",454,""
FIX50SP2,W,"",555,""
FIX50SP2,W,"555",604,""
FIX50SP2,W,"555",2059,""
FIX50SP2,W,"555",2076,""
FIX50SP2,W,"555",2218,""
FIX50SP2,W,"555 2218",2250,""
FIX50SP2,W,"555 2218 2250",2253,""
FIX50SP2,W,"555 2218",41366,""
FIX50SP2,W,"555 2218 41366",41374,""
FIX50SP2,W,"555 2218",41379,""
FIX50SP2,W,"555 2218 41379",41363,""
FIX50SP2,W,"555 2218 41379",41376,""
FIX50SP2,W,"555 2218 41379",41400,""
FIX50SP2,W,"555 2218",41382,""
FIX50SP2,W,"555 2218",41387,""
FIX50SP2,W,"555 2218",41398,""
FIX50SP2,W,"555",2254,""
FIX50SP2,W,"555 2254",2258,""
FIX50SP2,W,"555",2308,""
FIX50SP2,W,"555",40241,""
FIX50SP2,W,"555 40241",40367,""
FIX50SP2,W,"555 40241",40374,""
FIX50SP2,W,"555 40241 40374",40414,""
FIX50SP2,W,"555 40241 40374",40927,""
FIX50SP2,W,"555 40241 40374",40928,""
FIX50SP2,W,"555 40241 40374",41530,""
FIX50SP2,W,"555 40241",40418,""
FIX50SP2,W,"555 40241 40418",42495,""
FIX50SP2,W,"555 40241 40418",42504,""
FIX50SP2,W,"555 40241",40902,""
FIX50SP2,W,"555 40241",40929,""
FIX50SP2,W,"555 40241",40930,""
FIX50SP2,W,"555 40241",40931,""
FIX50SP2,W,"555 40241",40932,""
FIX50SP2,W,"555 40241",40933,""
FIX50SP2,W,"555 40241",40940,""
FIX50SP2,W,"555 40241",40941,""
FIX50SP2,W,"555 40241",40942,""
FIX50SP2,W,"555 40241",40943,""
FIX50SP2,W,"555 40241",41408,""
FIX50SP2,W,"555 40241 41408",41422,""
FIX50SP2,W,"555 40241 41408 41422",41425,""
FIX50SP2,W,"555 40241",41452,""
FIX50SP2,W,"555 40241",41456,""
FIX50SP2,W,"555 40241",41460,""
FIX50SP2,W,"555 40241",41561,""
FIX50SP2,W,"555 40241",41589,""
FIX50SP2,W,"555 40241",41593,""
FIX50SP2,W,"555 40241",41596,""
FIX50SP2,W,"555 40241",41638,""
FIX50SP2,W,"555 40241",41646,""
FIX50SP2,W,"555 40241",41674,""
FIX50SP2,W,"555 40241",41677,""
FIX50SP2,W,"555 40241",41686,""
FIX50SP2,W,"555 40241 41686",41680,""
FIX50SP2,W,"555 40241 41686 41680",41683,""
FIX50SP2,W,"555 40241",42310,""
FIX50SP2,W,"555 40241",42364,""
FIX50SP2,W,"555 40241",42366,""
FIX50SP2,W,"555 40241 42366",42386,""
FIX50SP2,W,"555 40241",42405,""
FIX50SP2,W,"555 40241",42419,""
FIX50SP2,W,"555 40241",42459,""
FIX50SP2,W,"555 40241",42485,""
FIX50SP2,W,"555 40241",42534,""
FIX50SP2,W,"555 40241 42534",42508,""
FIX50SP2,W,"555 40241 42534 42508",42569,""
FIX50SP2,W,"555 40241 42534 42508",42571,""
FIX50SP2,W,"555 40241 42534",42530,""
FIX50SP2,W,"555 40241 42534",42560,""
FIX50SP2,W,"555 40241 42534",42564,""
FIX50SP2,W,"555",40448,""
FIX50SP2,W,"555 40448",40473,""
FIX50SP2,W,"555 40448",40495,""
FIX50SP2,W,"555 40448",40533,""
FIX50SP2,W,"555 40448 40533",40537,""
FIX50SP2,W,"555 40448",40934,""
FIX50SP2,W,"555 40448",40935,""
FIX50SP2,W,"555 40448",40936,""
FIX50SP2,W,"555 40448",40937,""
FIX50SP2,W,"555 40448",40938,""
FIX50SP2,W,"555 40448",40939,""
FIX50SP2,W,"555",40923,""
FIX50SP2,W,"555",41335,""
FIX50SP2,W,"555 41335",41316,""
FIX50SP2,W,"555",41344,""
FIX50SP2,W,"555 41344",41342,""
FIX50SP2,W,"555 41344",42306,""
FIX50SP2,W,"555",41467,""
FIX50SP2,W,"555",41469,""
FIX50SP2,W,"555",41471,""
FIX50SP2,W,"555",41491,""
FIX50SP2,W,"555",41512,""
FIX50SP2,W,"555",41515,""
FIX50SP2,W,"555",41527,""
FIX50SP2,W,"555",41599,""
FIX50SP2,W,"555 41599",41604,""
FIX50SP2,W,"555",41607,""
FIX50SP2,W,"555",41616,""
FIX50SP2,W,"555 41616",41614,""
FIX50SP2,W,"555 41616",41625,""
FIX50SP2,W,"555 41616 41625",41633,""
FIX50SP2,W,"555 41616",41635,""
FIX50SP2,W,"555",42198,""
FIX50SP2,W,"555",42200,""
FIX50SP2,W,"555",42203,""
FIX50SP2,W,"555",42388,""
FIX50SP2,W,"555",42581,""
FIX50SP2,W,"",711,""
FIX50SP2,W,"711",457,""
FIX50SP2,W,"711",887,""
FIX50SP2,W,"711",1058,""
FIX50SP2,W,"711 1058",1062,""
FIX50SP2,W,"711",1981,""
FIX50SP2,W,"711",2045,""
FIX50SP2,W,"711 2045",2053,""
FIX50SP2,W,"711 2045 2053",2056,""
FIX50SP2,W,"711 2045",41716,""
FIX50SP2,W,"711 2045 41716",41724,""
FIX50SP2,W,"711 2045",41729,""
FIX50SP2,W,"711 2045 41729",41713,""
FIX50SP2,W,"711 2045 41729",41726,""
FIX50SP2,W,"711 2045 41729",41750,""
FIX50SP2,W,"711 2045",41732,""
FIX50SP2,W,"711 2045",41737,""
FIX50SP2,W,"711 2045",41748,""
FIX50SP2,W,"711",2080,""
FIX50SP2,W,"711",2312,""
FIX50SP2,W,"711",40540,""
FIX50SP2,W,"711 40540",40656,""
FIX50SP2,W,"711 40540",40659,""
FIX50SP2,W,"711 40540",40664,""
FIX50SP2,W,"711 40540 40664",40704,""
FIX50SP2,W,"711 40540 40664",40966,""
FIX50SP2,W,"711 40540 40664",40967,""
FIX50SP2,W,"711 40540 40664",41878,""
FIX50SP2,W,"711 40540",40708,""
FIX50SP2,W,"711 40540 40708",42991,""
FIX50SP2,W,"711 40540 40708",43000,""
FIX50SP2,W,"711 40540",40968,""
FIX50SP2,W,"711 40540",40969,""
FIX50SP2,W,"711 40540",40970,""
FIX50SP2,W,"711 40540",40971,""
FIX50SP2,W,"711 40540",40972,""
FIX50SP2,W,"711 40540",40973,""
FIX50SP2,W,"711 40540",40974,""
FIX50SP2,W,"711 40540",40975,""
FIX50SP2,W,"711 40540",40976,""
FIX50SP2,W,"711 40540",41756,""
FIX50SP2,W,"711 40540 41756",41770,""
FIX50SP2,W,"711 40540 41756 41770",41773,""
FIX50SP2,W,"711 40540",41800,""
FIX50SP2,W,"711 40540",41804,""
FIX50SP2,W,"711 40540",41808,""
FIX50SP2,W,"711 40540",41909,""
FIX50SP2,W,"711 40540",41937,""
FIX50SP2,W,"711 40540",41941,""
FIX50SP2,W,"711 40540",41944,""
FIX50SP2,W,"711 40540",41954,""
FIX50SP2,W,"711 40540",41962,""
FIX50SP2,W,"711 40540",41990,""
FIX50SP2,W,"711 40540",41993,""
FIX50SP2,W,"711 40540",42002,""
FIX50SP2,W,"711 40540 42002",41996,""
FIX50SP2,W,"711 40540 42002 41996",41999,""
FIX50SP2,W,"711 40540",42799,""
FIX50SP2,W,"711 40540",42853,""
FIX50SP2,W,"711 40540",42862,""
FIX50SP2,W,"711 40540 42862",42882,""
FIX50SP2,W,"711 40540",42901,""
FIX50SP2,W,"711 40540",42915,""
FIX50SP2,W,"711 40540",42955,""
FIX50SP2,W,"711 40540",42981,""
FIX50SP2,W,"711 40540",43034,""
FIX50SP2,W,"711 40540 43034",43008,""
FIX50SP2,W,"711 40540 43034 43008",43069,""
FIX50SP2,W,"711 40540 43034 43008",43071,""
FIX50SP2,W,"711 40540 43034",43030,""
FIX50SP2,W,"711 40540 43034",43060,""
FIX50SP2,W,"711 40540 43034",43064,""
FIX50SP2,W,"711",40962,""
FIX50SP2,W,"711",41820,""
FIX50SP2,W,"711",41841,""
FIX50SP2,W,"711",41844,""
FIX50SP2,W,"711",41856,""
FIX50SP2,W,"711",41864,""
FIX50SP2,W,"711",41866,""
FIX50SP2,W,"711",41868,""
FIX50SP2,W,"711",41947,""
FIX50SP2,W,"711",42036,""
FIX50SP2,W,"711 42036",41340,""
FIX50SP2,W,"711",42041,""
FIX50SP2,W,"711 42041",42039,""
FIX50SP2,W,"711 42041",42788,""
FIX50SP2,W,"711",42060,""
FIX50SP2,W,"711 42060",42065,""
FIX50SP2,W,"711",42068,""
FIX50SP2,W,"711 42068",42077,""
FIX50SP2,W,"711 42068 42077",42085,""
FIX50SP2,W,"711 42068",42087,""
FIX50SP2,W,"711 42068",42090,""
FIX50SP2,W,"711",42149,""
FIX50SP2,W,"711 42149",42099,""
FIX50SP2,W,"711 42149",42112,""
FIX50SP2,W,"711 42149",42173,""
FIX50SP2,W,"711 42149 42173",42177,""
FIX50SP2,W,"711 42149",42180,""
FIX50SP2,W,"711 42149",42182,""
FIX50SP2,W,"711 42149",42184,""
FIX50SP2,W,"711 42149",42186,""
FIX50SP2,W,"711 42149",42188,""
FIX50SP2,W,"711 42149",42190,""
FIX50SP2,W,"711",42855,""
FIX50SP2,W,"711",42884,""
FIX50SP2,W,"711",43005,""
FIX50SP2,W,"711",43074,""
FIX50SP2,W,"",864,""
FIX50SP2,W,"",870,""
FIX50SP2,W,"",1018,""
FIX50SP2,W,"1018",1052,""
FIX50SP2,W,"",1483,""
FIX50SP2,W,"1483",1491,""
FIX50SP2,W,"1483 1491",1494,""
FIX50SP2,W,"1483",40997,""
FIX50SP2,W,"1483 40997",41005,""
FIX50SP2,W,"1483",41010,""
FIX50SP2,W,"1483 41010",40994,""
FIX50SP2,W,"1483 41010",41007,""
FIX50SP2,W,"1483 41010",41031,""
FIX50SP2,W,"1483",41013,""
FIX50SP2,W,"1483",41018,""
FIX50SP2,W,"1483",41029,""
FIX50SP2,W,"",1647,""
FIX50SP2,W,"",1976,""
FIX50SP2,W,"",2304,""
FIX50SP2,W,"",2734,""
FIX50SP2,W,"",2746,""
FIX50SP2,W,"",40019,""
FIX50SP2,W,"40019",40000,""
FIX50SP2,W,"",40022,""
FIX50SP2,W,"40022",40277,""
FIX50SP2,W,"40022",42214,""
FIX50SP2,W,"",40040,""
FIX50SP2,W,"",40042,""
FIX50SP2,W,"",40046,""
FIX50SP2,W,"",40049,""
FIX50SP2,W,"40049",40085,""
FIX50SP2,W,"40049",40825,""
FIX50SP2,W,"40049",40828,""
FIX50SP2,W,"40049 40828",40868,""
FIX50SP2,W,"40049 40828",40945,""
FIX50SP2,W,"40049 40828",40977,""
FIX50SP2,W,"40049 40828",41161,""
FIX50SP2,W,"40049",40872,""
FIX50SP2,W,"40049 40872",42696,""
FIX50SP2,W,"40049 40872",42705,""
FIX50SP2,W,"40049",40946,""
FIX50SP2,W,"40049",40947,""
FIX50SP2,W,"40049",40948,""
FIX50SP2,W,"40049",40949,""
FIX50SP2,W,"40049",40950,""
FIX50SP2,W,"40049",40958,""
FIX50SP2,W,"40049",40959,""
FIX50SP2,W,"40049",40960,""
FIX50SP2,W,"40049",40961,""
FIX50SP2,W,"40049",41037,""
FIX50SP2,W,"40049 41037",41051,""
FIX50SP2,W,"40049 41037 41051",41054,""
FIX50SP2,W,"40049",41081,""
FIX50SP2,W,"40049",41085,""
FIX50SP2,W,"40049",41192,""
FIX50SP2,W,"40049",41220,""
FIX50SP2,W,"40049",41224,""
FIX50SP2,W,"40049",41227,""
FIX50SP2,W,"40049",41237,""
FIX50SP2,W,"40049",41241,""
FIX50SP2,W,"40049",41249,""
FIX50SP2,W,"40049",41277,""
FIX50SP2,W,"40049",41280,""
FIX50SP2,W,"40049",41289,""
FIX50SP2,W,"40049 41289",41283,""
FIX50SP2,W,"40049 41289 41283",41286,""
FIX50SP2,W,"40049",42236,""
FIX50SP2,W,"40049",42272,""
FIX50SP2,W,"40049",42274,""
FIX50SP2,W,"40049 42274",42294,""
FIX50SP2,W,"40049",42606,""
FIX50SP2,W,"40049",42620,""
FIX50SP2,W,"40049",42660,""
FIX50SP2,W,"40049",42683,""
FIX50SP2,W,"40049",42735,""
FIX50SP2,W,"40049 42735",42709,""
FIX50SP2,W,"40049 42735 42709",42770,""
FIX50SP2,W,"40049 42735 42709",42772,""
FIX50SP2,W,"40049 42735",42731,""
FIX50SP2,W,"40049 42735",42761,""
FIX50SP2,W,"40049 42735",42765,""
FIX50SP2,W,"",40090,""
FIX50SP2,W,"40090",40142,""
FIX50SP2,W,"40090",40171,""
FIX50SP2,W,"40090",40174,""
FIX50SP2,W,"40090 40174",40178,""
FIX50SP2,W,"40090",40952,""
FIX50SP2,W,"40090",40953,""
FIX50SP2,W,"40090",40954,""
FIX50SP2,W,"40090",40955,""
FIX50SP2,W,"40090",40956,""
FIX50SP2,W,"40090",40957,""
FIX50SP2,W,"",40181,""
FIX50SP2,W,"40181",40191,""
FIX50SP2,W,"40181 40191",40199,""
FIX50SP2,W,"40181",40201,""
FIX50SP2,W,"40181",40951,""
FIX50SP2,W,"",40204,""
FIX50SP2,W,"40204",40209,""
FIX50SP2,W,"",40278,""
FIX50SP2,W,"",41092,""
FIX50SP2,W,"",41094,""
FIX50SP2,W,"",41096,""
FIX50SP2,W,"",41116,""
FIX50SP2,W,"",41137,""
FIX50SP2,W,"",41140,""
FIX50SP2,W,"",41152,""
FIX50SP2,W,"",41230,""
FIX50SP2,W,"",42296,""
FIX50SP2,W,"",42775,""
FIX50SP2,X,"",215,""
FIX50SP2,X,"",268,""
FIX50SP2,X,"268",453,""
FIX50SP2,X,"268 453",802,""
FIX50SP2,X,"268",454,""
FIX50SP2,X,"268",555,""
FIX50SP2,X,"268 555",604,""
FIX50SP2,X,"268 555",2059,""
FIX50SP2,X,"268 555",2076,""
FIX50SP2,X,"268 555",2218,""
FIX50SP2,X,"268 555 2218",2250,""
FIX50SP2,X,"268 555 2218 2250",2253,""
FIX50SP2,X,"268 555 2218",41366,""
FIX50SP2,X,"268 555 2218 41366",41374,""
FIX50SP2,X,"268 555 2218",41379,""
FIX50SP2,X,"268 555 2218 41379",41363,""
FIX50SP2,X,"268 555 2218 41379",41376,""
FIX50SP2,X,"268 555 2218 41379",41400,""
FIX50SP2,X,"268 555 2218",41382,""
FIX50SP2,X,"268 555 2218",41387,""
FIX50SP2,X,"268 555 2218",41398,""
FIX50SP2,X,"268 555",2254,""
FIX50SP2,X,"268 555 2254",2258,""
FIX50SP2,X,"268 555",2308,""
FIX50SP2,X,"268 555",40241,""
FIX50SP2,X,"268 555 40241",40367,""
FIX50SP2,X,"268 555 40241",40374,""
FIX50SP2,X,"268 555 40241 40374",40414,""
FIX50SP2,X,"268 555 40241 40374",40927,""
FIX50SP2,X,"268 555 40241 40374",40928,""
FIX50SP2,X,"268 555 40241 40374",41530,""
FIX50SP2,X,"268 555 40241",40418,""
FIX50SP2,X,"268 555 40241 40418",42495,""
FIX50SP2,X,"268 555 40241 40418",42504,""
FIX50SP2,X,"268 555 40241",40902,""
FIX50SP2,X,"268 555 40241",40929,""
FIX50SP2,X,"268 555 40241",40930,""
FIX50SP2,X,"268 555 40241",40931,""
FIX50SP2,X,"268 555 40241",40932,""
FIX50SP2,X,"268 555 40241",40933,""
FIX50SP2,X,"268 555 40241",40940,""
FIX50SP2,X,"268 555 40241",40941,""
FIX50SP2,X,"268 555 40241",40942,""
FIX50SP2,X,"268 555 40241",40943,""
FIX50SP2,X,"268 555 40241",41408,""
FIX50SP2,X,"268 555 40241 41408",41422,""
FIX50SP2,X,"268 555 40241 41408 41422",41425,""
FIX50SP2,X,"268 555 40241",41452,""
FIX50SP2,X,"268 555 40241",41456,""
FIX50SP2,X,"268 555 40241",41460,""
FIX50SP2,X,"268 555 40241",41561,""
FIX50SP2,X,"268 555 40241",41589,""
FIX50SP2,X,"268 555 40241",41593,""
FIX50SP2,X,"268 555 40241",41596,""
FIX50SP2,X,"268 555 40241",41638,""
FIX50SP2,X,"268 555 40241",41646,""
FIX50SP2,X,"268 555 40241",41674,""
FIX50SP2,X,"268 555 40241",41677,""
FIX50SP2,X,"268 555 40241",41686,""
FIX50SP2,X,"268 555 40241 41686",41680,""
FIX50SP2,X,"268 555 40241 41686 41680",41683,""
FIX50SP2,X,"268 555 40241",42310,""
FIX50SP2,X,"268 555 40241",42364,""
FIX50SP2,X,"268 555 40241",42366,""
FIX50SP2,X,"268 555 40241 42366",42386,""
FIX50SP2,X,"268 555 40241",42405,""
FIX50SP2,X,"268 555 40241",42419,""
FIX50SP2,X,"268 555 40241",42459,""
FIX50SP2,X,"268 555 40241",42485,""
FIX50SP2,X,"268 555 40241",42534,""
FIX50SP2,X,"268 555 40241 42534",42508,""
FIX50SP2,X,"268 555 40241 42534 42508",42569,""
FIX50SP2,X,"268 555 40241 42534 42508",42571,""
FIX50SP2,X,"268 555 40241 42534",42530,""
FIX50SP2,X,"268 555 40241 42534",42560,""
FIX50SP2,X,"268 555 40241 42534",42564,""
FIX50SP2,X,"268 555",40448,""
FIX50SP2,X,"268 555 40448",40473,""
FIX50SP2,X,"268 555 40448",40495,""
FIX50SP2,X,"268 555 40448",40533,""
FIX50SP2,X,"268 555 40448 40533",40537,""
FIX50SP2,X,"268 555 40448",40934,""
FIX50SP2,X,"268 555 40448",40935,""
FIX50SP2,X,"268 555 40448",40936,""
FIX50SP2,X,"268 555 40448",40937,""
FIX50SP2,X,"268 555 40448",40938,""
FIX50SP2,X,"268 555 40448",40939,""
FIX50SP2,X,"268 555",40923,""
FIX50SP2,X,"268 555",41335,""
FIX50SP2,X,"268 555 41335",41316,""
FIX50SP2,X,"268 555",41344,""
FIX50SP2,X,"268 555 41344",41342,""
FIX50SP2,X,"268 555 41344",42306,""
FIX50SP2,X,"268 555",41467,""
FIX50SP2,X,"268 555",41469,""
FIX50SP2,X,"268 555",41471,""
FIX50SP2,X,"268 555",41491,""
FIX50SP2,X,"268 555",41512,""
FIX50SP2,X,"268 555",41515,""
FIX50SP2,X,"268 555",41527,""
FIX50SP2,X,"268 555",41599,""
FIX50SP2,X,"268 555 41599",41604,""
FIX50SP2,X,"268 555",41607,""
FIX50SP2,X,"268 555",41616,""
FIX50SP2,X,"268 555 41616",41614,""
FIX50SP2,X,"268 555 41616",41625,""
FIX50SP2,X,"268 555 41616 41625",41633,""
FIX50SP2,X,"268 555 41616",41635,""
FIX50SP2,X,"268 555",42198,""
FIX50SP2,X,"268 555",42200,""
FIX50SP2,X,"268 555",42203,""
FIX50SP2,X,"268 555",42388,""
FIX50SP2,X,"268 555",42581,""
FIX50SP2,X,"268",711,""
FIX50SP2,X,"268 711",457,""
FIX50SP2,X,"268 711",887,""
FIX50SP2,X,"268 711",1058,""
FIX50SP2,X,"268 711 1058",1062,""
FIX50SP2,X,"268 711",1981,""
FIX50SP2,X,"268 711",2045,""
FIX50SP2,X,"268 711 2045",2053,""
FIX50SP2,X,"268 711 2045 2053",2056,""
FIX50SP2,X,"268 711 2045",41716,""
FIX50SP2,X,"268 711 2045 41716",41724,""
FIX50SP2,X,"268 711 2045",41729,""
FIX50SP2,X,"268 711 2045 41729",41713,""
FIX50SP2,X,"268 711 2045 41729",41726,""
FIX50SP2,X,"268 711 2045 41729",41750,""
FIX50SP2,X,"268 711 2045",41732,""
FIX50SP2,X,"268 711 2045",41737,""
FIX50SP2,X,"268 711 2045",41748,""
FIX50SP2,X,"268 711",2080,""
FIX50SP2,X,"268 711",2312,""
FIX50SP2,X,"268 711",40540,""
FIX50SP2,X,"268 711 40540",40656,""
FIX50SP2,X,"268 711 40540",40659,""
FIX50SP2,X,"268 711 40540",40664,""
FIX50SP2,X,"268 711 40540 40664",40704,""
FIX50SP2,X,"268 711 40540 40664",40966,""
FIX50SP2,X,"268 711 40540 40664",40967,""
FIX50SP2,X,"268 711 40540 40664",41878,""
FIX50SP2,X,"268 711 40540",40708,""
FIX50SP2,X,"268 711 40540 40708",42991,""
FIX50SP2,X,"268 711 40540 40708",43000,""
FIX50SP2,X,"268 711 40540",40968,""
FIX50SP2,X,"268 711 40540",40969,""
FIX50SP2,X,"268 711 40540",40970,""
FIX50SP2,X,"268 711 40540",40971,""
FIX50SP2,X,"268 711 40540",40972,""
FIX50SP2,X,"268 711 40540",40973,""
FIX50SP2,X,"268 711 40540",40974,""
FIX50SP2,X,"268 711 40540",40975,""
FIX50SP2,X,"268 711 40540",40976,""
FIX50SP2,X,"268 711 40540",41756,""
FIX50SP2,X,"268 711 40540 41756",41770,""
FIX50SP2,X,"268 711 40540 41756 41770",41773,""
FIX50SP2,X,"268 711 40540",41800,""
FIX50SP2,X,"268 711 40540",41804,""
FIX50SP2,X,"268 711 40540",41808,""
FIX50SP2,X,"268 711 40540",41909,""
FIX50SP2,X,"268 711 40540",41937,""
FIX50SP2,X,"268 711 40540",41941,""
FIX50SP2,X,"268 711 40540",41944,""
FIX50SP2,X,"268 711 40540",41954,""
FIX50SP2,X,"268 711 40540",41962,""
FIX50SP2,X,"268 711 40540",41990,""
FIX50SP2,X,"268 711 40540",41993,""
FIX50SP2,X,"268 711 40540",42002,""
FIX50SP2,X,"268 711 40540 42002",41996,""
FIX50SP2,X,"268 711 40540 42002 41996",41999,""
FIX50SP2,X,"268 711 40540",42799,""
FIX50SP2,X,"268 711 40540",42853,""
FIX50SP2,X,"268 711 40540",42862,""
FIX50SP2,X,"268 711 40540 42862",42882,""
FIX50SP2,X,"268 711 40540",42901,""
FIX50SP2,X,"268 711 40540",42915,""
FIX50SP2,X,"268 711 40540",42955,""
FIX50SP2,X,"268 711 40540",42981,""
FIX50SP2,X,"268 711 40540",43034,""
FIX50SP2,X,"268 711 40540 43034",43008,""
FIX50SP2,X,"268 711 40540 43034 43008",43069,""
FIX50SP2,X,"268 711 40540 43034 43008",43071,""
FIX50SP2,X,"268 711 40540 43034",43030,""
FIX50SP2,X,"268 711 40540 43034",43060,""
FIX50SP2,X,"268 711 40540 43034",43064,""
FIX50SP2,X,"268 711",40962,""
FIX50SP2,X,"268 711",41820,""
FIX50SP2,X,"268 711",41841,""
FIX50SP2,X,"268 711",41844,""
FIX50SP2,X,"268 711",41856,""
FIX50SP2,X,"268 711",41864,""
FIX50SP2,X,"268 711",41866,""
FIX50SP2,X,"268 711",41868,""
FIX50SP2,X,"268 711",41947,""
FIX50SP2,X,"268 711",42036,""
FIX50SP2,X,"268 711 42036",41340,""
FIX50SP2,X,"268 711",42041,""
FIX50SP2,X,"268 711 42041",42039,""
FIX50SP2,X,"268 711 42041",42788,""
FIX50SP2,X,"268 711",42060,""
FIX50SP2,X,"268 711 42060",42065,""
FIX50SP2,X,"268 711",42068,""
FIX50SP2,X,"268 711 42068",42077,""
FIX50SP2,X,"268 711 42068 42077",42085,""
FIX50SP2,X,"268 711 42068",42087,""
FIX50SP2,X,"268 711 42068",42090,""
FIX50SP2,X,"268 711",42149,""
FIX50SP2,X,"268 711 42149",42099,""
FIX50SP2,X,"268 711 42149",42112,""
FIX50SP2,X,"268 711 42149",42173,""
FIX50SP2,X,"268 711 42149 42173",42177,""
FIX50SP2,X,"268 711 42149",42180,""
FIX50SP2,X,"268 711 42149",42182,""
FIX50SP2,X,"268 711 42149",42184,""
FIX50SP2,X,"268 711 42149",42186,""
FIX50SP2,X,"268 711 42149",42188,""
FIX50SP2,X,"268 711 42149",42190,""
FIX50SP2,X,"268 711",42855,""
FIX50SP2,X,"268 711",42884,""
FIX50SP2,X,"268 711",43005,""
FIX50SP2,X,"268 711",43074,""
FIX50SP2,X,"268",864,""
FIX50SP2,X,"268",870,""
FIX50SP2,X,"268",1018,""
FIX50SP2,X,"268 1018",1052,""
FIX50SP2,X,"268",1175,""
FIX50SP2,X,"268",1177,""
FIX50SP2,X,"268",1445,""
FIX50SP2,X,"268",1483,""
FIX50SP2,X,"268 1483",1491,""
FIX50SP2,X,"268 1483 1491",1494,""
FIX50SP2,X,"268 1483",40997,""
FIX50SP2,X,"268 1483 40997",41005,""
FIX50SP2,X,"268 1483",41010,""
FIX50SP2,X,"268 1483 41010",40994,""
FIX50SP2,X,"268 1483 41010",41007,""
FIX50SP2,X,"268 1483 41010",41031,""
FIX50SP2,X,"268 1483",41013,""
FIX50SP2,X,"268 1483",41018,""
FIX50SP2,X,"268 1483",41029,""
FIX50SP2,X,"268",1647,""
FIX50SP2,X,"268",1838,""
FIX50SP2,X,"268",1855,""
FIX50SP2,X,"268",1976,""
FIX50SP2,X,"268",2304,""
FIX50SP2,X,"268",2668,""
FIX50SP2,X,"268",2709,""
FIX50SP2,X,"268",2734,""
FIX50SP2,X,"268",2746,""
FIX50SP2,X,"268",40019,""
FIX50SP2,X,"268 40019",40000,""
FIX50SP2,X,"268",40022,""
FIX50SP2,X,"268 40022",40277,""
FIX50SP2,X,"268 40022",42214,""
FIX50SP2,X,"268",40040,""
FIX50SP2,X,"268",40042,""
FIX50SP2,X,"268",40046,""
FIX50SP2,X,"268",40049,""
FIX50SP2,X,"268 40049",40085,""
FIX50SP2,X,"268 40049",40825,""
FIX50SP2,X,"268 40049",40828,""
FIX50SP2,X,"268 40049 40828",40868,""
FIX50SP2,X,"268 40049 40828",40945,""
FIX50SP2,X,"268 40049 40828",40977,""
FIX50SP2,X,"268 40049 40828",41161,""
FIX50SP2,X,"268 40049",40872,""
FIX50SP2,X,"268 40049 40872",42696,""
FIX50SP2,X,"268 40049 40872",42705,""
FIX50SP2,X,"268 40049",40946,""
FIX50SP2,X,"268 40049",40947,""
FIX50SP2,X,"268 40049",40948,""
FIX50SP2,X,"268 40049",40949,""
FIX50SP2,X,"268 40049",40950,""
FIX50SP2,X,"268 40049",40958,""
FIX50SP2,X,"268 40049",40959,""
FIX50SP2,X,"268 40049",40960,""
FIX50SP2,X,"268 40049",40961,""
FIX50SP2,X,"268 40049",41037,""
FIX50SP2,X,"268 40049 41037",41051,""
FIX50SP2,X,"268 40049 41037 41051",41054,""
FIX50SP2,X,"268 40049",41081,""
FIX50SP2,X,"268 40049",41085,""
FIX50SP2,X,"268 40049",41192,""
FIX50SP2,X,"268 40049",41220,""
FIX50SP2,X,"268 40049",41224,""
FIX50SP2,X,"268 40049",41227,""
FIX50SP2,X,"268 40049",41237,""
FIX50SP2,X,"268 40049",41241,""
FIX50SP2,X,"268 40049",41249,""
FIX50SP2,X,"268 40049",41277,""
FIX50SP2,X,"268 40049",41280,""
FIX50SP2,X,"268 40049",41289,""
FIX50SP2,X,"268 40049 41289",41283,""
FIX50SP2,X,"268 40049 41289 41283",41286,""
FIX50SP2,X,"268 40049",42236,""
FIX50SP2,X,"268 40049",42272,""
FIX50SP2,X,"268 40049",42274,""
FIX50SP2,X,"268 40049 42274",42294,""
FIX50SP2,X,"268 40049",42606,""
FIX50SP2,X,"268 40049",42620,""
FIX50SP2,X,"268 40049",42660,""
FIX50SP2,X,"268 40049",42683,""
FIX50SP2,X,"268 40049",42735,""
FIX50SP2,X,"268 40049 42735",42709,""
FIX50SP2,X,"268 40049 42735 42709",42770,""
FIX50SP2,X,"268 40049 42735 42709",42772,""
FIX50SP2,X,"268 40049 42735",42731,""
FIX50SP2,X,"268 40049 42735",42761,""
FIX50SP2,X,"268 40049 42735",42765,""
FIX50SP2,X,"268",40090,""
FIX50SP2,X,"268 40090",40142,""
FIX50SP2,X,"268 40090",40171,""
FIX50SP2,X,"268 40090",40174,""
FIX50SP2,X,"268 40090 40174",40178,""
FIX50SP2,X,"268 40090",40952,""
FIX50SP2,X,"268 40090",40953,""
FIX50SP2,X,"268 40090",40954,""
FIX50SP2,X,"268 40090",40955,""
FIX50SP2,X,"268 40090",40956,""
FIX50SP2,X,"268 40090",40957,""
FIX50SP2,X,"268",40181,""
FIX50SP2,X,"268 40181",40191,""
FIX50SP2,X,"268 40181 40191",40199,""
FIX50SP2,X,"268 40181",40201,""
FIX50SP2,X,"268 40181",40951,""
FIX50SP2,X,"268",40204,""
FIX50SP2,X,"268 40204",40209,""
FIX50SP2,X,"268",40278,""
FIX50SP2,X,"268",41092,""
FIX50SP2,X,"268",41094,""
FIX50SP2,X,"268",41096,""
FIX50SP2,X,"268",41116,""
FIX50SP2,X,"268",41137,""
FIX50SP2,X,"268",41140,""
FIX50SP2,X,"268",41152,""
FIX50SP2,X,"268",41230,""
FIX50SP2,X,"268",42296,""
FIX50SP2,X,"268",42775,""
FIX50SP2,Y,"",453,""
FIX50SP2,Y,"453",802,""
FIX50SP2,Y,"",816,""
FIX50SP2,Z,"",295,""
FIX50SP2,Z,"295",454,""
FIX50SP2,Z,"295",555,""
FIX50SP2,Z,"295 555",604,""
FIX50SP2,Z,"295 555",2059,""
FIX50SP2,Z,"295 555",2076,""
FIX50SP2,Z,"295 555",2218,""
FIX50SP2,Z,"295 555 2218",2250,""
FIX50SP2,Z,"295 555 2218 2250",2253,""
FIX50SP2,Z,"295 555 2218",41366,""
FIX50SP2,Z,"295 555 2218 41366",41374,""
FIX50SP2,Z,"295 555 2218",41379,""
FIX50SP2,Z,"295 555 2218 41379",41363,""
FIX50SP2,Z,"295 555 2218 41379",41376,""
FIX50SP2,Z,"295 555 2218 41379",41400,""
FIX50SP2,Z,"295 555 2218",41382,""
FIX50SP2,Z,"295 555 2218",41387,""
FIX50SP2,Z,"295 555 2218",41398,""
FIX50SP2,Z,"295 555",2254,""
FIX50SP2,Z,"295 555 2254",2258,""
FIX50SP2,Z,"295 555",2308,""
FIX50SP2,Z,"295 555",40241,""
FIX50SP2,Z,"295 555 40241",40367,""
FIX50SP2,Z,"295 555 40241",40374,""
FIX50SP2,Z,"295 555 40241 40374",40414,""
FIX50SP2,Z,"295 555 40241 40374",40927,""
FIX50SP2,Z,"295 555 40241 40374",40928,""
FIX50SP2,Z,"295 555 40241 40374",41530,""
FIX50SP2,Z,"295 555 40241",40418,""
FIX50SP2,Z,"295 555 40241 40418",42495,""
FIX50SP2,Z,"295 555 40241 40418",42504,""
FIX50SP2,Z,"295 555 40241",40902,""
FIX50SP2,Z,"295 555 40241",40929,""
FIX50SP2,Z,"295 555 40241",40930,""
FIX50SP2,Z,"295 555 40241",40931,""
FIX50SP2,Z,"295 555 40241",40932,""
FIX50SP2,Z,"295 555 40241",40933,""
FIX50SP2,Z,"295 555 40241",40940,""
FIX50SP2,Z,"295 555 40241",40941,""
FIX50SP2,Z,"295 555 40241",40942,""
FIX50SP2,Z,"295 555 40241",40943,""
FIX50SP2,Z,"295 555 40241",41408,""
FIX50SP2,Z,"295 555 40241 41408",41422,""
FIX50SP2,Z,"295 555 40241 41408 41422",41425,""
FIX50SP2,Z,"295 555 40241",41452,""
FIX50SP2,Z,"295 555 40241",41456,""
FIX50SP2,Z,"295 555 40241",41460,""
FIX50SP2,Z,"295 555 40241",41561,""
FIX50SP2,Z,"295 555 40241",41589,""
FIX50SP2,Z,"295 555 40241",41593,""
FIX50SP2,Z,"295 555 40241",41596,""
FIX50SP2,Z,"295 555 40241",41638,""
FIX50SP2,Z,"295 555 40241",41646,""
FIX50SP2,Z,"295 555 40241",41674,""
FIX50SP2,Z,"295 555 40241",41677,""
FIX50SP2,Z,"295 555 40241",41686,""
FIX50SP2,Z,"295 555 40241 41686",41680,""
FIX50SP2,Z,"295 555 40241 41686 41680",41683,""
FIX50SP2,Z,"295 555 40241",42310,""
FIX50SP2,Z,"295 555 40241",42364,""
FIX50SP2,Z,"295 555 40241",42366,""
FIX50SP2,Z,"295 555 40241 42366",42386,""
FIX50SP2,Z,"295 555 40241",42405,""
FIX50SP2,Z,"295 555 40241",42419,""
FIX50SP2,Z,"295 555 40241",42459,""
FIX50SP2,Z,"295 555 40241",42485,""
FIX50SP2,Z,"295 555 40241",42534,""
FIX50SP2,Z,"295 555 40241 42534",42508,""
FIX50SP2,Z,"295 555 40241 42534 42508",42569,""
FIX50SP2,Z,"295 555 40241 42534 42508",42571,""
FIX50SP2,Z,"295 555 40241 42534",42530,""
FIX50SP2,Z,"295 555 40241 42534",42560,""
FIX50SP2,Z,"295 555 40241 42534",42564,""
FIX50SP2,Z,"295 555",40448,""
FIX50SP2,Z,"295 555 40448",40473,""
FIX50SP2,Z,"295 555 40448",40495,""
FIX50SP2,Z,"295 555 40448",40533,""
FIX50SP2,Z,"295 555 40448 40533",40537,""
FIX50SP2,Z,"295 555 40448",40934,""
FIX50SP2,Z,"295 555 40448",40935,""
FIX50SP2,Z,"295 555 40448",40936,""
FIX50SP2,Z,"295 555 40448",40937,""
FIX50SP2,Z,"295 555 40448",40938,""
FIX50SP2,Z,"295 555 40448",40939,""
FIX50SP2,Z,"295 555",40923,""
FIX50SP2,Z,"295 555",41335,""
FIX50SP2,Z,"295 555 41335",41316,""
FIX50SP2,Z,"295 555",41344,""
FIX50SP2,Z,"295 555 41344",41342,""
FIX50SP2,Z,"295 555 41344",42306,""
FIX50SP2,Z,"295 555",41467,""
FIX50SP2,Z,"295 555",41469,""
FIX50SP2,Z,"295 555",41471,""
FIX50SP2,Z,"295 555",41491,""
FIX50SP2,Z,"295 555",41512,""
FIX50SP2,Z,"295 555",41515,""
FIX50SP2,Z,"295 555",41527,""
FIX50SP2,Z,"295 555",41599,""
FIX50SP2,Z,"295 555 41599",41604,""
FIX50SP2,Z,"295 555",41607,""
FIX50SP2,Z,"295 555",41616,""
FIX50SP2,Z,"295 555 41616",41614,""
FIX50SP2,Z,"295 555 41616",41625,""
FIX50SP2,Z,"295 555 41616 41625",41633,""
FIX50SP2,Z,"295 555 41616",41635,""
FIX50SP2,Z,"295 555",42198,""
FIX50SP2,Z,"295 555",42200,""
FIX50SP2,Z,"295 555",42203,""
FIX50SP2,Z,"295 555",42388,""
FIX50SP2,Z,"295 555",42581,""
FIX50SP2,Z,"295",711,""
FIX50SP2,Z,"295 711",457,""
FIX50SP2,Z,"295 711",887,""
FIX50SP2,Z,"295 711",1058,""
FIX50SP2,Z,"295 711 1058",1062,""
FIX50SP2,Z,"295 711",1981,""
FIX50SP2,Z,"295 711",2045,""
FIX50SP2,Z,"295 711 2045",2053,""
FIX50SP2,Z,"295 711 2045 2053",2056,""
FIX50SP2,Z,"295 711 2045",41716,""
FIX50SP2,Z,"295 711 2045 41716",41724,""
FIX50SP2,Z,"295 711 2045",41729,""
FIX50SP2,Z,"295 711 2045 41729",41713,""
FIX50SP2,Z,"295 711 2045 41729",41726,""
FIX50SP2,Z,"295 711 2045 41729",41750,""
FIX50SP2,Z,"295 711 2045",41732,""
FIX50SP2,Z,"295 711 2045",41737,""
FIX50SP2,Z,"295 711 2045",41748,""
FIX50SP2,Z,"295 711",2080,""
FIX50SP2,Z,"295 711",2312,""
FIX50SP2,Z,"295 711",40540,""
FIX50SP2,Z,"295 711 40540",40656,""
FIX50SP2,Z,"295 711 40540",40659,""
FIX50SP2,Z,"295 711 40540",40664,""
FIX50SP2,Z,"295 711 40540 40664",40704,""
FIX50SP2,Z,"295 711 40540 40664",40966,""
FIX50SP2,Z,"295 711 40540 40664",40967,""
FIX50SP2,Z,"295 711 40540 40664",41878,""
FIX50SP2,Z,"295 711 40540",40708,""
FIX50SP2,Z,"295 711 40540 40708",42991,""
FIX50SP2,Z,"295 711 40540 40708",43000,""
FIX50SP2,Z,"295 711 40540",40968,""
FIX50SP2,Z,"295 711 40540",40969,""
FIX50SP2,Z,"295 711 40540",40970,""
FIX50SP2,Z,"295 711 40540",40971,""
FIX50SP2,Z,"295 711 40540",40972,""
FIX50SP2,Z,"295 711 40540",40973,""
FIX50SP2,Z,"295 711 40540",40974,""
FIX50SP2,Z,"295 711 40540",40975,""
FIX50SP2,Z,"295 711 40540",40976,""
FIX50SP2,Z,"295 711 40540",41756,""
FIX50SP2,Z,"295 711 40540 41756",41770,""
FIX50SP2,Z,"295 711 40540 41756 41770",41773,""
FIX50SP2,Z,"295 711 40540",41800,""
FIX50SP2,Z,"295 711 40540",41804,""
FIX50SP2,Z,"295 711 40540",41808,""
FIX50SP2,Z,"295 711 40540",41909,""
FIX50SP2,Z,"295 711 40540",41937,""
FIX50SP2,Z,"295 711 40540",41941,""
FIX50SP2,Z,"295 711 40540",41944,""
FIX50SP2,Z,"295 711 40540",41954,""
FIX50SP2,Z,"295 711 40540",41962,""
FIX50SP2,Z,"295 711 40540",41990,""
FIX50SP2,Z,"295 711 40540",41993,""
FIX50SP2,Z,"295 711 40540",42002,""
FIX50SP2,Z,"295 711 40540 42002",41996,""
FIX50SP2,Z,"295 711 40540 42002 41996",41999,""
FIX50SP2,Z,"295 711 40540",42799,""
FIX50SP2,Z,"295 711 40540",42853,""
FIX50SP2,Z,"295 711 40540",42862,""
FIX50SP2,Z,"295 711 40540 42862",42882,""
FIX50SP2,Z,"295 711 40540",42901,""
FIX50SP2,Z,"295 711 40540",42915,""
FIX50SP2,Z,"295 711 40540",42955,""
FIX50SP2,Z,"295 711 40540",42981,""
FIX50SP2,Z,"295 711 40540",43034,""
FIX50SP2,Z,"295 711 40540 43034",43008,""
FIX50SP2,Z,"295 711 40540 43034 43008",43069,""
FIX50SP2,Z,"295 711 40540 43034 43008",43071,""
FIX50SP2,Z,"295 711 40540 43034",43030,""
FIX50SP2,Z,"295 711 40540 43034",43060,""
FIX50SP2,Z,"295 711 40540 43034",43064,""
FIX50SP2,Z,"295 711",40962,""
FIX50SP2,Z,"295 711",41820,""
FIX50SP2,Z,"295 711",41841,""
FIX50SP2,Z,"295 711",41844,""
FIX50SP2,Z,"295 711",41856,""
FIX50SP2,Z,"295 711",41864,""
FIX50SP2,Z,"295 711",41866,""
FIX50SP2,Z,"295 711",41868,""
FIX50SP2,Z,"295 711",41947,""
FIX50SP2,Z,"295 711",42036,""
FIX50SP2,Z,"295 711 42036",41340,""
FIX50SP2,Z,"295 711",42041,""
FIX50SP2,Z,"295 711 42041",42039,""
FIX50SP2,Z,"295 711 42041",42788,""
FIX50SP2,Z,"295 711",42060,""
FIX50SP2,Z,"295 711 42060",42065,""
FIX50SP2,Z,"295 711",42068,""
FIX50SP2,Z,"295 711 42068",42077,""
FIX50SP2,Z,"295 711 42068 42077",42085,""
FIX50SP2,Z,"295 711 42068",42087,""
FIX50SP2,Z,"295 711 42068",42090,""
FIX50SP2,Z,"295 711",42149,""
FIX50SP2,Z,"295 711 42149",42099,""
FIX50SP2,Z,"295 711 42149",42112,""
FIX50SP2,Z,"295 711 42149",42173,""
FIX50SP2,Z,"295 711 42149 42173",42177,""
FIX50SP2,Z,"295 711 42149",42180,""
FIX50SP2,Z,"295 711 42149",42182,""
FIX50SP2,Z,"295 711 42149",42184,""
FIX50SP2,Z,"295 711 42149",42186,""
FIX50SP2,Z,"295 711 42149",42188,""
FIX50SP2,Z,"295 711 42149",42190,""
FIX50SP2,Z,"295 711",42855,""
FIX50SP2,Z,"295 711",42884,""
FIX50SP2,Z,"295 711",43005,""
FIX50SP2,Z,"295 711",43074,""
FIX50SP2,Z,"295",864,""
FIX50SP2,Z,"295",1018,""
FIX50SP2,Z,"295 1018",1052,""
FIX50SP2,Z,"295",1483,""
FIX50SP2,Z,"295 1483",1491,""
FIX50SP2,Z,"295 1483 1491",1494,""
FIX50SP2,Z,"295 1483",40997,""
FIX50SP2,Z,"295 1483 40997",41005,""
FIX50SP2,Z,"295 1483",41010,""
FIX50SP2,Z,"295 1483 41010",40994,""
FIX50SP2,Z,"295 1483 41010",41007,""
FIX50SP2,Z,"295 1483 41010",41031,""
FIX50SP2,Z,"295 1483",41013,""
FIX50SP2,Z,"295 1483",41018,""
FIX50SP2,Z,"295 1483",41029,""
FIX50SP2,Z,"295",1976,""
FIX50SP2,Z,"295",2304,""
FIX50SP2,Z,"295",40019,""
FIX50SP2,Z,"295 40019",40000,""
FIX50SP2,Z,"295",40022,""
FIX50SP2,Z,"295 40022",40277,""
FIX50SP2,Z,"295 40022",42214,""
FIX50SP2,Z,"295",40040,""
FIX50SP2,Z,"295",40042,""
FIX50SP2,Z,"295",40046,""
FIX50SP2,Z,"295",40049,""
FIX50SP2,Z,"295 40049",40085,""
FIX50SP2,Z,"295 40049",40825,""
FIX50SP2,Z,"295 40049",40828,""
FIX50SP2,Z,"295 40049 40828",40868,""
FIX50SP2,Z,"295 40049 40828",40945,""
FIX50SP2,Z,"295 40049 40828",40977,""
FIX50SP2,Z,"295 40049 40828",41161,""
FIX50SP2,Z,"295 40049",40872,""
FIX50SP2,Z,"295 40049 40872",42696,""
FIX50SP2,Z,"295 40049 40872",42705,""
FIX50SP2,Z,"295 40049",40946,""
FIX50SP2,Z,"295 40049",40947,""
FIX50SP2,Z,"295 40049",40948,""
FIX50SP2,Z,"295 40049",40949,""
FIX50SP2,Z,"295 40049",40950,""
FIX50SP2,Z,"295 40049",40958,""
FIX50SP2,Z,"295 40049",40959,""
FIX50SP2,Z,"295 40049",40960,""
FIX50SP2,Z,"295 40049",40961,""
FIX50SP2,Z,"295 40049",41037,""
FIX50SP2,Z,"295 40049 41037",41051,""
FIX50SP2,Z,"295 40049 41037 41051",41054,""
FIX50SP2,Z,"295 40049",41081,""
FIX50SP2,Z,"295 40049",41085,""
FIX50SP2,Z,"295 40049",41192,""
FIX50SP2,Z,"295 40049",41220,""
FIX50SP2,Z,"295 40049",41224,""
FIX50SP2,Z,"295 40049",41227,""
FIX50SP2,Z,"295 40049",41237,""
FIX50SP2,Z,"295 40049",41241,""
FIX50SP2,Z,"295 40049",41249,""
FIX50SP2,Z,"295 40049",41277,""
FIX50SP2,Z,"295 40049",41280,""
FIX50SP2,Z,"295 40049",41289,""
FIX50SP2,Z,"295 40049 41289",41283,""
FIX50SP2,Z,"295 40049 41289 41283",41286,""
FIX50SP2,Z,"295 40049",42236,""
FIX50SP2,Z,"295 40049",42272,""
FIX50SP2,Z,"295 40049",42274,""
FIX50SP2,Z,"295 40049 42274",42294,""
FIX50SP2,Z,"295 40049",42606,""
FIX50SP2,Z,"295 40049",42620,""
FIX50SP2,Z,"295 40049",42660,""
FIX50SP2,Z,"295 40049",42683,""
FIX50SP2,Z,"295 40049",42735,""
FIX50SP2,Z,"295 40049 42735",42709,""
FIX50SP2,Z,"295 40049 42735 42709",42770,""
FIX50SP2,Z,"295 40049 42735 42709",42772,""
FIX50SP2,Z,"295 40049 42735",42731,""
FIX50SP2,Z,"295 40049 42735",42761,""
FIX50SP2,Z,"295 40049 42735",42765,""
FIX50SP2,Z,"295",40090,""
FIX50SP2,Z,"295 40090",40142,""
FIX50SP2,Z,"295 40090",40171,""
FIX50SP2,Z,"295 40090",40174,""
FIX50SP2,Z,"295 40090 40174",40178,""
FIX50SP2,Z,"295 40090",40952,""
FIX50SP2,Z,"295 40090",40953,""
FIX50SP2,Z,"295 40090",40954,""
FIX50SP2,Z,"295 40090",40955,""
FIX50SP2,Z,"295 40090",40956,""
FIX50SP2,Z,"295 40090",40957,""
FIX50SP2,Z,"295",40181,""
FIX50SP2,Z,"295 40181",40191,""
FIX50SP2,Z,"295 40181 40191",40199,""
FIX50SP2,Z,"295 40181",40201,""
FIX50SP2,Z,"295 40181",40951,""
FIX50SP2,Z,"295",40204,""
FIX50SP2,Z,"295 40204",40209,""
FIX50SP2,Z,"295",40278,""
FIX50SP2,Z,"295",41092,""
FIX50SP2,Z,"295",41094,""
FIX50SP2,Z,"295",41096,""
FIX50SP2,Z,"295",41116,""
FIX50SP2,Z,"295",41137,""
FIX50SP2,Z,"295",41140,""
FIX50SP2,Z,"295",41152,""
FIX50SP2,Z,"295",41230,""
FIX50SP2,Z,"295",42296,""
FIX50SP2,Z,"295",42775,""
FIX50SP2,Z,"",453,""
FIX50SP2,Z,"453",802,""
FIX50SP2,Z,"",1461,""
FIX50SP2,Z,"1461",2433,""
FIX50SP2,a,"",453,""
FIX50SP2,a,"453",802,""
FIX50SP2,a,"",454,""
FIX50SP2,a,"",555,""
FIX50SP2,a,"555",604,""
FIX50SP2,a,"555",2059,""
FIX50SP2,a,"555",2076,""
FIX50SP2,a,"555",2218,""
FIX50SP2,a,"555 2218",2250,""
FIX50SP2,a,"555 2218 2250",2253,""
FIX50SP2,a,"555 2218",41366,""
FIX50SP2,a,"555 2218 41366",41374,""
FIX50SP2,a,"555 2218",41379,""
FIX50SP2,a,"555 2218 41379",41363,""
FIX50SP2,a,"555 2218 41379",41376,""
FIX50SP2,a,"555 2218 41379",41400,""
FIX50SP2,a,"555 2218",41382,""
FIX50SP2,a,"555 2218",41387,""
FIX50SP2,a,"555 2218",41398,""
FIX50SP2,a,"555",2254,""
FIX50SP2,a,"555 2254",2258,""
FIX50SP2,a,"555",2308,""
FIX50SP2,a,"555",40241,""
FIX50SP2,a,"555 40241",40367,""
FIX50SP2,a,"555 40241",40374,""
FIX50SP2,a,"555 40241 40374",40414,""
FIX50SP2,a,"555 40241 40374",40927,""
FIX50SP2,a,"555 40241 40374",40928,""
FIX50SP2,a,"555 40241 40374",41530,""
FIX50SP2,a,"555 40241",40418,""
FIX50SP2,a,"555 40241 40418",42495,""
FIX50SP2,a,"555 40241 40418",42504,""
FIX50SP2,a,"555 40241",40902,""
FIX50SP2,a,"555 40241",40929,""
FIX50SP2,a,"555 40241",40930,""
FIX50SP2,a,"555 40241",40931,""
FIX50SP2,a,"555 40241",40932,""
FIX50SP2,a,"555 40241",40933,""
FIX50SP2,a,"555 40241",40940,""
FIX50SP2,a,"555 40241",40941,""
FIX50SP2,a,"555 40241",40942,""
FIX50SP2,a,"555 40241",40943,""
FIX50SP2,a,"555 40241",41408,""
FIX50SP2,a,"555 40241 41408",41422,""
FIX50SP2,a,"555 40241 41408 41422",41425,""
FIX50SP2,a,"555 40241",41452,""
FIX50SP2,a,"555 40241",41456,""
FIX50SP2,a,"555 40241",41460,""
FIX50SP2,a,"555 40241",41561,""
FIX50SP2,a,"555 40241",41589,""
FIX50SP2,a,"555 40241",41593,""
FIX50SP2,a,"555 40241",41596,""
FIX50SP2,a,"555 40241",41638,""
FIX50SP2,a,"555 40241",41646,""
FIX50SP2,a,"555 40241",41674,""
FIX50SP2,a,"555 40241",41677,""
FIX50SP2,a,"555 40241",41686,""
FIX50SP2,a,"555 40241 41686",41680,""
FIX50SP2,a,"555 40241 41686 41680",41683,""
FIX50SP2,a,"555 40241",42310,""
FIX50SP2,a,"555 40241",42364,""
FIX50SP2,a,"555 40241",42366,""
FIX50SP2,a,"555 40241 42366",42386,""
FIX50SP2,a,"555 40241",42405,""
FIX50SP2,a,"555 40241",42419,""
FIX50SP2,a,"555 40241",42459,""
FIX50SP2,a,"555 40241",42485,""
FIX50SP2,a,"555 40241",42534,""
FIX50SP2,a,"555 40241 42534",42508,""
FIX50SP2,a,"555 40241 42534 42508",42569,""
FIX50SP2,a,"555 40241 42534 42508",42571,""
FIX50SP2,a,"555 40241 42534",42530,""
FIX50SP2,a,"555 40241 42534",42560,""
FIX50SP2,a,"555 40241 42534",42564,""
FIX50SP2,a,"555",40448,""
FIX50SP2,a,"555 40448",40473,""
FIX50SP2,a,"555 40448",40495,""
FIX50SP2,a,"555 40448",40533,""
FIX50SP2,a,"555 40448 40533",40537,""
FIX50SP2,a,"555 40448",40934,""
FIX50SP2,a,"555 40448",40935,""
FIX50SP2,a,"555 40448",40936,""
FIX50SP2,a,"555 40448",40937,""
FIX50SP2,a,"555 40448",40938,""
FIX50SP2,a,"555 40448",40939,""
FIX50SP2,a,"555",40923,""
FIX50SP2,a,"555",41335,""
FIX50SP2,a,"555 41335",41316,""
FIX50SP2,a,"555",41344,""
FIX50SP2,a,"555 41344",41342,""
FIX50SP2,a,"555 41344",42306,""
FIX50SP2,a,"555",41467,""
FIX50SP2,a,"555",41469,""
FIX50SP2,a,"555",41471,""
FIX50SP2,a,"555",41491,""
FIX50SP2,a,"555",41512,""
FIX50SP2,a,"555",41515,""
FIX50SP2,a,"555",41527,""
FIX50SP2,a,"555",41599,""
FIX50SP2,a,"555 41599",41604,""
FIX50SP2,a,"555",41607,""
FIX50SP2,a,"555",41616,""
FIX50SP2,a,"555 41616",41614,""
FIX50SP2,a,"555 41616",41625,""
FIX50SP2,a,"555 41616 41625",41633,""
FIX50SP2,a,"555 41616",41635,""
FIX50SP2,a,"555",42198,""
FIX50SP2,a,"555",42200,""
FIX50SP2,a,"555",42203,""
FIX50SP2,a,"555",42388,""
FIX50SP2,a,"555",42581,""
FIX50SP2,a,"",711,""
FIX50SP2,a,"711",457,""
FIX50SP2,a,"711",887,""
FIX50SP2,a,"711",1058,""
FIX50SP2,a,"711 1058",1062,""
FIX50SP2,a,"711",1981,""
FIX50SP2,a,"711",2045,""
FIX50SP2,a,"711 2045",2053,""
FIX50SP2,a,"711 2045 2053",2056,""
FIX50SP2,a,"711 2045",41716,""
FIX50SP2,a,"711 2045 41716",41724,""
FIX50SP2,a,"711 2045",41729,""
FIX50SP2,a,"711 2045 41729",41713,""
FIX50SP2,a,"711 2045 41729",41726,""
FIX50SP2,a,"711 2045 41729",41750,""
FIX50SP2,a,"711 2045",41732,""
FIX50SP2,a,"711 2045",41737,""
FIX50SP2,a,"711 2045",41748,""
FIX50SP2,a,"711",2080,""
FIX50SP2,a,"711",2312,""
FIX50SP2,a,"711",40540,""
FIX50SP2,a,"711 40540",40656,""
FIX50SP2,a,"711 40540",40659,""
FIX50SP2,a,"711 40540",40664,""
FIX50SP2,a,"711 40540 40664",40704,""
FIX50SP2,a,"711 40540 40664",40966,""
FIX50SP2,a,"711 40540 40664",40967,""
FIX50SP2,a,"711 40540 40664",41878,""
FIX50SP2,a,"711 40540",40708,""
FIX50SP2,a,"711 40540 40708",42991,""
FIX50SP2,a,"711 40540 40708",43000,""
FIX50SP2,a,"711 40540",40968,""
FIX50SP2,a,"711 40540",40969,""
FIX50SP2,a,"711 40540",40970,""
FIX50SP2,a,"711 40540",40971,""
FIX50SP2,a,"711 40540",40972,""
FIX50SP2,a,"711 40540",40973,""
FIX50SP2,a,"711 40540",40974,""
FIX50SP2,a,"711 40540",40975,""
FIX50SP2,a,"711 40540",40976,""
FIX50SP2,a,"711 40540",41756,""
FIX50SP2,a,"711 40540 41756",41770,""
FIX50SP2,a,"711 40540 41756 41770",41773,""
FIX50SP2,a,"711 40540",41800,""
FIX50SP2,a,"711 40540",41804,""
FIX50SP2,a,"711 40540",41808,""
FIX50SP2,a,"711 40540",41909,""
FIX50SP2,a,"711 40540",41937,""
FIX50SP2,a,"711 40540",41941,""
FIX50SP2,a,"711 40540",41944,""
FIX50SP2,a,"711 40540",41954,""
FIX50SP2,a,"711 40540",41962,""
FIX50SP2,a,"711 40540",41990,""
FIX50SP2,a,"711 40540",41993,""
FIX50SP2,a,"711 40540",42002,""
FIX50SP2,a,"711 40540 42002",41996,""
FIX50SP2,a,"711 40540 42002 41996",41999,""
FIX50SP2,a,"711 40540",42799,""
FIX50SP2,a,"711 40540",42853,""
FIX50SP2,a,"711 40540",42862,""
FIX50SP2,a,"711 40540 42862",42882,""
FIX50SP2,a,"711 40540",42901,""
FIX50SP2,a,"711 40540",42915,""
FIX50SP2,a,"711 40540",42955,""
FIX50SP2,a,"711 40540",42981,""
FIX50SP2,a,"711 40540",43034,""
FIX50SP2,a,"711 40540 43034",43008,""
FIX50SP2,a,"711 40540 43034 43008",43069,""
FIX50SP2,a,"711 40540 43034 43008",43071,""
FIX50SP2,a,"711 40540 43034",43030,""
FIX50SP2,a,"711 40540 43034",43060,""
FIX50SP2,a,"711 40540 43034",43064,""
FIX50SP2,a,"711",40962,""
FIX50SP2,a,"711",41820,""
FIX50SP2,a,"711",41841,""
FIX50SP2,a,"711",41844,""
FIX50SP2,a,"711",41856,""
FIX50SP2,a,"711",41864,""
FIX50SP2,a,"711",41866,""
FIX50SP2,a,"711",41868,""
FIX50SP2,a,"711",41947,""
FIX50SP2,a,"711",42036,""
FIX50SP2,a,"711 42036",41340,""
FIX50SP2,a,"711",42041,""
FIX50SP2,a,"711 42041",42039,""
FIX50SP2,a,"711 42041",42788,""
FIX50SP2,a,"711",42060,""
FIX50SP2,a,"711 42060",42065,""
FIX50SP2,a,"711",42068,""
FIX50SP2,a,"711 42068",42077,""
FIX50SP2,a,"711 42068 42077",42085,""
FIX50SP2,a,"711 42068",42087,""
FIX50SP2,a,"711 42068",42090,""
FIX50SP2,a,"711",42149,""
FIX50SP2,a,"711 42149",42099,""
FIX50SP2,a,"711 42149",42112,""
FIX50SP2,a,"711 42149",42173,""
FIX50SP2,a,"711 42149 42173",42177,""
FIX50SP2,a,"711 42149",42180,""
FIX50SP2,a,"711 42149",42182,""
FIX50SP2,a,"711 42149",42184,""
FIX50SP2,a,"711 42149",42186,""
FIX50SP2,a,"711 42149",42188,""
FIX50SP2,a,"711 42149",42190,""
FIX50SP2,a,"711",42855,""
FIX50SP2,a,"711",42884,""
FIX50SP2,a,"711",43005,""
FIX50SP2,a,"711",43074,""
FIX50SP2,a,"",864,""
FIX50SP2,a,"",1018,""
FIX50SP2,a,"1018",1052,""
FIX50SP2,a,"",1461,""
FIX50SP2,a,"1461",2433,""
FIX50SP2,a,"",1483,""
FIX50SP2,a,"1483",1491,""
FIX50SP2,a,"1483 1491",1494,""
FIX50SP2,a,"1483",40997,""
FIX50SP2,a,"1483 40997",41005,""
FIX50SP2,a,"1483",41010,""
FIX50SP2,a,"1483 41010",40994,""
FIX50SP2,a,"1483 41010",41007,""
FIX50SP2,a,"1483 41010",41031,""
FIX50SP2,a,"1483",41013,""
FIX50SP2,a,"1483",41018,""
FIX50SP2,a,"1483",41029,""
FIX50SP2,a,"",1976,""
FIX50SP2,a,"",2304,""
FIX50SP2,a,"",40019,""
FIX50SP2,a,"40019",40000,""
FIX50SP2,a,"",40022,""
FIX50SP2,a,"40022",40277,""
FIX50SP2,a,"40022",42214,""
FIX50SP2,a,"",40040,""
FIX50SP2,a,"",40042,""
FIX50SP2,a,"",40046,""
FIX50SP2,a,"",40049,""
FIX50SP2,a,"40049",40085,""
FIX50SP2,a,"40049",40825,""
FIX50SP2,a,"40049",40828,""
FIX50SP2,a,"40049 40828",40868,""
FIX50SP2,a,"40049 40828",40945,""
FIX50SP2,a,"40049 40828",40977,""
FIX50SP2,a,"40049 40828",41161,""
FIX50SP2,a,"40049",40872,""
FIX50SP2,a,"40049 40872",42696,""
FIX50SP2,a,"40049 40872",42705,""
FIX50SP2,a,"40049",40946,""
FIX50SP2,a,"40049",40947,""
FIX50SP2,a,"40049",40948,""
FIX50SP2,a,"40049",40949,""
FIX50SP2,a,"40049",40950,""
FIX50SP2,a,"40049",40958,""
FIX50SP2,a,"40049",40959,""
FIX50SP2,a,"40049",40960,""
FIX50SP2,a,"40049",40961,""
FIX50SP2,a,"40049",41037,""
FIX50SP2,a,"40049 41037",41051,""
FIX50SP2,a,"40049 41037 41051",41054,""
FIX50SP2,a,"40049",41081,""
FIX50SP2,a,"40049",41085,""
FIX50SP2,a,"40049",41192,""
FIX50SP2,a,"40049",41220,""
FIX50SP2,a,"40049",41224,""
FIX50SP2,a,"40049",41227,""
FIX50SP2,a,"40049",41237,""
FIX50SP2,a,"40049",41241,""
FIX50SP2,a,"40049",41249,""
FIX50SP2,a,"40049",41277,""
FIX50SP2,a,"40049",41280,""
FIX50SP2,a,"40049",41289,""
FIX50SP2,a,"40049 41289",41283,""
FIX50SP2,a,"40049 41289 41283",41286,""
FIX50SP2,a,"40049",42236,""
FIX50SP2,a,"40049",42272,""
FIX50SP2,a,"40049",42274,""
FIX50SP2,a,"40049 42274",42294,""
FIX50SP2,a,"40049",42606,""
FIX50SP2,a,"40049",42620,""
FIX50SP2,a,"40049",42660,""
FIX50SP2,a,"40049",42683,""
FIX50SP2,a,"40049",42735,""
FIX50SP2,a,"40049 42735",42709,""
FIX50SP2,a,"40049 42735 42709",42770,""
FIX50SP2,a,"40049 42735 42709",42772,""
FIX50SP2,a,"40049 42735",42731,""
FIX50SP2,a,"40049 42735",42761,""
FIX50SP2,a,"40049 42735",42765,""
FIX50SP2,a,"",40090,""
FIX50SP2,a,"40090",40142,""
FIX50SP2,a,"40090",40171,""
FIX50SP2,a,"40090",40174,""
FIX50SP2,a,"40090 40174",40178,""
FIX50SP2,a,"40090",40952,""
FIX50SP2,a,"40090",40953,""
FIX50SP2,a,"40090",40954,""
FIX50SP2,a,"40090",40955,""
FIX50SP2,a,"40090",40956,""
FIX50SP2,a,"40090",40957,""
FIX50SP2,a,"",40181,""
FIX50SP2,a,"40181",40191,""
FIX50SP2,a,"40181 40191",40199,""
FIX50SP2,a,"40181",40201,""
FIX50SP2,a,"40181",40951,""
FIX50SP2,a,"",40204,""
FIX50SP2,a,"40204",40209,""
FIX50SP2,a,"",40278,""
FIX50SP2,a,"",41092,""
FIX50SP2,a,"",41094,""
FIX50SP2,a,"",41096,""
FIX50SP2,a,"",41116,""
FIX50SP2,a,"",41137,""
FIX50SP2,a,"",41140,""
FIX50SP2,a,"",41152,""
FIX50SP2,a,"",41230,""
FIX50SP2,a,"",42296,""
FIX50SP2,a,"",42775,""
FIX50SP2,b,"",296,""
FIX50SP2,b,"296",295,""
FIX50SP2,b,"296 295",454,""
FIX50SP2,b,"296 295",555,""
FIX50SP2,b,"296 295 555",604,""
FIX50SP2,b,"296 295 555",2059,""
FIX50SP2,b,"296 295 555",2076,""
FIX50SP2,b,"296 295 555",2218,""
FIX50SP2,b,"296 295 555 2218",2250,""
FIX50SP2,b,"296 295 555 2218 2250",2253,""
FIX50SP2,b,"296 295 555 2218",41366,""
FIX50SP2,b,"296 295 555 2218 41366",41374,""
FIX50SP2,b,"296 295 555 2218",41379,""
FIX50SP2,b,"296 295 555 2218 41379",41363,""
FIX50SP2,b,"296 295 555 2218 41379",41376,""
FIX50SP2,b,"296 295 555 2218 41379",41400,""
FIX50SP2,b,"296 295 555 2218",41382,""
FIX50SP2,b,"296 295 555 2218",41387,""
FIX50SP2,b,"296 295 555 2218",41398,""
FIX50SP2,b,"296 295 555",2254,""
FIX50SP2,b,"296 295 555 2254",2258,""
FIX50SP2,b,"296 295 555",2308,""
FIX50SP2,b,"296 295 555",40241,""
FIX50SP2,b,"296 295 555 40241",40367,""
FIX50SP2,b,"296 295 555 40241",40374,""
FIX50SP2,b,"296 295 555 40241 40374",40414,""
FIX50SP2,b,"296 295 555 40241 40374",40927,""
FIX50SP2,b,"296 295 555 40241 40374",40928,""
FIX50SP2,b,"296 295 555 40241 40374",41530,""
FIX50SP2,b,"296 295 555 40241",40418,""
FIX50SP2,b,"296 295 555 40241 40418",42495,""
FIX50SP2,b,"296 295 555 40241 40418",42504,""
FIX50SP2,b,"296 295 555 40241",40902,""
FIX50SP2,b,"296 295 555 40241",40929,""
FIX50SP2,b,"296 295 555 40241",40930,""
FIX50SP2,b,"296 295 555 40241",40931,""
FIX50SP2,b,"296 295 555 40241",40932,""
FIX50SP2,b,"296 295 555 40241",40933,""
FIX50SP2,b,"296 295 555 40241",40940,""
FIX50SP2,b,"296 295 555 40241",40941,""
FIX50SP2,b,"296 295 555 40241",40942,""
FIX50SP2,b,"296 295 555 40241",40943,""
FIX50SP2,b,"296 295 555 40241",41408,""
FIX50SP2,b,"296 295 555 40241 41408",41422,""
FIX50SP2,b,"296 295 555 40241 41408 41422",41425,""
FIX50SP2,b,"296 295 555 40241",41452,""
FIX50SP2,b,"296 295 555 40241",41456,""
FIX50SP2,b,"296 295 555 40241",41460,""
FIX50SP2,b,"296 295 555 40241",41561,""
FIX50SP2,b,"296 295 555 40241",41589,""
FIX50SP2,b,"296 295 555 40241",41593,""
FIX50SP2,b,"296 295 555 40241",41596,""
FIX50SP2,b,"296 295 555 40241",41638,""
FIX50SP2,b,"296 295 555 40241",41646,""
FIX50SP2,b,"296 295 555 40241",41674,""
FIX50SP2,b,"296 295 555 40241",41677,""
FIX50SP2,b,"296 295 555 40241",41686,""
FIX50SP2,b,"296 295 555 40241 41686",41680,""
FIX50SP2,b,"296 295 555 40241 41686 41680",41683,""
FIX50SP2,b,"296 295 555 40241",42310,""
FIX50SP2,b,"296 295 555 40241",42364,""
FIX50SP2,b,"296 295 555 40241",42366,""
FIX50SP2,b,"296 295 555 40241 42366",42386,""
FIX50SP2,b,"296 295 555 40241",42405,""
FIX50SP2,b,"296 295 555 40241",42419,""
FIX50SP2,b,"296 295 555 40241",42459,""
FIX50SP2,b,"296 295 555 40241",42485,""
FIX50SP2,b,"296 295 555 40241",42534,""
FIX50SP2,b,"296 295 555 40241 42534",42508,""
FIX50SP2,b,"296 295 555 40241 42534 42508",42569,""
FIX50SP2,b,"296 295 555 40241 42534 42508",42571,""
FIX50SP2,b,"296 295 555 40241 42534",42530,""
FIX50SP2,b,"296 295 555 40241 42534",42560,""
FIX50SP2,b,"296 295 555 40241 42534",42564,""
FIX50SP2,b,"296 295 555",40448,""
FIX50SP2,b,"296 295 555 40448",40473,""
FIX50SP2,b,"296 295 555 40448",40495,""
FIX50SP2,b,"296 295 555 40448",40533,""
FIX50SP2,b,"296 295 555 40448 40533",40537,""
FIX50SP2,b,"296 295 555 40448",40934,""
FIX50SP2,b,"296 295 555 40448",40935,""
FIX50SP2,b,"296 295 555 40448",40936,""
FIX50SP2,b,"296 295 555 40448",40937,""
FIX50SP2,b,"296 295 555 40448",40938,""
FIX50SP2,b,"296 295 555 40448",40939,""
FIX50SP2,b,"296 295 555",40923,""
FIX50SP2,b,"296 295 555",41335,""
FIX50SP2,b,"296 295 555 41335",41316,""
FIX50SP2,b,"296 295 555",41344,""
FIX50SP2,b,"296 295 555 41344",41342,""
FIX50SP2,b,"296 295 555 41344",42306,""
FIX50SP2,b,"296 295 555",41467,""
FIX50SP2,b,"296 295 555",41469,""
FIX50SP2,b,"296 295 555",41471,""
FIX50SP2,b,"296 295 555",41491,""
FIX50SP2,b,"296 295 555",41512,""
FIX50SP2,b,"296 295 555",41515,""
FIX50SP2,b,"296 295 555",41527,""
FIX50SP2,b,"296 295 555",41599,""
FIX50SP2,b,"296 295 555 41599",41604,""
FIX50SP2,b,"296 295 555",41607,""
FIX50SP2,b,"296 295 555",41616,""
FIX50SP2,b,"296 295 555 41616",41614,""
FIX50SP2,b,"296 295 555 41616",41625,""
FIX50SP2,b,"296 295 555 41616 41625",41633,""
FIX50SP2,b,"296 295 555 41616",41635,""
FIX50SP2,b,"296 295 555",42198,""
FIX50SP2,b,"296 295 555",42200,""
FIX50SP2,b,"296 295 555",42203,""
FIX50SP2,b,"296 295 555",42388,""
FIX50SP2,b,"296 295 555",42581,""
FIX50SP2,b,"296 295",864,""
FIX50SP2,b,"296 295",1018,""
FIX50SP2,b,"296 295 1018",1052,""
FIX50SP2,b,"296 295",1483,""
FIX50SP2,b,"296 295 1483",1491,""
FIX50SP2,b,"296 295 1483 1491",1494,""
FIX50SP2,b,"296 295 1483",40997,""
FIX50SP2,b,"296 295 1483 40997",41005,""
FIX50SP2,b,"296 295 1483",41010,""
FIX50SP2,b,"296 295 1483 41010",40994,""
FIX50SP2,b,"296 295 1483 41010",41007,""
FIX50SP2,b,"296 295 1483 41010",41031,""
FIX50SP2,b,"296 295 1483",41013,""
FIX50SP2,b,"296 295 1483",41018,""
FIX50SP2,b,"296 295 1483",41029,""
FIX50SP2,b,"296 295",1976,""
FIX50SP2,b,"296 295",2304,""
FIX50SP2,b,"296 295",40019,""
FIX50SP2,b,"296 295 40019",40000,""
FIX50SP2,b,"296 295",40022,""
FIX50SP2,b,"296 295 40022",40277,""
FIX50SP2,b,"296 295 40022",42214,""
FIX50SP2,b,"296 295",40049,""
FIX50SP2,b,"296 295 40049",40085,""
FIX50SP2,b,"296 295 40049",40825,""
FIX50SP2,b,"296 295 40049",40828,""
FIX50SP2,b,"296 295 40049 40828",40868,""
FIX50SP2,b,"296 295 40049 40828",40945,""
FIX50SP2,b,"296 295 40049 40828",40977,""
FIX50SP2,b,"296 295 40049 40828",41161,""
FIX50SP2,b,"296 295 40049",40872,""
FIX50SP2,b,"296 295 40049 40872",42696,""
FIX50SP2,b,"296 295 40049 40872",42705,""
FIX50SP2,b,"296 295 40049",40946,""
FIX50SP2,b,"296 295 40049",40947,""
FIX50SP2,b,"296 295 40049",40948,""
FIX50SP2,b,"296 295 40049",40949,""
FIX50SP2,b,"296 295 40049",40950,""
FIX50SP2,b,"296 295 40049",40958,""
FIX50SP2,b,"296 295 40049",40959,""
FIX50SP2,b,"296 295 40049",40960,""
FIX50SP2,b,"296 295 40049",40961,""
FIX50SP2,b,"296 295 40049",41037,""
FIX50SP2,b,"296 295 40049 41037",41051,""
FIX50SP2,b,"296 295 40049 41037 41051",41054,""
FIX50SP2,b,"296 295 40049",41081,""
FIX50SP2,b,"296 295 40049",41085,""
FIX50SP2,b,"296 295 40049",41192,""
FIX50SP2,b,"296 295 40049",41220,""
FIX50SP2,b,"296 295 40049",41224,""
FIX50SP2,b,"296 295 40049",41227,""
FIX50SP2,b,"296 295 40049",41237,""
FIX50SP2,b,"296 295 40049",41241,""
FIX50SP2,b,"296 295 40049",41249,""
FIX50SP2,b,"296 295 40049",41277,""
FIX50SP2,b,"296 295 40049",41280,""
FIX50SP2,b,"296 295 40049",41289,""
FIX50SP2,b,"296 295 40049 41289",41283,""
FIX50SP2,b,"296 295 40049 41289 41283",41286,""
FIX50SP2,b,"296 295 40049",42236,""
FIX50SP2,b,"296 295 40049",42272,""
FIX50SP2,b,"296 295 40049",42274,""
FIX50SP2,b,"296 295 40049 42274",42294,""
FIX50SP2,b,"296 295 40049",42606,""
FIX50SP2,b,"296 295 40049",42620,""
FIX50SP2,b,"296 295 40049",42660,""
FIX50SP2,b,"296 295 40049",42683,""
FIX50SP2,b,"296 295 40049",42735,""
FIX50SP2,b,"296 295 40049 42735",42709,""
FIX50SP2,b,"296 295 40049 42735 42709",42770,""
FIX50SP2,b,"296 295 40049 42735 42709",42772,""
FIX50SP2,b,"296 295 40049 42735",42731,""
FIX50SP2,b,"296 295 40049 42735",42761,""
FIX50SP2,b,"296 295 40049 42735",42765,""
FIX50SP2,b,"296 295",40090,""
FIX50SP2,b,"296 295 40090",40142,""
FIX50SP2,b,"296 295 40090",40171,""
FIX50SP2,b,"296 295 40090",40174,""
FIX50SP2,b,"296 295 40090 40174",40178,""
FIX50SP2,b,"296 295 40090",40952,""
FIX50SP2,b,"296 295 40090",40953,""
FIX50SP2,b,"296 295 40090",40954,""
FIX50SP2,b,"296 295 40090",40955,""
FIX50SP2,b,"296 295 40090",40956,""
FIX50SP2,b,"296 295 40090",40957,""
FIX50SP2,b,"296 295",40181,""
FIX50SP2,b,"296 295 40181",40191,""
FIX50SP2,b,"296 295 40181 40191",40199,""
FIX50SP2,b,"296 295 40181",40201,""
FIX50SP2,b,"296 295 40181",40951,""
FIX50SP2,b,"296 295",40204,""
FIX50SP2,b,"296 295 40204",40209,""
FIX50SP2,b,"296 295",40278,""
FIX50SP2,b,"296 295",41092,""
FIX50SP2,b,"296 295",41094,""
FIX50SP2,b,"296 295",41096,""
FIX50SP2,b,"296 295",41116,""
FIX50SP2,b,"296 295",41137,""
FIX50SP2,b,"296 295",41140,""
FIX50SP2,b,"296 295",41152,""
FIX50SP2,b,"296 295",41230,""
FIX50SP2,b,"296 295",42296,""
FIX50SP2,b,"296 295",42775,""
FIX50SP2,b,"296",457,""
FIX50SP2,b,"296",887,""
FIX50SP2,b,"296",1058,""
FIX50SP2,b,"296 1058",1062,""
FIX50SP2,b,"296",1981,""
FIX50SP2,b,"296",2045,""
FIX50SP2,b,"296 2045",2053,""
FIX50SP2,b,"296 2045 2053",2056,""
FIX50SP2,b,"296 2045",41716,""
FIX50SP2,b,"296 2045 41716",41724,""
FIX50SP2,b,"296 2045",41729,""
FIX50SP2,b,"296 2045 41729",41713,""
FIX50SP2,b,"296 2045 41729",41726,""
FIX50SP2,b,"296 2045 41729",41750,""
FIX50SP2,b,"296 2045",41732,""
FIX50SP2,b,"296 2045",41737,""
FIX50SP2,b,"296 2045",41748,""
FIX50SP2,b,"296",2080,""
FIX50SP2,b,"296",2312,""
FIX50SP2,b,"296",40540,""
FIX50SP2,b,"296 40540",40656,""
FIX50SP2,b,"296 40540",40659,""
FIX50SP2,b,"296 40540",40664,""
FIX50SP2,b,"296 40540 40664",40704,""
FIX50SP2,b,"296 40540 40664",40966,""
FIX50SP2,b,"296 40540 40664",40967,""
FIX50SP2,b,"296 40540 40664",41878,""
FIX50SP2,b,"296 40540",40708,""
FIX50SP2,b,"296 40540 40708",42991,""
FIX50SP2,b,"296 40540 40708",43000,""
FIX50SP2,b,"296 40540",40968,""
FIX50SP2,b,"296 40540",40969,""
FIX50SP2,b,"296 40540",40970,""
FIX50SP2,b,"296 40540",40971,""
FIX50SP2,b,"296 40540",40972,""
FIX50SP2,b,"296 40540",40973,""
FIX50SP2,b,"296 40540",40974,""
FIX50SP2,b,"296 40540",40975,""
FIX50SP2,b,"296 40540",40976,""
FIX50SP2,b,"296 40540",41756,""
FIX50SP2,b,"296 40540 41756",41770,""
FIX50SP2,b,"296 40540 41756 41770",41773,""
FIX50SP2,b,"296 40540",41800,""
FIX50SP2,b,"296 40540",41804,""
FIX50SP2,b,"296 40540",41808,""
FIX50SP2,b,"296 40540",41909,""
FIX50SP2,b,"296 40540",41937,""
FIX50SP2,b,"296 40540",41941,""
FIX50SP2,b,"296 40540",41944,""
FIX50SP2,b,"296 40540",41954,""
FIX50SP2,b,"296 40540",41962,""
FIX50SP2,b,"296 40540",41990,""
FIX50SP2,b,"296 40540",41993,""
FIX50SP2,b,"296 40540",42002,""
FIX50SP2,b,"296 40540 42002",41996,""
FIX50SP2,b,"296 40540 42002 41996",41999,""
FIX50SP2,b,"296 40540",42799,""
FIX50SP2,b,"296 40540",42853,""
FIX50SP2,b,"296 40540",42862,""
FIX50SP2,b,"296 40540 42862",42882,""
FIX50SP2,b,"296 40540",42901,""
FIX50SP2,b,"296 40540",42915,""
FIX50SP2,b,"296 40540",42955,""
FIX50SP2,b,"296 40540",42981,""
FIX50SP2,b,"296 40540",43034,""
FIX50SP2,b,"296 40540 43034",43008,""
FIX50SP2,b,"296 40540 43034 43008",43069,""
FIX50SP2,b,"296 40540 43034 43008",43071,""
FIX50SP2,b,"296 40540 43034",43030,""
FIX50SP2,b,"296 40540 43034",43060,""
FIX50SP2,b,"296 40540 43034",43064,""
FIX50SP2,b,"296",40962,""
FIX50SP2,b,"296",41820,""
FIX50SP2,b,"296",41841,""
FIX50SP2,b,"296",41844,""
FIX50SP2,b,"296",41856,""
FIX50SP2,b,"296",41864,""
FIX50SP2,b,"296",41866,""
FIX50SP2,b,"296",41868,""
FIX50SP2,b,"296",41947,""
FIX50SP2,b,"296",42036,""
FIX50SP2,b,"296 42036",41340,""
FIX50SP2,b,"296",42041,""
FIX50SP2,b,"296 42041",42039,""
FIX50SP2,b,"296 42041",42788,""
FIX50SP2,b,"296",42060,""
FIX50SP2,b,"296 42060",42065,""
FIX50SP2,b,"296",42068,""
FIX50SP2,b,"296 42068",42077,""
FIX50SP2,b,"296 42068 42077",42085,""
FIX50SP2,b,"296 42068",42087,""
FIX50SP2,b,"296 42068",42090,""
FIX50SP2,b,"296",42149,""
FIX50SP2,b,"296 42149",42099,""
FIX50SP2,b,"296 42149",42112,""
FIX50SP2,b,"296 42149",42173,""
FIX50SP2,b,"296 42149 42173",42177,""
FIX50SP2,b,"296 42149",42180,""
FIX50SP2,b,"296 42149",42182,""
FIX50SP2,b,"296 42149",42184,""
FIX50SP2,b,"296 42149",42186,""
FIX50SP2,b,"296 42149",42188,""
FIX50SP2,b,"296 42149",42190,""
FIX50SP2,b,"296",42855,""
FIX50SP2,b,"296",42884,""
FIX50SP2,b,"296",43005,""
FIX50SP2,b,"296",43074,""
FIX50SP2,b,"",453,""
FIX50SP2,b,"453",802,""
FIX50SP2,b,"",1461,""
FIX50SP2,b,"1461",2433,""
FIX50SP2,c,"",232,""
FIX50SP2,c,"",454,""
FIX50SP2,c,"",555,""
FIX50SP2,c,"555",604,""
FIX50SP2,c,"555",2059,""
FIX50SP2,c,"555",2076,""
FIX50SP2,c,"555",2218,""
FIX50SP2,c,"555 2218",2250,""
FIX50SP2,c,"555 2218 2250",2253,""
FIX50SP2,c,"555 2218",41366,""
FIX50SP2,c,"555 2218 41366",41374,""
FIX50SP2,c,"555 2218",41379,""
FIX50SP2,c,"555 2218 41379",41363,""
FIX50SP2,c,"555 2218 41379",41376,""
FIX50SP2,c,"555 2218 41379",41400,""
FIX50SP2,c,"555 2218",41382,""
FIX50SP2,c,"555 2218",41387,""
FIX50SP2,c,"555 2218",41398,""
FIX50SP2,c,"555",2254,""
FIX50SP2,c,"555 2254",2258,""
FIX50SP2,c,"555",2308,""
FIX50SP2,c,"555",40241,""
FIX50SP2,c,"555 40241",40367,""
FIX50SP2,c,"555 40241",40374,""
FIX50SP2,c,"555 40241 40374",40414,""
FIX50SP2,c,"555 40241 40374",40927,""
FIX50SP2,c,"555 40241 40374",40928,""
FIX50SP2,c,"555 40241 40374",41530,""
FIX50SP2,c,"555 40241",40418,""
FIX50SP2,c,"555 40241 40418",42495,""
FIX50SP2,c,"555 40241 40418",42504,""
FIX50SP2,c,"555 40241",40902,""
FIX50SP2,c,"555 40241",40929,""
FIX50SP2,c,"555 40241",40930,""
FIX50SP2,c,"555 40241",40931,""
FIX50SP2,c,"555 40241",40932,""
FIX50SP2,c,"555 40241",40933,""
FIX50SP2,c,"555 40241",40940,""
FIX50SP2,c,"555 40241",40941,""
FIX50SP2,c,"555 40241",40942,""
FIX50SP2,c,"555 40241",40943,""
FIX50SP2,c,"555 40241",41408,""
FIX50SP2,c,"555 40241 41408",41422,""
FIX50SP2,c,"555 40241 41408 41422",41425,""
FIX50SP2,c,"555 40241",41452,""
FIX50SP2,c,"555 40241",41456,""
FIX50SP2,c,"555 40241",41460,""
FIX50SP2,c,"555 40241",41561,""
FIX50SP2,c,"555 40241",41589,""
FIX50SP2,c,"555 40241",41593,""
FIX50SP2,c,"555 40241",41596,""
FIX50SP2,c,"555 40241",41638,""
FIX50SP2,c,"555 40241",41646,""
FIX50SP2,c,"555 40241",41674,""
FIX50SP2,c,"555 40241",41677,""
FIX50SP2,c,"555 40241",41686,""
FIX50SP2,c,"555 40241 41686",41680,""
FIX50SP2,c,"555 40241 41686 41680",41683,""
FIX50SP2,c,"555 40241",42310,""
FIX50SP2,c,"555 40241",42364,""
FIX50SP2,c,"555 40241",42366,""
FIX50SP2,c,"555 40241 42366",42386,""
FIX50SP2,c,"555 40241",42405,""
FIX50SP2,c,"555 40241",42419,""
FIX50SP2,c,"555 40241",42459,""
FIX50SP2,c,"555 40241",42485,""
FIX50SP2,c,"555 40241",42534,""
FIX50SP2,c,"555 40241 42534",42508,""
FIX50SP2,c,"555 40241 42534 42508",42569,""
FIX50SP2,c,"555 40241 42534 42508",42571,""
FIX50SP2,c,"555 40241 42534",42530,""
FIX50SP2,c,"555 40241 42534",42560,""
FIX50SP2,c,"555 40241 42534",42564,""
FIX50SP2,c,"555",40448,""
FIX50SP2,c,"555 40448",40473,""
FIX50SP2,c,"555 40448",40495,""
FIX50SP2,c,"555 40448",40533,""
FIX50SP2,c,"555 40448 40533",40537,""
FIX50SP2,c,"555 40448",40934,""
FIX50SP2,c,"555 40448",40935,""
FIX50SP2,c,"555 40448",40936,""
FIX50SP2,c,"555 40448",40937,""
FIX50SP2,c,"555 40448",40938,""
FIX50SP2,c,"555 40448",40939,""
FIX50SP2,c,"555",40923,""
FIX50SP2,c,"555",41335,""
FIX50SP2,c,"555 41335",41316,""
FIX50SP2,c,"555",41344,""
FIX50SP2,c,"555 41344",41342,""
FIX50SP2,c,"555 41344",42306,""
FIX50SP2,c,"555",41467,""
FIX50SP2,c,"555",41469,""
FIX50SP2,c,"555",41471,""
FIX50SP2,c,"555",41491,""
FIX50SP2,c,"555",41512,""
FIX50SP2,c,"555",41515,""
FIX50SP2,c,"555",41527,""
FIX50SP2,c,"555",41599,""
FIX50SP2,c,"555 41599",41604,""
FIX50SP2,c,"555",41607,""
FIX50SP2,c,"555",41616,""
FIX50SP2,c,"555 41616",41614,""
FIX50SP2,c,"555 41616",41625,""
FIX50SP2,c,"555 41616 41625",41633,""
FIX50SP2,c,"555 41616",41635,""
FIX50SP2,c,"555",42198,""
FIX50SP2,c,"555",42200,""
FIX50SP2,c,"555",42203,""
FIX50SP2,c,"555",42388,""
FIX50SP2,c,"555",42581,""
FIX50SP2,c,"",711,""
FIX50SP2,c,"711",457,""
FIX50SP2,c,"711",887,""
FIX50SP2,c,"711",1058,""
FIX50SP2,c,"711 1058",1062,""
FIX50SP2,c,"711",1981,""
FIX50SP2,c,"711",2045,""
FIX50SP2,c,"711 2045",2053,""
FIX50SP2,c,"711 2045 2053",2056,""
FIX50SP2,c,"711 2045",41716,""
FIX50SP2,c,"711 2045 41716",41724,""
FIX50SP2,c,"711 2045",41729,""
FIX50SP2,c,"711 2045 41729",41713,""
FIX50SP2,c,"711 2045 41729",41726,""
FIX50SP2,c,"711 2045 41729",41750,""
FIX50SP2,c,"711 2045",41732,""
FIX50SP2,c,"711 2045",41737,""
FIX50SP2,c,"711 2045",41748,""
FIX50SP2,c,"711",2080,""
FIX50SP2,c,"711",2312,""
FIX50SP2,c,"711",40540,""
FIX50SP2,c,"711 40540",40656,""
FIX50SP2,c,"711 40540",40659,""
FIX50SP2,c,"711 40540",40664,""
FIX50SP2,c,"711 40540 40664",40704,""
FIX50SP2,c,"711 40540 40664",40966,""
FIX50SP2,c,"711 40540 40664",40967,""
FIX50SP2,c,"711 40540 40664",41878,""
FIX50SP2,c,"711 40540",40708,""
FIX50SP2,c,"711 40540 40708",42991,""
FIX50SP2,c,"711 40540 40708",43000,""
FIX50SP2,c,"711 40540",40968,""
FIX50SP2,c,"711 40540",40969,""
FIX50SP2,c,"711 40540",40970,""
FIX50SP2,c,"711 40540",40971,""
FIX50SP2,c,"711 40540",40972,""
FIX50SP2,c,"711 40540",40973,""
FIX50SP2,c,"711 40540",40974,""
FIX50SP2,c,"711 40540",40975,""
FIX50SP2,c,"711 40540",40976,""
FIX50SP2,c,"711 40540",41756,""
FIX50SP2,c,"711 40540 41756",41770,""
FIX50SP2,c,"711 40540 41756 41770",41773,""
FIX50SP2,c,"711 40540",41800,""
FIX50SP2,c,"711 40540",41804,""
FIX50SP2,c,"711 40540",41808,""
FIX50SP2,c,"711 40540",41909,""
FIX50SP2,c,"711 40540",41937,""
FIX50SP2,c,"711 40540",41941,""
FIX50SP2,c,"711 40540",41944,""
FIX50SP2,c,"711 40540",41954,""
FIX50SP2,c,"711 40540",41962,""
FIX50SP2,c,"711 40540",41990,""
FIX50SP2,c,"711 40540",41993,""
FIX50SP2,c,"711 40540",42002,""
FIX50SP2,c,"711 40540 42002",41996,""
FIX50SP2,c,"711 40540 42002 41996",41999,""
FIX50SP2,c,"711 40540",42799,""
FIX50SP2,c,"711 40540",42853,""
FIX50SP2,c,"711 40540",42862,""
FIX50SP2,c,"711 40540 42862",42882,""
FIX50SP2,c,"711 40540",42901,""
FIX50SP2,c,"711 40540",42915,""
FIX50SP2,c,"711 40540",42955,""
FIX50SP2,c,"711 40540",42981,""
FIX50SP2,c,"711 40540",43034,""
FIX50SP2,c,"711 40540 43034",43008,""
FIX50SP2,c,"711 40540 43034 43008",43069,""
FIX50SP2,c,"711 40540 43034 43008",43071,""
FIX50SP2,c,"711 40540 43034",43030,""
FIX50SP2,c,"711 40540 43034",43060,""
FIX50SP2,c,"711 40540 43034",43064,""
FIX50SP2,c,"711",40962,""
FIX50SP2,c,"711",41820,""
FIX50SP2,c,"711",41841,""
FIX50SP2,c,"711",41844,""
FIX50SP2,c,"711",41856,""
FIX50SP2,c,"711",41864,""
FIX50SP2,c,"711",41866,""
FIX50SP2,c,"711",41868,""
FIX50SP2,c,"711",41947,""
FIX50SP2,c,"711",42036,""
FIX50SP2,c,"711 42036",41340,""
FIX50SP2,c,"711",42041,""
FIX50SP2,c,"711 42041",42039,""
FIX50SP2,c,"711 42041",42788,""
FIX50SP2,c,"711",42060,""
FIX50SP2,c,"711 42060",42065,""
FIX50SP2,c,"711",42068,""
FIX50SP2,c,"711 42068",42077,""
FIX50SP2,c,"711 42068 42077",42085,""
FIX50SP2,c,"711 42068",42087,""
FIX50SP2,c,"711 42068",42090,""
FIX50SP2,c,"711",42149,""
FIX50SP2,c,"711 42149",42099,""
FIX50SP2,c,"711 42149",42112,""
FIX50SP2,c,"711 42149",42173,""
FIX50SP2,c,"711 42149 42173",42177,""
FIX50SP2,c,"711 42149",42180,""
FIX50SP2,c,"711 42149",42182,""
FIX50SP2,c,"711 42149",42184,""
FIX50SP2,c,"711 42149",42186,""
FIX50SP2,c,"711 42149",42188,""
FIX50SP2,c,"711 42149",42190,""
FIX50SP2,c,"711",42855,""
FIX50SP2,c,"711",42884,""
FIX50SP2,c,"711",43005,""
FIX50SP2,c,"711",43074,""
FIX50SP2,c,"",864,""
FIX50SP2,c,"",870,""
FIX50SP2,c,"",1018,""
FIX50SP2,c,"1018",1052,""
FIX50SP2,c,"",1483,""
FIX50SP2,c,"1483",1491,""
FIX50SP2,c,"1483 1491",1494,""
FIX50SP2,c,"1483",40997,""
FIX50SP2,c,"1483 40997",41005,""
FIX50SP2,c,"1483",41010,""
FIX50SP2,c,"1483 41010",40994,""
FIX50SP2,c,"1483 41010",41007,""
FIX50SP2,c,"1483 41010",41031,""
FIX50SP2,c,"1483",41013,""
FIX50SP2,c,"1483",41018,""
FIX50SP2,c,"1483",41029,""
FIX50SP2,c,"",1647,""
FIX50SP2,c,"",1976,""
FIX50SP2,c,"",2304,""
FIX50SP2,c,"",2734,""
FIX50SP2,c,"",2746,""
FIX50SP2,c,"",40019,""
FIX50SP2,c,"40019",40000,""
FIX50SP2,c,"",40022,""
FIX50SP2,c,"40022",40277,""
FIX50SP2,c,"40022",42214,""
FIX50SP2,c,"",40040,""
FIX50SP2,c,"",40042,""
FIX50SP2,c,"",40046,""
FIX50SP2,c,"",40049,""
FIX50SP2,c,"40049",40085,""
FIX50SP2,c,"40049",40825,""
FIX50SP2,c,"40049",40828,""
FIX50SP2,c,"40049 40828",40868,""
FIX50SP2,c,"40049 40828",40945,""
FIX50SP2,c,"40049 40828",40977,""
FIX50SP2,c,"40049 40828",41161,""
FIX50SP2,c,"40049",40872,""
FIX50SP2,c,"40049 40872",42696,""
FIX50SP2,c,"40049 40872",42705,""
FIX50SP2,c,"40049",40946,""
FIX50SP2,c,"40049",40947,""
FIX50SP2,c,"40049",40948,""
FIX50SP2,c,"40049",40949,""
FIX50SP2,c,"40049",40950,""
FIX50SP2,c,"40049",40958,""
FIX50SP2,c,"40049",40959,""
FIX50SP2,c,"40049",40960,""
FIX50SP2,c,"40049",40961,""
FIX50SP2,c,"40049",41037,""
FIX50SP2,c,"40049 41037",41051,""
FIX50SP2,c,"40049 41037 41051",41054,""
FIX50SP2,c,"40049",41081,""
FIX50SP2,c,"40049",41085,""
FIX50SP2,c,"40049",41192,""
FIX50SP2,c,"40049",41220,""
FIX50SP2,c,"40049",41224,""
FIX50SP2,c,"40049",41227,""
FIX50SP2,c,"40049",41237,""
FIX50SP2,c,"40049",41241,""
FIX50SP2,c,"40049",41249,""
FIX50SP2,c,"40049",41277,""
FIX50SP2,c,"40049",41280,""
FIX50SP2,c,"40049",41289,""
FIX50SP2,c,"40049 41289",41283,""
FIX50SP2,c,"40049 41289 41283",41286,""
FIX50SP2,c,"40049",42236,""
FIX50SP2,c,"40049",42272,""
FIX50SP2,c,"40049",42274,""
FIX50SP2,c,"40049 42274",42294,""
FIX50SP2,c,"40049",42606,""
FIX50SP2,c,"40049",42620,""
FIX50SP2,c,"40049",42660,""
FIX50SP2,c,"40049",42683,""
FIX50SP2,c,"40049",42735,""
FIX50SP2,c,"40049 42735",42709,""
FIX50SP2,c,"40049 42735 42709",42770,""
FIX50SP2,c,"40049 42735 42709",42772,""
FIX50SP2,c,"40049 42735",42731,""
FIX50SP2,c,"40049 42735",42761,""
FIX50SP2,c,"40049 42735",42765,""
FIX50SP2,c,"",40090,""
FIX50SP2,c,"40090",40142,""
FIX50SP2,c,"40090",40171,""
FIX50SP2,c,"40090",40174,""
FIX50SP2,c,"40090 40174",40178,""
FIX50SP2,c,"40090",40952,""
FIX50SP2,c,"40090",40953,""
FIX50SP2,c,"40090",40954,""
FIX50SP2,c,"40090",40955,""
FIX50SP2,c,"40090",40956,""
FIX50SP2,c,"40090",40957,""
FIX50SP2,c,"",40181,""
FIX50SP2,c,"40181",40191,""
FIX50SP2,c,"40181 40191",40199,""
FIX50SP2,c,"40181",40201,""
FIX50SP2,c,"40181",40951,""
FIX50SP2,c,"",40204,""
FIX50SP2,c,"40204",40209,""
FIX50SP2,c,"",40278,""
FIX50SP2,c,"",41092,""
FIX50SP2,c,"",41094,""
FIX50SP2,c,"",41096,""
FIX50SP2,c,"",41116,""
FIX50SP2,c,"",41137,""
FIX50SP2,c,"",41140,""
FIX50SP2,c,"",41152,""
FIX50SP2,c,"",41230,""
FIX50SP2,c,"",42296,""
FIX50SP2,c,"",42775,""
FIX50SP2,d,"",232,""
FIX50SP2,d,"",454,""
FIX50SP2,d,"",555,""
FIX50SP2,d,"555",604,""
FIX50SP2,d,"555",2059,""
FIX50SP2,d,"555",2076,""
FIX50SP2,d,"555",2218,""
FIX50SP2,d,"555 2218",2250,""
FIX50SP2,d,"555 2218 2250",2253,""
FIX50SP2,d,"555 2218",41366,""
FIX50SP2,d,"555 2218 41366",41374,""
FIX50SP2,d,"555 2218",41379,""
FIX50SP2,d,"555 2218 41379",41363,""
FIX50SP2,d,"555 2218 41379",41376,""
FIX50SP2,d,"555 2218 41379",41400,""
FIX50SP2,d,"555 2218",41382,""
FIX50SP2,d,"555 2218",41387,""
FIX50SP2,d,"555 2218",41398,""
FIX50SP2,d,"555",2254,""
FIX50SP2,d,"555 2254",2258,""
FIX50SP2,d,"555",2308,""
FIX50SP2,d,"555",40241,""
FIX50SP2,d,"555 40241",40367,""
FIX50SP2,d,"555 40241",40374,""
FIX50SP2,d,"555 40241 40374",40414,""
FIX50SP2,d,"555 40241 40374",40927,""
FIX50SP2,d,"555 40241 40374",40928,""
FIX50SP2,d,"555 40241 40374",41530,""
FIX50SP2,d,"555 40241",40418,""
FIX50SP2,d,"555 40241 40418",42495,""
FIX50SP2,d,"555 40241 40418",42504,""
FIX50SP2,d,"555 40241",40902,""
FIX50SP2,d,"555 40241",40929,""
FIX50SP2,d,"555 40241",40930,""
FIX50SP2,d,"555 40241",40931,""
FIX50SP2,d,"555 40241",40932,""
FIX50SP2,d,"555 40241",40933,""
FIX50SP2,d,"555 40241",40940,""
FIX50SP2,d,"555 40241",40941,""
FIX50SP2,d,"555 40241",40942,""
FIX50SP2,d,"555 40241",40943,""
FIX50SP2,d,"555 40241",41408,""
FIX50SP2,d,"555 40241 41408",41422,""
FIX50SP2,d,"555 40241 41408 41422",41425,""
FIX50SP2,d,"555 40241",41452,""
FIX50SP2,d,"555 40241",41456,""
FIX50SP2,d,"555 40241",41460,""
FIX50SP2,d,"555 40241",41561,""
FIX50SP2,d,"555 40241",41589,""
FIX50SP2,d,"555 40241",41593,""
FIX50SP2,d,"555 40241",41596,""
FIX50SP2,d,"555 40241",41638,""
FIX50SP2,d,"555 40241",41646,""
FIX50SP2,d,"555 40241",41674,""
FIX50SP2,d,"555 40241",41677,""
FIX50SP2,d,"555 40241",41686,""
FIX50SP2,d,"555 40241 41686",41680,""
FIX50SP2,d,"555 40241 41686 41680",41683,""
FIX50SP2,d,"555 40241",42310,""
FIX50SP2,d,"555 40241",42364,""
FIX50SP2,d,"555 40241",42366,""
FIX50SP2,d,"555 40241 42366",42386,""
FIX50SP2,d,"555 40241",42405,""
FIX50SP2,d,"555 40241",42419,""
FIX50SP2,d,"555 40241",42459,""
FIX50SP2,d,"555 40241",42485,""
FIX50SP2,d,"555 40241",42534,""
FIX50SP2,d,"555 40241 42534",42508,""
FIX50SP2,d,"555 40241 42534 42508",42569,""
FIX50SP2,d,"555 40241 42534 42508",42571,""
FIX50SP2,d,"555 40241 42534",42530,""
FIX50SP2,d,"555 40241 42534",42560,""
FIX50SP2,d,"555 40241 42534",42564,""
FIX50SP2,d,"555",40448,""
FIX50SP2,d,"555 40448",40473,""
FIX50SP2,d,"555 40448",40495,""
FIX50SP2,d,"555 40448",40533,""
FIX50SP2,d,"555 40448 40533",40537,""
FIX50SP2,d,"555 40448",40934,""
FIX50SP2,d,"555 40448",40935,""
FIX50SP2,d,"555 40448",40936,""
FIX50SP2,d,"555 40448",40937,""
FIX50SP2,d,"555 40448",40938,""
FIX50SP2,d,"555 40448",40939,""
FIX50SP2,d,"555",40923,""
FIX50SP2,d,"555",41335,""
FIX50SP2,d,"555 41335",41316,""
FIX50SP2,d,"555",41344,""
FIX50SP2,d,"555 41344",41342,""
FIX50SP2,d,"555 41344",42306,""
FIX50SP2,d,"555",41467,""
FIX50SP2,d,"555",41469,""
FIX50SP2,d,"555",41471,""
FIX50SP2,d,"555",41491,""
FIX50SP2,d,"555",41512,""
FIX50SP2,d,"555",41515,""
FIX50SP2,d,"555",41527,""
FIX50SP2,d,"555",41599,""
FIX50SP2,d,"555 41599",41604,""
FIX50SP2,d,"555",41607,""
FIX50SP2,d,"555",41616,""
FIX50SP2,d,"555 41616",41614,""
FIX50SP2,d,"555 41616",41625,""
FIX50SP2,d,"555 41616 41625",41633,""
FIX50SP2,d,"555 41616",41635,""
FIX50SP2,d,"555",42198,""
FIX50SP2,d,"555",42200,""
FIX50SP2,d,"555",42203,""
FIX50SP2,d,"555",42388,""
FIX50SP2,d,"555",42581,""
FIX50SP2,d,"",711,""
FIX50SP2,d,"711",457,""
FIX50SP2,d,"711",887,""
FIX50SP2,d,"711",1058,""
FIX50SP2,d,"711 1058",1062,""
FIX50SP2,d,"711",1981,""
FIX50SP2,d,"711",2045,""
FIX50SP2,d,"711 2045",2053,""
FIX50SP2,d,"711 2045 2053",2056,""
FIX50SP2,d,"711 2045",41716,""
FIX50SP2,d,"711 2045 41716",41724,""
FIX50SP2,d,"711 2045",41729,""
FIX50SP2,d,"711 2045 41729",41713,""
FIX50SP2,d,"711 2045 41729",41726,""
FIX50SP2,d,"711 2045 41729",41750,""
FIX50SP2,d,"711 2045",41732,""
FIX50SP2,d,"711 2045",41737,""
FIX50SP2,d,"711 2045",41748,""
FIX50SP2,d,"711",2080,""
FIX50SP2,d,"711",2312,""
FIX50SP2,d,"711",40540,""
FIX50SP2,d,"711 40540",40656,""
FIX50SP2,d,"711 40540",40659,""
FIX50SP2,d,"711 40540",40664,""
FIX50SP2,d,"711 40540 40664",40704,""
FIX50SP2,d,"711 40540 40664",40966,""
FIX50SP2,d,"711 40540 40664",40967,""
FIX50SP2,d,"711 40540 40664",41878,""
FIX50SP2,d,"711 40540",40708,""
FIX50SP2,d,"711 40540 40708",42991,""
FIX50SP2,d,"711 40540 40708",43000,""
FIX50SP2,d,"711 40540",40968,""
FIX50SP2,d,"711 40540",40969,""
FIX50SP2,d,"711 40540",40970,""
FIX50SP2,d,"711 40540",40971,""
FIX50SP2,d,"711 40540",40972,""
FIX50SP2,d,"711 40540",40973,""
FIX50SP2,d,"711 40540",40974,""
FIX50SP2,d,"711 40540",40975,""
FIX50SP2,d,"711 40540",40976,""
FIX50SP2,d,"711 40540",41756,""
FIX50SP2,d,"711 40540 41756",41770,""
FIX50SP2,d,"711 40540 41756 41770",41773,""
FIX50SP2,d,"711 40540",41800,""
FIX50SP2,d,"711 40540",41804,""
FIX50SP2,d,"711 40540",41808,""
FIX50SP2,d,"711 40540",41909,""
FIX50SP2,d,"711 40540",41937,""
FIX50SP2,d,"711 40540",41941,""
FIX50SP2,d,"711 40540",41944,""
FIX50SP2,d,"711 40540",41954,""
FIX50SP2,d,"711 40540",41962,""
FIX50SP2,d,"711 40540",41990,""
FIX50SP2,d,"711 40540",41993,""
FIX50SP2,d,"711 40540",42002,""
FIX50SP2,d,"711 40540 42002",41996,""
FIX50SP2,d,"711 40540 42002 41996",41999,""
FIX50SP2,d,"711 40540",42799,""
FIX50SP2,d,"711 40540",42853,""
FIX50SP2,d,"711 40540",42862,""
FIX50SP2,d,"711 40540 42862",42882,""
FIX50SP2,d,"711 40540",42901,""
FIX50SP2,d,"711 40540",42915,""
FIX50SP2,d,"711 40540",42955,""
FIX50SP2,d,"711 40540",42981,""
FIX50SP2,d,"711 40540",43034,""
FIX50SP2,d,"711 40540 43034",43008,""
FIX50SP2,d,"711 40540 43034 43008",43069,""
FIX50SP2,d,"711 40540 43034 43008",43071,""
FIX50SP2,d,"711 40540 43034",43030,""
FIX50SP2,d,"711 40540 43034",43060,""
FIX50SP2,d,"711 40540 43034",43064,""
FIX50SP2,d,"711",40962,""
FIX50SP2,d,"711",41820,""
FIX50SP2,d,"711",41841,""
FIX50SP2,d,"711",41844,""
FIX50SP2,d,"711",41856,""
FIX50SP2,d,"711",41864,""
FIX50SP2,d,"711",41866,""
FIX50SP2,d,"711",41868,""
FIX50SP2,d,"711",41947,""
FIX50SP2,d,"711",42036,""
FIX50SP2,d,"711 42036",41340,""
FIX50SP2,d,"711",42041,""
FIX50SP2,d,"711 42041",42039,""
FIX50SP2,d,"711 42041",42788,""
FIX50SP2,d,"711",42060,""
FIX50SP2,d,"711 42060",42065,""
FIX50SP2,d,"711",42068,""
FIX50SP2,d,"711 42068",42077,""
FIX50SP2,d,"711 42068 42077",42085,""
FIX50SP2,d,"711 42068",42087,""
FIX50SP2,d,"711 42068",42090,""
FIX50SP2,d,"711",42149,""
FIX50SP2,d,"711 42149",42099,""
FIX50SP2,d,"711 42149",42112,""
FIX50SP2,d,"711 42149",42173,""
FIX50SP2,d,"711 42149 42173",42177,""
FIX50SP2,d,"711 42149",42180,""
FIX50SP2,d,"711 42149",42182,""
FIX50SP2,d,"711 42149",42184,""
FIX50SP2,d,"711 42149",42186,""
FIX50SP2,d,"711 42149",42188,""
FIX50SP2,d,"711 42149",42190,""
FIX50SP2,d,"711",42855,""
FIX50SP2,d,"711",42884,""
FIX50SP2,d,"711",43005,""
FIX50SP2,d,"711",43074,""
FIX50SP2,d,"",864,""
FIX50SP2,d,"",870,""
FIX50SP2,d,"",1018,""
FIX50SP2,d,"1018",1052,""
FIX50SP2,d,"",1310,""
FIX50SP2,d,"1310",1201,""
FIX50SP2,d,"1310 1201",1236,""
FIX50SP2,d,"1310",1205,""
FIX50SP2,d,"1310",1234,""
FIX50SP2,d,"1310",1309,""
FIX50SP2,d,"1310 1309",1141,""
FIX50SP2,d,"1310 1309",1232,""
FIX50SP2,d,"1310 1309",1235,""
FIX50SP2,d,"1310 1309",1237,""
FIX50SP2,d,"1310 1309",1239,""
FIX50SP2,d,"1310 1309",2548,""
FIX50SP2,d,"1310",1312,""
FIX50SP2,d,"1310",2550,""
FIX50SP2,d,"1310",2558,""
FIX50SP2,d,"",1483,""
FIX50SP2,d,"1483",1491,""
FIX50SP2,d,"1483 1491",1494,""
FIX50SP2,d,"1483",40997,""
FIX50SP2,d,"1483 40997",41005,""
FIX50SP2,d,"1483",41010,""
FIX50SP2,d,"1483 41010",40994,""
FIX50SP2,d,"1483 41010",41007,""
FIX50SP2,d,"1483 41010",41031,""
FIX50SP2,d,"1483",41013,""
FIX50SP2,d,"1483",41018,""
FIX50SP2,d,"1483",41029,""
FIX50SP2,d,"",1582,""
FIX50SP2,d,"",1647,""
FIX50SP2,d,"",1976,""
FIX50SP2,d,"",2304,""
FIX50SP2,d,"",2734,""
FIX50SP2,d,"",2746,""
FIX50SP2,d,"",40019,""
FIX50SP2,d,"40019",40000,""
FIX50SP2,d,"",40022,""
FIX50SP2,d,"40022",40277,""
FIX50SP2,d,"40022",42214,""
FIX50SP2,d,"",40040,""
FIX50SP2,d,"",40042,""
FIX50SP2,d,"",40046,""
FIX50SP2,d,"",40049,""
FIX50SP2,d,"40049",40085,""
FIX50SP2,d,"40049",40825,""
FIX50SP2,d,"40049",40828,""
FIX50SP2,d,"40049 40828",40868,""
FIX50SP2,d,"40049 40828",40945,""
FIX50SP2,d,"40049 40828",40977,""
FIX50SP2,d,"40049 40828",41161,""
FIX50SP2,d,"40049",40872,""
FIX50SP2,d,"40049 40872",42696,""
FIX50SP2,d,"40049 40872",42705,""
FIX50SP2,d,"40049",40946,""
FIX50SP2,d,"40049",40947,""
FIX50SP2,d,"40049",40948,""
FIX50SP2,d,"40049",40949,""
FIX50SP2,d,"40049",40950,""
FIX50SP2,d,"40049",40958,""
FIX50SP2,d,"40049",40959,""
FIX50SP2,d,"40049",40960,""
FIX50SP2,d,"40049",40961,""
FIX50SP2,d,"40049",41037,""
FIX50SP2,d,"40049 41037",41051,""
FIX50SP2,d,"40049 41037 41051",41054,""
FIX50SP2,d,"40049",41081,""
FIX50SP2,d,"40049",41085,""
FIX50SP2,d,"40049",41192,""
FIX50SP2,d,"40049",41220,""
FIX50SP2,d,"40049",41224,""
FIX50SP2,d,"40049",41227,""
FIX50SP2,d,"40049",41237,""
FIX50SP2,d,"40049",41241,""
FIX50SP2,d,"40049",41249,""
FIX50SP2,d,"40049",41277,""
FIX50SP2,d,"40049",41280,""
FIX50SP2,d,"40049",41289,""
FIX50SP2,d,"40049 41289",41283,""
FIX50SP2,d,"40049 41289 41283",41286,""
FIX50SP2,d,"40049",42236,""
FIX50SP2,d,"40049",42272,""
FIX50SP2,d,"40049",42274,""
FIX50SP2,d,"40049 42274",42294,""
FIX50SP2,d,"40049",42606,""
FIX50SP2,d,"40049",42620,""
FIX50SP2,d,"40049",42660,""
FIX50SP2,d,"40049",42683,""
FIX50SP2,d,"40049",42735,""
FIX50SP2,d,"40049 42735",42709,""
FIX50SP2,d,"40049 42735 42709",42770,""
FIX50SP2,d,"40049 42735 42709",42772,""
FIX50SP2,d,"40049 42735",42731,""
FIX50SP2,d,"40049 42735",42761,""
FIX50SP2,d,"40049 42735",42765,""
FIX50SP2,d,"",40090,""
FIX50SP2,d,"40090",40142,""
FIX50SP2,d,"40090",40171,""
FIX50SP2,d,"40090",40174,""
FIX50SP2,d,"40090 40174",40178,""
FIX50SP2,d,"40090",40952,""
FIX50SP2,d,"40090",40953,""
FIX50SP2,d,"40090",40954,""
FIX50SP2,d,"40090",40955,""
FIX50SP2,d,"40090",40956,""
FIX50SP2,d,"40090",40957,""
FIX50SP2,d,"",40181,""
FIX50SP2,d,"40181",40191,""
FIX50SP2,d,"40181 40191",40199,""
FIX50SP2,d,"40181",40201,""
FIX50SP2,d,"40181",40951,""
FIX50SP2,d,"",40204,""
FIX50SP2,d,"40204",40209,""
FIX50SP2,d,"",40278,""
FIX50SP2,d,"",41092,""
FIX50SP2,d,"",41094,""
FIX50SP2,d,"",41096,""
FIX50SP2,d,"",41116,""
FIX50SP2,d,"",41137,""
FIX50SP2,d,"",41140,""
FIX50SP2,d,"",41152,""
FIX50SP2,d,"",41230,""
FIX50SP2,d,"",42296,""
FIX50SP2,d,"",42775,""
FIX50SP2,e,"",454,""
FIX50SP2,e,"",555,""
FIX50SP2,e,"555",604,""
FIX50SP2,e,"555",2059,""
FIX50SP2,e,"555",2076,""
FIX50SP2,e,"555",2218,""
FIX50SP2,e,"555 2218",2250,""
FIX50SP2,e,"555 2218 2250",2253,""
FIX50SP2,e,"555 2218",41366,""
FIX50SP2,e,"555 2218 41366",41374,""
FIX50SP2,e,"555 2218",41379,""
FIX50SP2,e,"555 2218 41379",41363,""
FIX50SP2,e,"555 2218 41379",41376,""
FIX50SP2,e,"555 2218 41379",41400,""
FIX50SP2,e,"555 2218",41382,""
FIX50SP2,e,"555 2218",41387,""
FIX50SP2,e,"555 2218",41398,""
FIX50SP2,e,"555",2254,""
FIX50SP2,e,"555 2254",2258,""
FIX50SP2,e,"555",2308,""
FIX50SP2,e,"555",40241,""
FIX50SP2,e,"555 40241",40367,""
FIX50SP2,e,"555 40241",40374,""
FIX50SP2,e,"555 40241 40374",40414,""
FIX50SP2,e,"555 40241 40374",40927,""
FIX50SP2,e,"555 40241 40374",40928,""
FIX50SP2,e,"555 40241 40374",41530,""
FIX50SP2,e,"555 40241",40418,""
FIX50SP2,e,"555 40241 40418",42495,""
FIX50SP2,e,"555 40241 40418",42504,""
FIX50SP2,e,"555 40241",40902,""
FIX50SP2,e,"555 40241",40929,""
FIX50SP2,e,"555 40241",40930,""
FIX50SP2,e,"555 40241",40931,""
FIX50SP2,e,"555 40241",40932,""
FIX50SP2,e,"555 40241",40933,""
FIX50SP2,e,"555 40241",40940,""
FIX50SP2,e,"555 40241",40941,""
FIX50SP2,e,"555 40241",40942,""
FIX50SP2,e,"555 40241",40943,""
FIX50SP2,e,"555 40241",41408,""
FIX50SP2,e,"555 40241 41408",41422,""
FIX50SP2,e,"555 40241 41408 41422",41425,""
FIX50SP2,e,"555 40241",41452,""
FIX50SP2,e,"555 40241",41456,""
FIX50SP2,e,"555 40241",41460,""
FIX50SP2,e,"555 40241",41561,""
FIX50SP2,e,"555 40241",41589,""
FIX50SP2,e,"555 40241",41593,""
FIX50SP2,e,"555 40241",41596,""
FIX50SP2,e,"555 40241",41638,""
FIX50SP2,e,"555 40241",41646,""
FIX50SP2,e,"555 40241",41674,""
FIX50SP2,e,"555 40241",41677,""
FIX50SP2,e,"555 40241",41686,""
FIX50SP2,e,"555 40241 41686",41680,""
FIX50SP2,e,"555 40241 41686 41680",41683,""
FIX50SP2,e,"555 40241",42310,""
FIX50SP2,e,"555 40241",42364,""
FIX50SP2,e,"555 40241",42366,""
FIX50SP2,e,"555 40241 42366",42386,""
FIX50SP2,e,"555 40241",42405,""
FIX50SP2,e,"555 40241",42419,""
FIX50SP2,e,"555 40241",42459,""
FIX50SP2,e,"555 40241",42485,""
FIX50SP2,e,"555 40241",42534,""
FIX50SP2,e,"555 40241 42534",42508,""
FIX50SP2,e,"555 40241 42534 42508",42569,""
FIX50SP2,e,"555 40241 42534 42508",42571,""
FIX50SP2,e,"555 40241 42534",42530,""
FIX50SP2,e,"555 40241 42534",42560,""
FIX50SP2,e,"555 40241 42534",42564,""
FIX50SP2,e,"555",40448,""
FIX50SP2,e,"555 40448",40473,""
FIX50SP2,e,"555 40448",40495,""
FIX50SP2,e,"555 40448",40533,""
FIX50SP2,e,"555 40448 40533",40537,""
FIX50SP2,e,"555 40448",40934,""
FIX50SP2,e,"555 40448",40935,""
FIX50SP2,e,"555 40448",40936,""
FIX50SP2,e,"555 40448",40937,""
FIX50SP2,e,"555 40448",40938,""
FIX50SP2,e,"555 40448",40939,""
FIX50SP2,e,"555",40923,""
FIX50SP2,e,"555",41335,""
FIX50SP2,e,"555 41335",41316,""
FIX50SP2,e,"555",41344,""
FIX50SP2,e,"555 41344",41342,""
FIX50SP2,e,"555 41344",42306,""
FIX50SP2,e,"555",41467,""
FIX50SP2,e,"555",41469,""
FIX50SP2,e,"555",41471,""
FIX50SP2,e,"555",41491,""
FIX50SP2,e,"555",41512,""
FIX50SP2,e,"555",41515,""
FIX50SP2,e,"555",41527,""
FIX50SP2,e,"555",41599,""
FIX50SP2,e,"555 41599",41604,""
FIX50SP2,e,"555",41607,""
FIX50SP2,e,"555",41616,""
FIX50SP2,e,"555 41616",41614,""
FIX50SP2,e,"555 41616",41625,""
FIX50SP2,e,"555 41616 41625",41633,""
FIX50SP2,e,"555 41616",41635,""
FIX50SP2,e,"555",42198,""
FIX50SP2,e,"555",42200,""
FIX50SP2,e,"555",42203,""
FIX50SP2,e,"555",42388,""
FIX50SP2,e,"555",42581,""
FIX50SP2,e,"",711,""
FIX50SP2,e,"711",457,""
FIX50SP2,e,"711",887,""
FIX50SP2,e,"711",1058,""
FIX50SP2,e,"711 1058",1062,""
FIX50SP2,e,"711",1981,""
FIX50SP2,e,"711",2045,""
FIX50SP2,e,"711 2045",2053,""
FIX50SP2,e,"711 2045 2053",2056,""
FIX50SP2,e,"711 2045",41716,""
FIX50SP2,e,"711 2045 41716",41724,""
FIX50SP2,e,"711 2045",41729,""
FIX50SP2,e,"711 2045 41729",41713,""
FIX50SP2,e,"711 2045 41729",41726,""
FIX50SP2,e,"711 2045 41729",41750,""
FIX50SP2,e,"711 2045",41732,""
FIX50SP2,e,"711 2045",41737,""
FIX50SP2,e,"711 2045",41748,""
FIX50SP2,e,"711",2080,""
FIX50SP2,e,"711",2312,""
FIX50SP2,e,"711",40540,""
FIX50SP2,e,"711 40540",40656,""
FIX50SP2,e,"711 40540",40659,""
FIX50SP2,e,"711 40540",40664,""
FIX50SP2,e,"711 40540 40664",40704,""
FIX50SP2,e,"711 40540 40664",40966,""
FIX50SP2,e,"711 40540 40664",40967,""
FIX50SP2,e,"711 40540 40664",41878,""
FIX50SP2,e,"711 40540",40708,""
FIX50SP2,e,"711 40540 40708",42991,""
FIX50SP2,e,"711 40540 40708",43000,""
FIX50SP2,e,"711 40540",40968,""
FIX50SP2,e,"711 40540",40969,""
FIX50SP2,e,"711 40540",40970,""
FIX50SP2,e,"711 40540",40971,""
FIX50SP2,e,"711 40540",40972,""
FIX50SP2,e,"711 40540",40973,""
FIX50SP2,e,"711 40540",40974,""
FIX50SP2,e,"711 40540",40975,""
FIX50SP2,e,"711 40540",40976,""
FIX50SP2,e,"711 40540",41756,""
FIX50SP2,e,"711 40540 41756",41770,""
FIX50SP2,e,"711 40540 41756 41770",41773,""
FIX50SP2,e,"711 40540",41800,""
FIX50SP2,e,"711 40540",41804,""
FIX50SP2,e,"711 40540",41808,""
FIX50SP2,e,"711 40540",41909,""
FIX50SP2,e,"711 40540",41937,""
FIX50SP2,e,"711 40540",41941,""
FIX50SP2,e,"711 40540",41944,""
FIX50SP2,e,"711 40540",41954,""
FIX50SP2,e,"711 40540",41962,""
FIX50SP2,e,"711 40540",41990,""
FIX50SP2,e,"711 40540",41993,""
FIX50SP2,e,"711 40540",42002,""
FIX50SP2,e,"711 40540 42002",41996,""
FIX50SP2,e,"711 40540 42002 41996",41999,""
FIX50SP2,e,"711 40540",42799,""
FIX50SP2,e,"711 40540",42853,""
FIX50SP2,e,"711 40540",42862,""
FIX50SP2,e,"711 40540 42862",42882,""
FIX50SP2,e,"711 40540",42901,""
FIX50SP2,e,"711 40540",42915,""
FIX50SP2,e,"711 40540",42955,""
FIX50SP2,e,"711 40540",42981,""
FIX50SP2,e,"711 40540",43034,""
FIX50SP2,e,"711 40540 43034",43008,""
FIX50SP2,e,"711 40540 43034 43008",43069,""
FIX50SP2,e,"711 40540 43034 43008",43071,""
FIX50SP2,e,"711 40540 43034",43030,""
FIX50SP2,e,"711 40540 43034",43060,""
FIX50SP2,e,"711 40540 43034",43064,""
FIX50SP2,e,"711",40962,""
FIX50SP2,e,"711",41820,""
FIX50SP2,e,"711",41841,""
FIX50SP2,e,"711",41844,""
FIX50SP2,e,"711",41856,""
FIX50SP2,e,"711",41864,""
FIX50SP2,e,"711",41866,""
FIX50SP2,e,"711",41868,""
FIX50SP2,e,"711",41947,""
FIX50SP2,e,"711",42036,""
FIX50SP2,e,"711 42036",41340,""
FIX50SP2,e,"711",42041,""
FIX50SP2,e,"711 42041",42039,""
FIX50SP2,e,"711 42041",42788,""
FIX50SP2,e,"711",42060,""
FIX50SP2,e,"711 42060",42065,""
FIX50SP2,e,"711",42068,""
FIX50SP2,e,"711 42068",42077,""
FIX50SP2,e,"711 42068 42077",42085,""
FIX50SP2,e,"711 42068",42087,""
FIX50SP2,e,"711 42068",42090,""
FIX50SP2,e,"711",42149,""
FIX50SP2,e,"711 42149",42099,""
FIX50SP2,e,"711 42149",42112,""
FIX50SP2,e,"711 42149",42173,""
FIX50SP2,e,"711 42149 42173",42177,""
FIX50SP2,e,"711 42149",42180,""
FIX50SP2,e,"711 42149",42182,""
FIX50SP2,e,"711 42149",42184,""
FIX50SP2,e,"711 42149",42186,""
FIX50SP2,e,"711 42149",42188,""
FIX50SP2,e,"711 42149",42190,""
FIX50SP2,e,"711",42855,""
FIX50SP2,e,"711",42884,""
FIX50SP2,e,"711",43005,""
FIX50SP2,e,"711",43074,""
FIX50SP2,e,"",864,""
FIX50SP2,e,"",870,""
FIX50SP2,e,"",1018,""
FIX50SP2,e,"1018",1052,""
FIX50SP2,e,"",1483,""
FIX50SP2,e,"1483",1491,""
FIX50SP2,e,"1483 1491",1494,""
FIX50SP2,e,"1483",40997,""
FIX50SP2,e,"1483 40997",41005,""
FIX50SP2,e,"1483",41010,""
FIX50SP2,e,"1483 41010",40994,""
FIX50SP2,e,"1483 41010",41007,""
FIX50SP2,e,"1483 41010",41031,""
FIX50SP2,e,"1483",41013,""
FIX50SP2,e,"1483",41018,""
FIX50SP2,e,"1483",41029,""
FIX50SP2,e,"",1647,""
FIX50SP2,e,"",1976,""
FIX50SP2,e,"",2304,""
FIX50SP2,e,"",2734,""
FIX50SP2,e,"",2746,""
FIX50SP2,e,"",40019,""
FIX50SP2,e,"40019",40000,""
FIX50SP2,e,"",40022,""
FIX50SP2,e,"40022",40277,""
FIX50SP2,e,"40022",42214,""
FIX50SP2,e,"",40040,""
FIX50SP2,e,"",40042,""
FIX50SP2,e,"",40046,""
FIX50SP2,e,"",40049,""
FIX50SP2,e,"40049",40085,""
FIX50SP2,e,"40049",40825,""
FIX50SP2,e,"40049",40828,""
FIX50SP2,e,"40049 40828",40868,""
FIX50SP2,e,"40049 40828",40945,""
FIX50SP2,e,"40049 40828",40977,""
FIX50SP2,e,"40049 40828",41161,""
FIX50SP2,e,"40049",40872,""
FIX50SP2,e,"40049 40872",42696,""
FIX50SP2,e,"40049 40872",42705,""
FIX50SP2,e,"40049",40946,""
FIX50SP2,e,"40049",40947,""
FIX50SP2,e,"40049",40948,""
FIX50SP2,e,"40049",40949,""
FIX50SP2,e,"40049",40950,""
FIX50SP2,e,"40049",40958,""
FIX50SP2,e,"40049",40959,""
FIX50SP2,e,"40049",40960,""
FIX50SP2,e,"40049",40961,""
FIX50SP2,e,"40049",41037,""
FIX50SP2,e,"40049 41037",41051,""
FIX50SP2,e,"40049 41037 41051",41054,""
FIX50SP2,e,"40049",41081,""
FIX50SP2,e,"40049",41085,""
FIX50SP2,e,"40049",41192,""
FIX50SP2,e,"40049",41220,""
FIX50SP2,e,"40049",41224,""
FIX50SP2,e,"40049",41227,""
FIX50SP2,e,"40049",41237,""
FIX50SP2,e,"40049",41241,""
FIX50SP2,e,"40049",41249,""
FIX50SP2,e,"40049",41277,""
FIX50SP2,e,"40049",41280,""
FIX50SP2,e,"40049",41289,""
FIX50SP2,e,"40049 41289",41283,""
FIX50SP2,e,"40049 41289 41283",41286,""
FIX50SP2,e,"40049",42236,""
FIX50SP2,e,"40049",42272,""
FIX50SP2,e,"40049",42274,""
FIX50SP2,e,"40049 42274",42294,""
FIX50SP2,e,"40049",42606,""
FIX50SP2,e,"40049",42620,""
FIX50SP2,e,"40049",42660,""
FIX50SP2,e,"40049",42683,""
FIX50SP2,e,"40049",42735,""
FIX50SP2,e,"40049 42735",42709,""
FIX50SP2,e,"40049 42735 42709",42770,""
FIX50SP2,e,"40049 42735 42709",42772,""
FIX50SP2,e,"40049 42735",42731,""
FIX50SP2,e,"40049 42735",42761,""
FIX50SP2,e,"40049 42735",42765,""
FIX50SP2,e,"",40090,""
FIX50SP2,e,"40090",40142,""
FIX50SP2,e,"40090",40171,""
FIX50SP2,e,"40090",40174,""
FIX50SP2,e,"40090 40174",40178,""
FIX50SP2,e,"40090",40952,""
FIX50SP2,e,"40090",40953,""
FIX50SP2,e,"40090",40954,""
FIX50SP2,e,"40090",40955,""
FIX50SP2,e,"40090",40956,""
FIX50SP2,e,"40090",40957,""
FIX50SP2,e,"",40181,""
FIX50SP2,e,"40181",40191,""
FIX50SP2,e,"40181 40191",40199,""
FIX50SP2,e,"40181",40201,""
FIX50SP2,e,"40181",40951,""
FIX50SP2,e,"",40204,""
FIX50SP2,e,"40204",40209,""
FIX50SP2,e,"",40278,""
FIX50SP2,e,"",41092,""
FIX50SP2,e,"",41094,""
FIX50SP2,e,"",41096,""
FIX50SP2,e,"",41116,""
FIX50SP2,e,"",41137,""
FIX50SP2,e,"",41140,""
FIX50SP2,e,"",41152,""
FIX50SP2,e,"",41230,""
FIX50SP2,e,"",42296,""
FIX50SP2,e,"",42775,""
FIX50SP2,f,"",454,""
FIX50SP2,f,"",555,""
FIX50SP2,f,"555",604,""
FIX50SP2,f,"555",2059,""
FIX50SP2,f,"555",2076,""
FIX50SP2,f,"555",2218,""
FIX50SP2,f,"555 2218",2250,""
FIX50SP2,f,"555 2218 2250",2253,""
FIX50SP2,f,"555 2218",41366,""
FIX50SP2,f,"555 2218 41366",41374,""
FIX50SP2,f,"555 2218",41379,""
FIX50SP2,f,"555 2218 41379",41363,""
FIX50SP2,f,"555 2218 41379",41376,""
FIX50SP2,f,"555 2218 41379",41400,""
FIX50SP2,f,"555 2218",41382,""
FIX50SP2,f,"555 2218",41387,""
FIX50SP2,f,"555 2218",41398,""
FIX50SP2,f,"555",2254,""
FIX50SP2,f,"555 2254",2258,""
FIX50SP2,f,"555",2308,""
FIX50SP2,f,"555",40241,""
FIX50SP2,f,"555 40241",40367,""
FIX50SP2,f,"555 40241",40374,""
FIX50SP2,f,"555 40241 40374",40414,""
FIX50SP2,f,"555 40241 40374",40927,""
FIX50SP2,f,"555 40241 40374",40928,""
FIX50SP2,f,"555 40241 40374",41530,""
FIX50SP2,f,"555 40241",40418,""
FIX50SP2,f,"555 40241 40418",42495,""
FIX50SP2,f,"555 40241 40418",42504,""
FIX50SP2,f,"555 40241",40902,""
FIX50SP2,f,"555 40241",40929,""
FIX50SP2,f,"555 40241",40930,""
FIX50SP2,f,"555 40241",40931,""
FIX50SP2,f,"555 40241",40932,""
FIX50SP2,f,"555 40241",40933,""
FIX50SP2,f,"555 40241",40940,""
FIX50SP2,f,"555 40241",40941,""
FIX50SP2,f,"555 40241",40942,""
FIX50SP2,f,"555 40241",40943,""
FIX50SP2,f,"555 40241",41408,""
FIX50SP2,f,"555 40241 41408",41422,""
FIX50SP2,f,"555 40241 41408 41422",41425,""
FIX50SP2,f,"555 40241",41452,""
FIX50SP2,f,"555 40241",41456,""
FIX50SP2,f,"555 40241",41460,""
FIX50SP2,f,"555 40241",41561,""
FIX50SP2,f,"555 40241",41589,""
FIX50SP2,f,"555 40241",41593,""
FIX50SP2,f,"555 40241",41596,""
FIX50SP2,f,"555 40241",41638,""
FIX50SP2,f,"555 40241",41646,""
FIX50SP2,f,"555 40241",41674,""
FIX50SP2,f,"555 40241",41677,""
FIX50SP2,f,"555 40241",41686,""
FIX50SP2,f,"555 40241 41686",41680,""
FIX50SP2,f,"555 40241 41686 41680",41683,""
FIX50SP2,f,"555 40241",42310,""
FIX50SP2,f,"555 40241",42364,""
FIX50SP2,f,"555 40241",42366,""
FIX50SP2,f,"555 40241 42366",42386,""
FIX50SP2,f,"555 40241",42405,""
FIX50SP2,f,"555 40241",42419,""
FIX50SP2,f,"555 40241",42459,""
FIX50SP2,f,"555 40241",42485,""
FIX50SP2,f,"555 40241",42534,""
FIX50SP2,f,"555 40241 42534",42508,""
FIX50SP2,f,"555 40241 42534 42508",42569,""
FIX50SP2,f,"555 40241 42534 42508",42571,""
FIX50SP2,f,"555 40241 42534",42530,""
FIX50SP2,f,"555 40241 42534",42560,""
FIX50SP2,f,"555 40241 42534",42564,""
FIX50SP2,f,"555",40448,""
FIX50SP2,f,"555 40448",40473,""
FIX50SP2,f,"555 40448",40495,""
FIX50SP2,f,"555 40448",40533,""
FIX50SP2,f,"555 40448 40533",40537,""
FIX50SP2,f,"555 40448",40934,""
FIX50SP2,f,"555 40448",40935,""
FIX50SP2,f,"555 40448",40936,""
FIX50SP2,f,"555 40448",40937,""
FIX50SP2,f,"555 40448",40938,""
FIX50SP2,f,"555 40448",40939,""
FIX50SP2,f,"555",40923,""
FIX50SP2,f,"555",41335,""
FIX50SP2,f,"555 41335",41316,""
FIX50SP2,f,"555",41344,""
FIX50SP2,f,"555 41344",41342,""
FIX50SP2,f,"555 41344",42306,""
FIX50SP2,f,"555",41467,""
FIX50SP2,f,"555",41469,""
FIX50SP2,f,"555",41471,""
FIX50SP2,f,"555",41491,""
FIX50SP2,f,"555",41512,""
FIX50SP2,f,"555",41515,""
FIX50SP2,f,"555",41527,""
FIX50SP2,f,"555",41599,""
FIX50SP2,f,"555 41599",41604,""
FIX50SP2,f,"555",41607,""
FIX50SP2,f,"555",41616,""
FIX50SP2,f,"555 41616",41614,""
FIX50SP2,f,"555 41616",41625,""
FIX50SP2,f,"555 41616 41625",41633,""
FIX50SP2,f,"555 41616",41635,""
FIX50SP2,f,"555",42198,""
FIX50SP2,f,"555",42200,""
FIX50SP2,f,"555",42203,""
FIX50SP2,f,"555",42388,""
FIX50SP2,f,"555",42581,""
FIX50SP2,f,"",711,""
FIX50SP2,f,"711",457,""
FIX50SP2,f,"711",887,""
FIX50SP2,f,"711",1058,""
FIX50SP2,f,"711 1058",1062,""
FIX50SP2,f,"711",1981,""
FIX50SP2,f,"711",2045,""
FIX50SP2,f,"711 2045",2053,""
FIX50SP2,f,"711 2045 2053",2056,""
FIX50SP2,f,"711 2045",41716,""
FIX50SP2,f,"711 2045 41716",41724,""
FIX50SP2,f,"711 2045",41729,""
FIX50SP2,f,"711 2045 41729",41713,""
FIX50SP2,f,"711 2045 41729",41726,""
FIX50SP2,f,"711 2045 41729",41750,""
FIX50SP2,f,"711 2045",41732,""
FIX50SP2,f,"711 2045",41737,""
FIX50SP2,f,"711 2045",41748,""
FIX50SP2,f,"711",2080,""
FIX50SP2,f,"711",2312,""
FIX50SP2,f,"711",40540,""
FIX50SP2,f,"711 40540",40656,""
FIX50SP2,f,"711 40540",40659,""
FIX50SP2,f,"711 40540",40664,""
FIX50SP2,f,"711 40540 40664",40704,""
FIX50SP2,f,"711 40540 40664",40966,""
FIX50SP2,f,"711 40540 40664",40967,""
FIX50SP2,f,"711 40540 40664",41878,""
FIX50SP2,f,"711 40540",40708,""
FIX50SP2,f,"711 40540 40708",42991,""
FIX50SP2,f,"711 40540 40708",43000,""
FIX50SP2,f,"711 40540",40968,""
FIX50SP2,f,"711 40540",40969,""
FIX50SP2,f,"711 40540",40970,""
FIX50SP2,f,"711 40540",40971,""
FIX50SP2,f,"711 40540",40972,""
FIX50SP2,f,"711 40540",40973,""
FIX50SP2,f,"711 40540",40974,""
FIX50SP2,f,"711 40540",40975,""
FIX50SP2,f,"711 40540",40976,""
FIX50SP2,f,"711 40540",41756,""
FIX50SP2,f,"711 40540 41756",41770,""
FIX50SP2,f,"711 40540 41756 41770",41773,""
FIX50SP2,f,"711 40540",41800,""
FIX50SP2,f,"711 40540",41804,""
FIX50SP2,f,"711 40540",41808,""
FIX50SP2,f,"711 40540",41909,""
FIX50SP2,f,"711 40540",41937,""
FIX50SP2,f,"711 40540",41941,""
FIX50SP2,f,"711 40540",41944,""
FIX50SP2,f,"711 40540",41954,""
FIX50SP2,f,"711 40540",41962,""
FIX50SP2,f,"711 40540",41990,""
FIX50SP2,f,"711 40540",41993,""
FIX50SP2,f,"711 40540",42002,""
FIX50SP2,f,"711 40540 42002",41996,""
FIX50SP2,f,"711 40540 42002 41996",41999,""
FIX50SP2,f,"711 40540",42799,""
FIX50SP2,f,"711 40540",42853,""
FIX50SP2,f,"711 40540",42862,""
FIX50SP2,f,"711 40540 42862",42882,""
FIX50SP2,f,"711 40540",42901,""
FIX50SP2,f,"711 40540",42915,""
FIX50SP2,f,"711 40540",42955,""
FIX50SP2,f,"711 40540",42981,""
FIX50SP2,f,"711 40540",43034,""
FIX50SP2,f,"711 40540 43034",43008,""
FIX50SP2,f,"711 40540 43034 43008",43069,""
FIX50SP2,f,"711 40540 43034 43008",43071,""
FIX50SP2,f,"711 40540 43034",43030,""
FIX50SP2,f,"711 40540 43034",43060,""
FIX50SP2,f,"711 40540 43034",43064,""
FIX50SP2,f,"711",40962,""
FIX50SP2,f,"711",41820,""
FIX50SP2,f,"711",41841,""
FIX50SP2,f,"711",41844,""
FIX50SP2,f,"711",41856,""
FIX50SP2,f,"711",41864,""
FIX50SP2,f,"711",41866,""
FIX50SP2,f,"711",41868,""
FIX50SP2,f,"711",41947,""
FIX50SP2,f,"711",42036,""
FIX50SP2,f,"711 42036",41340,""
FIX50SP2,f,"711",42041,""
FIX50SP2,f,"711 42041",42039,""
FIX50SP2,f,"711 42041",42788,""
FIX50SP2,f,"711",42060,""
FIX50SP2,f,"711 42060",42065,""
FIX50SP2,f,"711",42068,""
FIX50SP2,f,"711 42068",42077,""
FIX50SP2,f,"711 42068 42077",42085,""
FIX50SP2,f,"711 42068",42087,""
FIX50SP2,f,"711 42068",42090,""
FIX50SP2,f,"711",42149,""
FIX50SP2,f,"711 42149",42099,""
FIX50SP2,f,"711 42149",42112,""
FIX50SP2,f,"711 42149",42173,""
FIX50SP2,f,"711 42149 42173",42177,""
FIX50SP2,f,"711 42149",42180,""
FIX50SP2,f,"711 42149",42182,""
FIX50SP2,f,"711 42149",42184,""
FIX50SP2,f,"711 42149",42186,""
FIX50SP2,f,"711 42149",42188,""
FIX50SP2,f,"711 42149",42190,""
FIX50SP2,f,"711",42855,""
FIX50SP2,f,"711",42884,""
FIX50SP2,f,"711",43005,""
FIX50SP2,f,"711",43074,""
FIX50SP2,f,"",864,""
FIX50SP2,f,"",870,""
FIX50SP2,f,"",1018,""
FIX50SP2,f,"1018",1052,""
FIX50SP2,f,"",1483,""
FIX50SP2,f,"1483",1491,""
FIX50SP2,f,"1483 1491",1494,""
FIX50SP2,f,"1483",40997,""
FIX50SP2,f,"1483 40997",41005,""
FIX50SP2,f,"1483",41010,""
FIX50SP2,f,"1483 41010",40994,""
FIX50SP2,f,"1483 41010",41007,""
FIX50SP2,f,"1483 41010",41031,""
FIX50SP2,f,"1483",41013,""
FIX50SP2,f,"1483",41018,""
FIX50SP2,f,"1483",41029,""
FIX50SP2,f,"",1647,""
FIX50SP2,f,"",1976,""
FIX50SP2,f,"",2304,""
FIX50SP2,f,"",2580,""
FIX50SP2,f,"",2734,""
FIX50SP2,f,"",2746,""
FIX50SP2,f,"",40019,""
FIX50SP2,f,"40019",40000,""
FIX50SP2,f,"",40022,""
FIX50SP2,f,"40022",40277,""
FIX50SP2,f,"40022",42214,""
FIX50SP2,f,"",40040,""
FIX50SP2,f,"",40042,""
FIX50SP2,f,"",40046,""
FIX50SP2,f,"",40049,""
FIX50SP2,f,"40049",40085,""
FIX50SP2,f,"40049",40825,""
FIX50SP2,f,"40049",40828,""
FIX50SP2,f,"40049 40828",40868,""
FIX50SP2,f,"40049 40828",40945,""
FIX50SP2,f,"40049 40828",40977,""
FIX50SP2,f,"40049 40828",41161,""
FIX50SP2,f,"40049",40872,""
FIX50SP2,f,"40049 40872",42696,""
FIX50SP2,f,"40049 40872",42705,""
FIX50SP2,f,"40049",40946,""
FIX50SP2,f,"40049",40947,""
FIX50SP2,f,"40049",40948,""
FIX50SP2,f,"40049",40949,""
FIX50SP2,f,"40049",40950,""
FIX50SP2,f,"40049",40958,""
FIX50SP2,f,"40049",40959,""
FIX50SP2,f,"40049",40960,""
FIX50SP2,f,"40049",40961,""
FIX50SP2,f,"40049",41037,""
FIX50SP2,f,"40049 41037",41051,""
FIX50SP2,f,"40049 41037 41051",41054,""
FIX50SP2,f,"40049",41081,""
FIX50SP2,f,"40049",41085,""
FIX50SP2,f,"40049",41192,""
FIX50SP2,f,"40049",41220,""
FIX50SP2,f,"40049",41224,""
FIX50SP2,f,"40049",41227,""
FIX50SP2,f,"40049",41237,""
FIX50SP2,f,"40049",41241,""
FIX50SP2,f,"40049",41249,""
FIX50SP2,f,"40049",41277,""
FIX50SP2,f,"40049",41280,""
FIX50SP2,f,"40049",41289,""
FIX50SP2,f,"40049 41289",41283,""
FIX50SP2,f,"40049 41289 41283",41286,""
FIX50SP2,f,"40049",42236,""
FIX50SP2,f,"40049",42272,""
FIX50SP2,f,"40049",42274,""
FIX50SP2,f,"40049 42274",42294,""
FIX50SP2,f,"40049",42606,""
FIX50SP2,f,"40049",42620,""
FIX50SP2,f,"40049",42660,""
FIX50SP2,f,"40049",42683,""
FIX50SP2,f,"40049",42735,""
FIX50SP2,f,"40049 42735",42709,""
FIX50SP2,f,"40049 42735 42709",42770,""
FIX50SP2,f,"40049 42735 42709",42772,""
FIX50SP2,f,"40049 42735",42731,""
FIX50SP2,f,"40049 42735",42761,""
FIX50SP2,f,"40049 42735",42765,""
FIX50SP2,f,"",40090,""
FIX50SP2,f,"40090",40142,""
FIX50SP2,f,"40090",40171,""
FIX50SP2,f,"40090",40174,""
FIX50SP2,f,"40090 40174",40178,""
FIX50SP2,f,"40090",40952,""
FIX50SP2,f,"40090",40953,""
FIX50SP2,f,"40090",40954,""
FIX50SP2,f,"40090",40955,""
FIX50SP2,f,"40090",40956,""
FIX50SP2,f,"40090",40957,""
FIX50SP2,f,"",40181,""
FIX50SP2,f,"40181",40191,""
FIX50SP2,f,"40181 40191",40199,""
FIX50SP2,f,"40181",40201,""
FIX50SP2,f,"40181",40951,""
FIX50SP2,f,"",40204,""
FIX50SP2,f,"40204",40209,""
FIX50SP2,f,"",40278,""
FIX50SP2,f,"",41092,""
FIX50SP2,f,"",41094,""
FIX50SP2,f,"",41096,""
FIX50SP2,f,"",41116,""
FIX50SP2,f,"",41137,""
FIX50SP2,f,"",41140,""
FIX50SP2,f,"",41152,""
FIX50SP2,f,"",41230,""
FIX50SP2,f,"",42296,""
FIX50SP2,f,"",42775,""
FIX50SP2,h,"",454,""
FIX50SP2,h,"",864,""
FIX50SP2,h,"",1018,""
FIX50SP2,h,"1018",1052,""
FIX50SP2,h,"",1483,""
FIX50SP2,h,"1483",1491,""
FIX50SP2,h,"1483 1491",1494,""
FIX50SP2,h,"1483",40997,""
FIX50SP2,h,"1483 40997",41005,""
FIX50SP2,h,"1483",41010,""
FIX50SP2,h,"1483 41010",40994,""
FIX50SP2,h,"1483 41010",41007,""
FIX50SP2,h,"1483 41010",41031,""
FIX50SP2,h,"1483",41013,""
FIX50SP2,h,"1483",41018,""
FIX50SP2,h,"1483",41029,""
FIX50SP2,h,"",1976,""
FIX50SP2,h,"",2304,""
FIX50SP2,h,"",40019,""
FIX50SP2,h,"40019",40000,""
FIX50SP2,h,"",40022,""
FIX50SP2,h,"40022",40277,""
FIX50SP2,h,"40022",42214,""
FIX50SP2,h,"",40049,""
FIX50SP2,h,"40049",40085,""
FIX50SP2,h,"40049",40825,""
FIX50SP2,h,"40049",40828,""
FIX50SP2,h,"40049 40828",40868,""
FIX50SP2,h,"40049 40828",40945,""
FIX50SP2,h,"40049 40828",40977,""
FIX50SP2,h,"40049 40828",41161,""
FIX50SP2,h,"40049",40872,""
FIX50SP2,h,"40049 40872",42696,""
FIX50SP2,h,"40049 40872",42705,""
FIX50SP2,h,"40049",40946,""
FIX50SP2,h,"40049",40947,""
FIX50SP2,h,"40049",40948,""
FIX50SP2,h,"40049",40949,""
FIX50SP2,h,"40049",40950,""
FIX50SP2,h,"40049",40958,""
FIX50SP2,h,"40049",40959,""
FIX50SP2,h,"40049",40960,""
FIX50SP2,h,"40049",40961,""
FIX50SP2,h,"40049",41037,""
FIX50SP2,h,"40049 41037",41051,""
FIX50SP2,h,"40049 41037 41051",41054,""
FIX50SP2,h,"40049",41081,""
FIX50SP2,h,"40049",41085,""
FIX50SP2,h,"40049",41192,""
FIX50SP2,h,"40049",41220,""
FIX50SP2,h,"40049",41224,""
FIX50SP2,h,"40049",41227,""
FIX50SP2,h,"40049",41237,""
FIX50SP2,h,"40049",41241,""
FIX50SP2,h,"40049",41249,""
FIX50SP2,h,"40049",41277,""
FIX50SP2,h,"40049",41280,""
FIX50SP2,h,"40049",41289,""
FIX50SP2,h,"40049 41289",41283,""
FIX50SP2,h,"40049 41289 41283",41286,""
FIX50SP2,h,"40049",42236,""
FIX50SP2,h,"40049",42272,""
FIX50SP2,h,"40049",42274,""
FIX50SP2,h,"40049 42274",42294,""
FIX50SP2,h,"40049",42606,""
FIX50SP2,h,"40049",42620,""
FIX50SP2,h,"40049",42660,""
FIX50SP2,h,"40049",42683,""
FIX50SP2,h,"40049",42735,""
FIX50SP2,h,"40049 42735",42709,""
FIX50SP2,h,"40049 42735 42709",42770,""
FIX50SP2,h,"40049 42735 42709",42772,""
FIX50SP2,h,"40049 42735",42731,""
FIX50SP2,h,"40049 42735",42761,""
FIX50SP2,h,"40049 42735",42765,""
FIX50SP2,h,"",40090,""
FIX50SP2,h,"40090",40142,""
FIX50SP2,h,"40090",40171,""
FIX50SP2,h,"40090",40174,""
FIX50SP2,h,"40090 40174",40178,""
FIX50SP2,h,"40090",40952,""
FIX50SP2,h,"40090",40953,""
FIX50SP2,h,"40090",40954,""
FIX50SP2,h,"40090",40955,""
FIX50SP2,h,"40090",40956,""
FIX50SP2,h,"40090",40957,""
FIX50SP2,h,"",40181,""
FIX50SP2,h,"40181",40191,""
FIX50SP2,h,"40181 40191",40199,""
FIX50SP2,h,"40181",40201,""
FIX50SP2,h,"40181",40951,""
FIX50SP2,h,"",40204,""
FIX50SP2,h,"40204",40209,""
FIX50SP2,h,"",40278,""
FIX50SP2,h,"",41092,""
FIX50SP2,h,"",41094,""
FIX50SP2,h,"",41096,""
FIX50SP2,h,"",41116,""
FIX50SP2,h,"",41137,""
FIX50SP2,h,"",41140,""
FIX50SP2,h,"",41152,""
FIX50SP2,h,"",41230,""
FIX50SP2,h,"",42296,""
FIX50SP2,h,"",42775,""
FIX50SP2,i,"",296,""
FIX50SP2,i,"296",295,""
FIX50SP2,i,"296 295",454,""
FIX50SP2,i,"296 295",555,""
FIX50SP2,i,"296 295 555",604,""
FIX50SP2,i,"296 295 555",2059,""
FIX50SP2,i,"296 295 555",2076,""
FIX50SP2,i,"296 295 555",2218,""
FIX50SP2,i,"296 295 555 2218",2250,""
FIX50SP2,i,"296 295 555 2218 2250",2253,""
FIX50SP2,i,"296 295 555 2218",41366,""
FIX50SP2,i,"296 295 555 2218 41366",41374,""
FIX50SP2,i,"296 295 555 2218",41379,""
FIX50SP2,i,"296 295 555 2218 41379",41363,""
FIX50SP2,i,"296 295 555 2218 41379",41376,""
FIX50SP2,i,"296 295 555 2218 41379",41400,""
FIX50SP2,i,"296 295 555 2218",41382,""
FIX50SP2,i,"296 295 555 2218",41387,""
FIX50SP2,i,"296 295 555 2218",41398,""
FIX50SP2,i,"296 295 555",2254,""
FIX50SP2,i,"296 295 555 2254",2258,""
FIX50SP2,i,"296 295 555",2308,""
FIX50SP2,i,"296 295 555",40241,""
FIX50SP2,i,"296 295 555 40241",40367,""
FIX50SP2,i,"296 295 555 40241",40374,""
FIX50SP2,i,"296 295 555 40241 40374",40414,""
FIX50SP2,i,"296 295 555 40241 40374",40927,""
FIX50SP2,i,"296 295 555 40241 40374",40928,""
FIX50SP2,i,"296 295 555 40241 40374",41530,""
FIX50SP2,i,"296 295 555 40241",40418,""
FIX50SP2,i,"296 295 555 40241 40418",42495,""
FIX50SP2,i,"296 295 555 40241 40418",42504,""
FIX50SP2,i,"296 295 555 40241",40902,""
FIX50SP2,i,"296 295 555 40241",40929,""
FIX50SP2,i,"296 295 555 40241",40930,""
FIX50SP2,i,"296 295 555 40241",40931,""
FIX50SP2,i,"296 295 555 40241",40932,""
FIX50SP2,i,"296 295 555 40241",40933,""
FIX50SP2,i,"296 295 555 40241",40940,""
FIX50SP2,i,"296 295 555 40241",40941,""
FIX50SP2,i,"296 295 555 40241",40942,""
FIX50SP2,i,"296 295 555 40241",40943,""
FIX50SP2,i,"296 295 555 40241",41408,""
FIX50SP2,i,"296 295 555 40241 41408",41422,""
FIX50SP2,i,"296 295 555 40241 41408 41422",41425,""
FIX50SP2,i,"296 295 555 40241",41452,""
FIX50SP2,i,"296 295 555 40241",41456,""
FIX50SP2,i,"296 295 555 40241",41460,""
FIX50SP2,i,"296 295 555 40241",41561,""
FIX50SP2,i,"296 295 555 40241",41589,""
FIX50SP2,i,"296 295 555 40241",41593,""
FIX50SP2,i,"296 295 555 40241",41596,""
FIX50SP2,i,"296 295 555 40241",41638,""
FIX50SP2,i,"296 295 555 40241",41646,""
FIX50SP2,i,"296 295 555 40241",41674,""
FIX50SP2,i,"296 295 555 40241",41677,""
FIX50SP2,i,"296 295 555 40241",41686,""
FIX50SP2,i,"296 295 555 40241 41686",41680,""
FIX50SP2,i,"296 295 555 40241 41686 41680",41683,""
FIX50SP2,i,"296 295 555 40241",42310,""
FIX50SP2,i,"296 295 555 40241",42364,""
FIX50SP2,i,"296 295 555 40241",42366,""
FIX50SP2,i,"296 295 555 40241 42366",42386,""
FIX50SP2,i,"296 295 555 40241",42405,""
FIX50SP2,i,"296 295 555 40241",42419,""
FIX50SP2,i,"296 295 555 40241",42459,""
FIX50SP2,i,"296 295 555 40241",42485,""
FIX50SP2,i,"296 295 555 40241",42534,""
FIX50SP2,i,"296 295 555 40241 42534",42508,""
FIX50SP2,i,"296 295 555 40241 42534 42508",42569,""
FIX50SP2,i,"296 295 555 40241 42534 42508",42571,""
FIX50SP2,i,"296 295 555 40241 42534",42530,""
FIX50SP2,i,"296 295 555 40241 42534",42560,""
FIX50SP2,i,"296 295 555 40241 42534",42564,""
FIX50SP2,i,"296 295 555",40448,""
FIX50SP2,i,"296 295 555 40448",40473,""
FIX50SP2,i,"296 295 555 40448",40495,""
FIX50SP2,i,"296 295 555 40448",40533,""
FIX50SP2,i,"296 295 555 40448 40533",40537,""
FIX50SP2,i,"296 295 555 40448",40934,""
FIX50SP2,i,"296 295 555 40448",40935,""
FIX50SP2,i,"296 295 555 40448",40936,""
FIX50SP2,i,"296 295 555 40448",40937,""
FIX50SP2,i,"296 295 555 40448",40938,""
FIX50SP2,i,"296 295 555 40448",40939,""
FIX50SP2,i,"296 295 555",40923,""
FIX50SP2,i,"296 295 555",41335,""
FIX50SP2,i,"296 295 555 41335",41316,""
FIX50SP2,i,"296 295 555",41344,""
FIX50SP2,i,"296 295 555 41344",41342,""
FIX50SP2,i,"296 295 555 41344",42306,""
FIX50SP2,i,"296 295 555",41467,""
FIX50SP2,i,"296 295 555",41469,""
FIX50SP2,i,"296 295 555",41471,""
FIX50SP2,i,"296 295 555",41491,""
FIX50SP2,i,"296 295 555",41512,""
FIX50SP2,i,"296 295 555",41515,""
FIX50SP2,i,"296 295 555",41527,""
FIX50SP2,i,"296 295 555",41599,""
FIX50SP2,i,"296 295 555 41599",41604,""
FIX50SP2,i,"296 295 555",41607,""
FIX50SP2,i,"296 295 555",41616,""
FIX50SP2,i,"296 295 555 41616",41614,""
FIX50SP2,i,"296 295 555 41616",41625,""
FIX50SP2,i,"296 295 555 41616 41625",41633,""
FIX50SP2,i,"296 295 555 41616",41635,""
FIX50SP2,i,"296 295 555",42198,""
FIX50SP2,i,"296 295 555",42200,""
FIX50SP2,i,"296 295 555",42203,""
FIX50SP2,i,"296 295 555",42388,""
FIX50SP2,i,"296 295 555",42581,""
FIX50SP2,i,"296 295",864,""
FIX50SP2,i,"296 295",1018,""
FIX50SP2,i,"296 295 1018",1052,""
FIX50SP2,i,"296 295",1483,""
FIX50SP2,i,"296 295 1483",1491,""
FIX50SP2,i,"296 295 1483 1491",1494,""
FIX50SP2,i,"296 295 1483",40997,""
FIX50SP2,i,"296 295 1483 40997",41005,""
FIX50SP2,i,"296 295 1483",41010,""
FIX50SP2,i,"296 295 1483 41010",40994,""
FIX50SP2,i,"296 295 1483 41010",41007,""
FIX50SP2,i,"296 295 1483 41010",41031,""
FIX50SP2,i,"296 295 1483",41013,""
FIX50SP2,i,"296 295 1483",41018,""
FIX50SP2,i,"296 295 1483",41029,""
FIX50SP2,i,"296 295",1976,""
FIX50SP2,i,"296 295",2304,""
FIX50SP2,i,"296 295",40019,""
FIX50SP2,i,"296 295 40019",40000,""
FIX50SP2,i,"296 295",40022,""
FIX50SP2,i,"296 295 40022",40277,""
FIX50SP2,i,"296 295 40022",42214,""
FIX50SP2,i,"296 295",40049,""
FIX50SP2,i,"296 295 40049",40085,""
FIX50SP2,i,"296 295 40049",40825,""
FIX50SP2,i,"296 295 40049",40828,""
FIX50SP2,i,"296 295 40049 40828",40868,""
FIX50SP2,i,"296 295 40049 40828",40945,""
FIX50SP2,i,"296 295 40049 40828",40977,""
FIX50SP2,i,"296 295 40049 40828",41161,""
FIX50SP2,i,"296 295 40049",40872,""
FIX50SP2,i,"296 295 40049 40872",42696,""
FIX50SP2,i,"296 295 40049 40872",42705,""
FIX50SP2,i,"296 295 40049",40946,""
FIX50SP2,i,"296 295 40049",40947,""
FIX50SP2,i,"296 295 40049",40948,""
FIX50SP2,i,"296 295 40049",40949,""
FIX50SP2,i,"296 295 40049",40950,""
FIX50SP2,i,"296 295 40049",40958,""
FIX50SP2,i,"296 295 40049",40959,""
FIX50SP2,i,"296 295 40049",40960,""
FIX50SP2,i,"296 295 40049",40961,""
FIX50SP2,i,"296 295 40049",41037,""
FIX50SP2,i,"296 295 40049 41037",41051,""
FIX50SP2,i,"296 295 40049 41037 41051",41054,""
FIX50SP2,i,"296 295 40049",41081,""
FIX50SP2,i,"296 295 40049",41085,""
FIX50SP2,i,"296 295 40049",41192,""
FIX50SP2,i,"296 295 40049",41220,""
FIX50SP2,i,"296 295 40049",41224,""
FIX50SP2,i,"296 295 40049",41227,""
FIX50SP2,i,"296 295 40049",41237,""
FIX50SP2,i,"296 295 40049",41241,""
FIX50SP2,i,"296 295 40049",41249,""
FIX50SP2,i,"296 295 40049",41277,""
FIX50SP2,i,"296 295 40049",41280,""
FIX50SP2,i,"296 295 40049",41289,""
FIX50SP2,i,"296 295 40049 41289",41283,""
FIX50SP2,i,"296 295 40049 41289 41283",41286,""
FIX50SP2,i,"296 295 40049",42236,""
FIX50SP2,i,"296 295 40049",42272,""
FIX50SP2,i,"296 295 40049",42274,""
FIX50SP2,i,"296 295 40049 42274",42294,""
FIX50SP2,i,"296 295 40049",42606,""
FIX50SP2,i,"296 295 40049",42620,""
FIX50SP2,i,"296 295 40049",42660,""
FIX50SP2,i,"296 295 40049",42683,""
FIX50SP2,i,"296 295 40049",42735,""
FIX50SP2,i,"296 295 40049 42735",42709,""
FIX50SP2,i,"296 295 40049 42735 42709",42770,""
FIX50SP2,i,"296 295 40049 42735 42709",42772,""
FIX50SP2,i,"296 295 40049 42735",42731,""
FIX50SP2,i,"296 295 40049 42735",42761,""
FIX50SP2,i,"296 295 40049 42735",42765,""
FIX50SP2,i,"296 295",40090,""
FIX50SP2,i,"296 295 40090",40142,""
FIX50SP2,i,"296 295 40090",40171,""
FIX50SP2,i,"296 295 40090",40174,""
FIX50SP2,i,"296 295 40090 40174",40178,""
FIX50SP2,i,"296 295 40090",40952,""
FIX50SP2,i,"296 295 40090",40953,""
FIX50SP2,i,"296 295 40090",40954,""
FIX50SP2,i,"296 295 40090",40955,""
FIX50SP2,i,"296 295 40090",40956,""
FIX50SP2,i,"296 295 40090",40957,""
FIX50SP2,i,"296 295",40181,""
FIX50SP2,i,"296 295 40181",40191,""
FIX50SP2,i,"296 295 40181 40191",40199,""
FIX50SP2,i,"296 295 40181",40201,""
FIX50SP2,i,"296 295 40181",40951,""
FIX50SP2,i,"296 295",40204,""
FIX50SP2,i,"296 295 40204",40209,""
FIX50SP2,i,"296 295",40278,""
FIX50SP2,i,"296 295",41092,""
FIX50SP2,i,"296 295",41094,""
FIX50SP2,i,"296 295",41096,""
FIX50SP2,i,"296 295",41116,""
FIX50SP2,i,"296 295",41137,""
FIX50SP2,i,"296 295",41140,""
FIX50SP2,i,"296 295",41152,""
FIX50SP2,i,"296 295",41230,""
FIX50SP2,i,"296 295",42296,""
FIX50SP2,i,"296 295",42775,""
FIX50SP2,i,"296",457,""
FIX50SP2,i,"296",887,""
FIX50SP2,i,"296",1058,""
FIX50SP2,i,"296 1058",1062,""
FIX50SP2,i,"296",1981,""
FIX50SP2,i,"296",2045,""
FIX50SP2,i,"296 2045",2053,""
FIX50SP2,i,"296 2045 2053",2056,""
FIX50SP2,i,"296 2045",41716,""
FIX50SP2,i,"296 2045 41716",41724,""
FIX50SP2,i,"296 2045",41729,""
FIX50SP2,i,"296 2045 41729",41713,""
FIX50SP2,i,"296 2045 41729",41726,""
FIX50SP2,i,"296 2045 41729",41750,""
FIX50SP2,i,"296 2045",41732,""
FIX50SP2,i,"296 2045",41737,""
FIX50SP2,i,"296 2045",41748,""
FIX50SP2,i,"296",2080,""
FIX50SP2,i,"296",2312,""
FIX50SP2,i,"296",40540,""
FIX50SP2,i,"296 40540",40656,""
FIX50SP2,i,"296 40540",40659,""
FIX50SP2,i,"296 40540",40664,""
FIX50SP2,i,"296 40540 40664",40704,""
FIX50SP2,i,"296 40540 40664",40966,""
FIX50SP2,i,"296 40540 40664",40967,""
FIX50SP2,i,"296 40540 40664",41878,""
FIX50SP2,i,"296 40540",40708,""
FIX50SP2,i,"296 40540 40708",42991,""
FIX50SP2,i,"296 40540 40708",43000,""
FIX50SP2,i,"296 40540",40968,""
FIX50SP2,i,"296 40540",40969,""
FIX50SP2,i,"296 40540",40970,""
FIX50SP2,i,"296 40540",40971,""
FIX50SP2,i,"296 40540",40972,""
FIX50SP2,i,"296 40540",40973,""
FIX50SP2,i,"296 40540",40974,""
FIX50SP2,i,"296 40540",40975,""
FIX50SP2,i,"296 40540",40976,""
FIX50SP2,i,"296 40540",41756,""
FIX50SP2,i,"296 40540 41756",41770,""
FIX50SP2,i,"296 40540 41756 41770",41773,""
FIX50SP2,i,"296 40540",41800,""
FIX50SP2,i,"296 40540",41804,""
FIX50SP2,i,"296 40540",41808,""
FIX50SP2,i,"296 40540",41909,""
FIX50SP2,i,"296 40540",41937,""
FIX50SP2,i,"296 40540",41941,""
FIX50SP2,i,"296 40540",41944,""
FIX50SP2,i,"296 40540",41954,""
FIX50SP2,i,"296 40540",41962,""
FIX50SP2,i,"296 40540",41990,""
FIX50SP2,i,"296 40540",41993,""
FIX50SP2,i,"296 40540",42002,""
FIX50SP2,i,"296 40540 42002",41996,""
FIX50SP2,i,"296 40540 42002 41996",41999,""
FIX50SP2,i,"296 40540",42799,""
FIX50SP2,i,"296 40540",42853,""
FIX50SP2,i,"296 40540",42862,""
FIX50SP2,i,"296 40540 42862",42882,""
FIX50SP2,i,"296 40540",42901,""
FIX50SP2,i,"296 40540",42915,""
FIX50SP2,i,"296 40540",42955,""
FIX50SP2,i,"296 40540",42981,""
FIX50SP2,i,"296 40540",43034,""
FIX50SP2,i,"296 40540 43034",43008,""
FIX50SP2,i,"296 40540 43034 43008",43069,""
FIX50SP2,i,"296 40540 43034 43008",43071,""
FIX50SP2,i,"296 40540 43034",43030,""
FIX50SP2,i,"296 40540 43034",43060,""
FIX50SP2,i,"296 40540 43034",43064,""
FIX50SP2,i,"296",40962,""
FIX50SP2,i,"296",41820,""
FIX50SP2,i,"296",41841,""
FIX50SP2,i,"296",41844,""
FIX50SP2,i,"296",41856,""
FIX50SP2,i,"296",41864,""
FIX50SP2,i,"296",41866,""
FIX50SP2,i,"296",41868,""
FIX50SP2,i,"296",41947,""
FIX50SP2,i,"296",42036,""
FIX50SP2,i,"296 42036",41340,""
FIX50SP2,i,"296",42041,""
FIX50SP2,i,"296 42041",42039,""
FIX50SP2,i,"296 42041",42788,""
FIX50SP2,i,"296",42060,""
FIX50SP2,i,"296 42060",42065,""
FIX50SP2,i,"296",42068,""
FIX50SP2,i,"296 42068",42077,""
FIX50SP2,i,"296 42068 42077",42085,""
FIX50SP2,i,"296 42068",42087,""
FIX50SP2,i,"296 42068",42090,""
FIX50SP2,i,"296",42149,""
FIX50SP2,i,"296 42149",42099,""
FIX50SP2,i,"296 42149",42112,""
FIX50SP2,i,"296 42149",42173,""
FIX50SP2,i,"296 42149 42173",42177,""
FIX50SP2,i,"296 42149",42180,""
FIX50SP2,i,"296 42149",42182,""
FIX50SP2,i,"296 42149",42184,""
FIX50SP2,i,"296 42149",42186,""
FIX50SP2,i,"296 42149",42188,""
FIX50SP2,i,"296 42149",42190,""
FIX50SP2,i,"296",42855,""
FIX50SP2,i,"296",42884,""
FIX50SP2,i,"296",43005,""
FIX50SP2,i,"296",43074,""
FIX50SP2,i,"",453,""
FIX50SP2,i,"453",802,""
FIX50SP2,k,"",398,""
FIX50SP2,k,"",420,""
FIX50SP2,l,"",420,""
FIX50SP2,m,"",428,""
FIX50SP2,m,"428",454,""
FIX50SP2,m,"428",711,""
FIX50SP2,m,"428 711",457,""
FIX50SP2,m,"428 711",887,""
FIX50SP2,m,"428 711",1058,""
FIX50SP2,m,"428 711 1058",1062,""
FIX50SP2,m,"428 711",1981,""
FIX50SP2,m,"428 711",2045,""
FIX50SP2,m,"428 711 2045",2053,""
FIX50SP2,m,"428 711 2045 2053",2056,""
FIX50SP2,m,"428 711 2045",41716,""
FIX50SP2,m,"428 711 2045 41716",41724,""
FIX50SP2,m,"428 711 2045",41729,""
FIX50SP2,m,"428 711 2045 41729",41713,""
FIX50SP2,m,"428 711 2045 41729",41726,""
FIX50SP2,m,"428 711 2045 41729",41750,""
FIX50SP2,m,"428 711 2045",41732,""
FIX50SP2,m,"428 711 2045",41737,""
FIX50SP2,m,"428 711 2045",41748,""
FIX50SP2,m,"428 711",2080,""
FIX50SP2,m,"428 711",2312,""
FIX50SP2,m,"428 711",40540,""
FIX50SP2,m,"428 711 40540",40656,""
FIX50SP2,m,"428 711 40540",40659,""
FIX50SP2,m,"428 711 40540",40664,""
FIX50SP2,m,"428 711 40540 40664",40704,""
FIX50SP2,m,"428 711 40540 40664",40966,""
FIX50SP2,m,"428 711 40540 40664",40967,""
FIX50SP2,m,"428 711 40540 40664",41878,""
FIX50SP2,m,"428 711 40540",40708,""
FIX50SP2,m,"428 711 40540 40708",42991,""
FIX50SP2,m,"428 711 40540 40708",43000,""
FIX50SP2,m,"428 711 40540",40968,""
FIX50SP2,m,"428 711 40540",40969,""
FIX50SP2,m,"428 711 40540",40970,""
FIX50SP2,m,"428 711 40540",40971,""
FIX50SP2,m,"428 711 40540",40972,""
FIX50SP2,m,"428 711 40540",40973,""
FIX50SP2,m,"428 711 40540",40974,""
FIX50SP2,m,"428 711 40540",40975,""
FIX50SP2,m,"428 711 40540",40976,""
FIX50SP2,m,"428 711 40540",41756,""
FIX50SP2,m,"428 711 40540 41756",41770,""
FIX50SP2,m,"428 711 40540 41756 41770",41773,""
FIX50SP2,m,"428 711 40540",41800,""
FIX50SP2,m,"428 711 40540",41804,""
FIX50SP2,m,"428 711 40540",41808,""
FIX50SP2,m,"428 711 40540",41909,""
FIX50SP2,m,"428 711 40540",41937,""
FIX50SP2,m,"428 711 40540",41941,""
FIX50SP2,m,"428 711 40540",41944,""
FIX50SP2,m,"428 711 40540",41954,""
FIX50SP2,m,"428 711 40540",41962,""
FIX50SP2,m,"428 711 40540",41990,""
FIX50SP2,m,"428 711 40540",41993,""
FIX50SP2,m,"428 711 40540",42002,""
FIX50SP2,m,"428 711 40540 42002",41996,""
FIX50SP2,m,"428 711 40540 42002 41996",41999,""
FIX50SP2,m,"428 711 40540",42799,""
FIX50SP2,m,"428 711 40540",42853,""
FIX50SP2,m,"428 711 40540",42862,""
FIX50SP2,m,"428 711 40540 42862",42882,""
FIX50SP2,m,"428 711 40540",42901,""
FIX50SP2,m,"428 711 40540",42915,""
FIX50SP2,m,"428 711 40540",42955,""
FIX50SP2,m,"428 711 40540",42981,""
FIX50SP2,m,"428 711 40540",43034,""
FIX50SP2,m,"428 711 40540 43034",43008,""
FIX50SP2,m,"428 711 40540 43034 43008",43069,""
FIX50SP2,m,"428 711 40540 43034 43008",43071,""
FIX50SP2,m,"428 711 40540 43034",43030,""
FIX50SP2,m,"428 711 40540 43034",43060,""
FIX50SP2,m,"428 711 40540 43034",43064,""
FIX50SP2,m,"428 711",40962,""
FIX50SP2,m,"428 711",41820,""
FIX50SP2,m,"428 711",41841,""
FIX50SP2,m,"428 711",41844,""
FIX50SP2,m,"428 711",41856,""
FIX50SP2,m,"428 711",41864,""
FIX50SP2,m,"428 711",41866,""
FIX50SP2,m,"428 711",41868,""
FIX50SP2,m,"428 711",41947,""
FIX50SP2,m,"428 711",42036,""
FIX50SP2,m,"428 711 42036",41340,""
FIX50SP2,m,"428 711",42041,""
FIX50SP2,m,"428 711 42041",42039,""
FIX50SP2,m,"428 711 42041",42788,""
FIX50SP2,m,"428 711",42060,""
FIX50SP2,m,"428 711 42060",42065,""
FIX50SP2,m,"428 711",42068,""
FIX50SP2,m,"428 711 42068",42077,""
FIX50SP2,m,"428 711 42068 42077",42085,""
FIX50SP2,m,"428 711 42068",42087,""
FIX50SP2,m,"428 711 42068",42090,""
FIX50SP2,m,"428 711",42149,""
FIX50SP2,m,"428 711 42149",42099,""
FIX50SP2,m,"428 711 42149",42112,""
FIX50SP2,m,"428 711 42149",42173,""
FIX50SP2,m,"428 711 42149 42173",42177,""
FIX50SP2,m,"428 711 42149",42180,""
FIX50SP2,m,"428 711 42149",42182,""
FIX50SP2,m,"428 711 42149",42184,""
FIX50SP2,m,"428 711 42149",42186,""
FIX50SP2,m,"428 711 42149",42188,""
FIX50SP2,m,"428 711 42149",42190,""
FIX50SP2,m,"428 711",42855,""
FIX50SP2,m,"428 711",42884,""
FIX50SP2,m,"428 711",43005,""
FIX50SP2,m,"428 711",43074,""
FIX50SP2,m,"428",864,""
FIX50SP2,m,"428",1018,""
FIX50SP2,m,"428 1018",1052,""
FIX50SP2,m,"428",1483,""
FIX50SP2,m,"428 1483",1491,""
FIX50SP2,m,"428 1483 1491",1494,""
FIX50SP2,m,"428 1483",40997,""
FIX50SP2,m,"428 1483 40997",41005,""
FIX50SP2,m,"428 1483",41010,""
FIX50SP2,m,"428 1483 41010",40994,""
FIX50SP2,m,"428 1483 41010",41007,""
FIX50SP2,m,"428 1483 41010",41031,""
FIX50SP2,m,"428 1483",41013,""
FIX50SP2,m,"428 1483",41018,""
FIX50SP2,m,"428 1483",41029,""
FIX50SP2,m,"428",1976,""
FIX50SP2,m,"428",2304,""
FIX50SP2,m,"428",40019,""
FIX50SP2,m,"428 40019",40000,""
FIX50SP2,m,"428",40022,""
FIX50SP2,m,"428 40022",40277,""
FIX50SP2,m,"428 40022",42214,""
FIX50SP2,m,"428",40049,""
FIX50SP2,m,"428 40049",40085,""
FIX50SP2,m,"428 40049",40825,""
FIX50SP2,m,"428 40049",40828,""
FIX50SP2,m,"428 40049 40828",40868,""
FIX50SP2,m,"428 40049 40828",40945,""
FIX50SP2,m,"428 40049 40828",40977,""
FIX50SP2,m,"428 40049 40828",41161,""
FIX50SP2,m,"428 40049",40872,""
FIX50SP2,m,"428 40049 40872",42696,""
FIX50SP2,m,"428 40049 40872",42705,""
FIX50SP2,m,"428 40049",40946,""
FIX50SP2,m,"428 40049",40947,""
FIX50SP2,m,"428 40049",40948,""
FIX50SP2,m,"428 40049",40949,""
FIX50SP2,m,"428 40049",40950,""
FIX50SP2,m,"428 40049",40958,""
FIX50SP2,m,"428 40049",40959,""
FIX50SP2,m,"428 40049",40960,""
FIX50SP2,m,"428 40049",40961,""
FIX50SP2,m,"428 40049",41037,""
FIX50SP2,m,"428 40049 41037",41051,""
FIX50SP2,m,"428 40049 41037 41051",41054,""
FIX50SP2,m,"428 40049",41081,""
FIX50SP2,m,"428 40049",41085,""
FIX50SP2,m,"428 40049",41192,""
FIX50SP2,m,"428 40049",41220,""
FIX50SP2,m,"428 40049",41224,""
FIX50SP2,m,"428 40049",41227,""
FIX50SP2,m,"428 40049",41237,""
FIX50SP2,m,"428 40049",41241,""
FIX50SP2,m,"428 40049",41249,""
FIX50SP2,m,"428 40049",41277,""
FIX50SP2,m,"428 40049",41280,""
FIX50SP2,m,"428 40049",41289,""
FIX50SP2,m,"428 40049 41289",41283,""
FIX50SP2,m,"428 40049 41289 41283",41286,""
FIX50SP2,m,"428 40049",42236,""
FIX50SP2,m,"428 40049",42272,""
FIX50SP2,m,"428 40049",42274,""
FIX50SP2,m,"428 40049 42274",42294,""
FIX50SP2,m,"428 40049",42606,""
FIX50SP2,m,"428 40049",42620,""
FIX50SP2,m,"428 40049",42660,""
FIX50SP2,m,"428 40049",42683,""
FIX50SP2,m,"428 40049",42735,""
FIX50SP2,m,"428 40049 42735",42709,""
FIX50SP2,m,"428 40049 42735 42709",42770,""
FIX50SP2,m,"428 40049 42735 42709",42772,""
FIX50SP2,m,"428 40049 42735",42731,""
FIX50SP2,m,"428 40049 42735",42761,""
FIX50SP2,m,"428 40049 42735",42765,""
FIX50SP2,m,"428",40090,""
FIX50SP2,m,"428 40090",40142,""
FIX50SP2,m,"428 40090",40171,""
FIX50SP2,m,"428 40090",40174,""
FIX50SP2,m,"428 40090 40174",40178,""
FIX50SP2,m,"428 40090",40952,""
FIX50SP2,m,"428 40090",40953,""
FIX50SP2,m,"428 40090",40954,""
FIX50SP2,m,"428 40090",40955,""
FIX50SP2,m,"428 40090",40956,""
FIX50SP2,m,"428 40090",40957,""
FIX50SP2,m,"428",40181,""
FIX50SP2,m,"428 40181",40191,""
FIX50SP2,m,"428 40181 40191",40199,""
FIX50SP2,m,"428 40181",40201,""
FIX50SP2,m,"428 40181",40951,""
FIX50SP2,m,"428",40204,""
FIX50SP2,m,"428 40204",40209,""
FIX50SP2,m,"428",40278,""
FIX50SP2,m,"428",41092,""
FIX50SP2,m,"428",41094,""
FIX50SP2,m,"428",41096,""
FIX50SP2,m,"428",41116,""
FIX50SP2,m,"428",41137,""
FIX50SP2,m,"428",41140,""
FIX50SP2,m,"428",41152,""
FIX50SP2,m,"428",41230,""
FIX50SP2,m,"428",42296,""
FIX50SP2,m,"428",42775,""
FIX50SP2,o,"",453,""
FIX50SP2,o,"453",802,""
FIX50SP2,o,"",473,""
FIX50SP2,o,"473",539,""
FIX50SP2,o,"473 539",804,""
FIX50SP2,o,"",510,""
FIX50SP2,p,"",453,""
FIX50SP2,p,"453",802,""
FIX50SP2,q,"",453,""
FIX50SP2,q,"453",802,""
FIX50SP2,q,"",454,""
FIX50SP2,q,"",457,""
FIX50SP2,q,"",864,""
FIX50SP2,q,"",887,""
FIX50SP2,q,"",1018,""
FIX50SP2,q,"1018",1052,""
FIX50SP2,q,"",1058,""
FIX50SP2,q,"1058",1062,""
FIX50SP2,q,"",1461,""
FIX50SP2,q,"1461",2433,""
FIX50SP2,q,"",1483,""
FIX50SP2,q,"1483",1491,""
FIX50SP2,q,"1483 1491",1494,""
FIX50SP2,q,"1483",40997,""
FIX50SP2,q,"1483 40997",41005,""
FIX50SP2,q,"1483",41010,""
FIX50SP2,q,"1483 41010",40994,""
FIX50SP2,q,"1483 41010",41007,""
FIX50SP2,q,"1483 41010",41031,""
FIX50SP2,q,"1483",41013,""
FIX50SP2,q,"1483",41018,""
FIX50SP2,q,"1483",41029,""
FIX50SP2,q,"",1976,""
FIX50SP2,q,"",1981,""
FIX50SP2,q,"",2045,""
FIX50SP2,q,"2045",2053,""
FIX50SP2,q,"2045 2053",2056,""
FIX50SP2,q,"2045",41716,""
FIX50SP2,q,"2045 41716",41724,""
FIX50SP2,q,"2045",41729,""
FIX50SP2,q,"2045 41729",41713,""
FIX50SP2,q,"2045 41729",41726,""
FIX50SP2,q,"2045 41729",41750,""
FIX50SP2,q,"2045",41732,""
FIX50SP2,q,"2045",41737,""
FIX50SP2,q,"2045",41748,""
FIX50SP2,q,"",2080,""
FIX50SP2,q,"",2304,""
FIX50SP2,q,"",2312,""
FIX50SP2,q,"",40019,""
FIX50SP2,q,"40019",40000,""
FIX50SP2,q,"",40022,""
FIX50SP2,q,"40022",40277,""
FIX50SP2,q,"40022",42214,""
FIX50SP2,q,"",40049,""
FIX50SP2,q,"40049",40085,""
FIX50SP2,q,"40049",40825,""
FIX50SP2,q,"40049",40828,""
FIX50SP2,q,"40049 40828",40868,""
FIX50SP2,q,"40049 40828",40945,""
FIX50SP2,q,"40049 40828",40977,""
FIX50SP2,q,"40049 40828",41161,""
FIX50SP2,q,"40049",40872,""
FIX50SP2,q,"40049 40872",42696,""
FIX50SP2,q,"40049 40872",42705,""
FIX50SP2,q,"40049",40946,""
FIX50SP2,q,"40049",40947,""
FIX50SP2,q,"40049",40948,""
FIX50SP2,q,"40049",40949,""
FIX50SP2,q,"40049",40950,""
FIX50SP2,q,"40049",40958,""
FIX50SP2,q,"40049",40959,""
FIX50SP2,q,"40049",40960,""
FIX50SP2,q,"40049",40961,""
FIX50SP2,q,"40049",41037,""
FIX50SP2,q,"40049 41037",41051,""
FIX50SP2,q,"40049 41037 41051",41054,""
FIX50SP2,q,"40049",41081,""
FIX50SP2,q,"40049",41085,""
FIX50SP2,q,"40049",41192,""
FIX50SP2,q,"40049",41220,""
FIX50SP2,q,"40049",41224,""
FIX50SP2,q,"40049",41227,""
FIX50SP2,q,"40049",41237,""
FIX50SP2,q,"40049",41241,""
FIX50SP2,q,"40049",41249,""
FIX50SP2,q,"40049",41277,""
FIX50SP2,q,"40049",41280,""
FIX50SP2,q,"40049",41289,""
FIX50SP2,q,"40049 41289",41283,""
FIX50SP2,q,"40049 41289 41283",41286,""
FIX50SP2,q,"40049",42236,""
FIX50SP2,q,"40049",42272,""
FIX50SP2,q,"40049",42274,""
FIX50SP2,q,"40049 42274",42294,""
FIX50SP2,q,"40049",42606,""
FIX50SP2,q,"40049",42620,""
FIX50SP2,q,"40049",42660,""
FIX50SP2,q,"40049",42683,""
FIX50SP2,q,"40049",42735,""
FIX50SP2,q,"40049 42735",42709,""
FIX50SP2,q,"40049 42735 42709",42770,""
FIX50SP2,q,"40049 42735 42709",42772,""
FIX50SP2,q,"40049 42735",42731,""
FIX50SP2,q,"40049 42735",42761,""
FIX50SP2,q,"40049 42735",42765,""
FIX50SP2,q,"",40090,""
FIX50SP2,q,"40090",40142,""
FIX50SP2,q,"40090",40171,""
FIX50SP2,q,"40090",40174,""
FIX50SP2,q,"40090 40174",40178,""
FIX50SP2,q,"40090",40952,""
FIX50SP2,q,"40090",40953,""
FIX50SP2,q,"40090",40954,""
FIX50SP2,q,"40090",40955,""
FIX50SP2,q,"40090",40956,""
FIX50SP2,q,"40090",40957,""
FIX50SP2,q,"",40181,""
FIX50SP2,q,"40181",40191,""
FIX50SP2,q,"40181 40191",40199,""
FIX50SP2,q,"40181",40201,""
FIX50SP2,q,"40181",40951,""
FIX50SP2,q,"",40204,""
FIX50SP2,q,"40204",40209,""
FIX50SP2,q,"",40278,""
FIX50SP2,q,"",40540,""
FIX50SP2,q,"40540",40656,""
FIX50SP2,q,"40540",40659,""
FIX50SP2,q,"40540",40664,""
FIX50SP2,q,"40540 40664",40704,""
FIX50SP2,q,"40540 40664",40966,""
FIX50SP2,q,"40540 40664",40967,""
FIX50SP2,q,"40540 40664",41878,""
FIX50SP2,q,"40540",40708,""
FIX50SP2,q,"40540 40708",42991,""
FIX50SP2,q,"40540 40708",43000,""
FIX50SP2,q,"40540",40968,""
FIX50SP2,q,"40540",40969,""
FIX50SP2,q,"40540",40970,""
FIX50SP2,q,"40540",40971,""
FIX50SP2,q,"40540",40972,""
FIX50SP2,q,"40540",40973,""
FIX50SP2,q,"40540",40974,""
FIX50SP2,q,"40540",40975,""
FIX50SP2,q,"40540",40976,""
FIX50SP2,q,"40540",41756,""
FIX50SP2,q,"40540 41756",41770,""
FIX50SP2,q,"40540 41756 41770",41773,""
FIX50SP2,q,"40540",41800,""
FIX50SP2,q,"40540",41804,""
FIX50SP2,q,"40540",41808,""
FIX50SP2,q,"40540",41909,""
FIX50SP2,q,"40540",41937,""
FIX50SP2,q,"40540",41941,""
FIX50SP2,q,"40540",41944,""
FIX50SP2,q,"40540",41954,""
FIX50SP2,q,"40540",41962,""
FIX50SP2,q,"40540",41990,""
FIX50SP2,q,"40540",41993,""
FIX50SP2,q,"40540",42002,""
FIX50SP2,q,"40540 42002",41996,""
FIX50SP2,q,"40540 42002 41996",41999,""
FIX50SP2,q,"40540",42799,""
FIX50SP2,q,"40540",42853,""
FIX50SP2,q,"40540",42862,""
FIX50SP2,q,"40540 42862",42882,""
FIX50SP2,q,"40540",42901,""
FIX50SP2,q,"40540",42915,""
FIX50SP2,q,"40540",42955,""
FIX50SP2,q,"40540",42981,""
FIX50SP2,q,"40540",43034,""
FIX50SP2,q,"40540 43034",43008,""
FIX50SP2,q,"40540 43034 43008",43069,""
FIX50SP2,q,"40540 43034 43008",43071,""
FIX50SP2,q,"40540 43034",43030,""
FIX50SP2,q,"40540 43034",43060,""
FIX50SP2,q,"40540 43034",43064,""
FIX50SP2,q,"",40962,""
FIX50SP2,q,"",41092,""
FIX50SP2,q,"",41094,""
FIX50SP2,q,"",41096,""
FIX50SP2,q,"",41116,""
FIX50SP2,q,"",41137,""
FIX50SP2,q,"",41140,""
FIX50SP2,q,"",41152,""
FIX50SP2,q,"",41230,""
FIX50SP2,q,"",41820,""
FIX50SP2,q,"",41841,""
FIX50SP2,q,"",41844,""
FIX50SP2,q,"",41856,""
FIX50SP2,q,"",41864,""
FIX50SP2,q,"",41866,""
FIX50SP2,q,"",41868,""
FIX50SP2,q,"",41947,""
FIX50SP2,q,"",42036,""
FIX50SP2,q,"42036",41340,""
FIX50SP2,q,"",42041,""
FIX50SP2,q,"42041",42039,""
FIX50SP2,q,"42041",42788,""
FIX50SP2,q,"",42060,""
FIX50SP2,q,"42060",42065,""
FIX50SP2,q,"",42068,""
FIX50SP2,q,"42068",42077,""
FIX50SP2,q,"42068 42077",42085,""
FIX50SP2,q,"42068",42087,""
FIX50SP2,q,"42068",42090,""
FIX50SP2,q,"",42149,""
FIX50SP2,q,"42149",42099,""
FIX50SP2,q,"42149",42112,""
FIX50SP2,q,"42149",42173,""
FIX50SP2,q,"42149 42173",42177,""
FIX50SP2,q,"42149",42180,""
FIX50SP2,q,"42149",42182,""
FIX50SP2,q,"42149",42184,""
FIX50SP2,q,"42149",42186,""
FIX50SP2,q,"42149",42188,""
FIX50SP2,q,"42149",42190,""
FIX50SP2,q,"",42296,""
FIX50SP2,q,"",42775,""
FIX50SP2,q,"",42855,""
FIX50SP2,q,"",42884,""
FIX50SP2,q,"",43005,""
FIX50SP2,q,"",43074,""
FIX50SP2,r,"",453,""
FIX50SP2,r,"453",802,""
FIX50SP2,r,"",454,""
FIX50SP2,r,"",457,""
FIX50SP2,r,"",534,""
FIX50SP2,r,"",864,""
FIX50SP2,r,"",887,""
FIX50SP2,r,"",1018,""
FIX50SP2,r,"1018",1052,""
FIX50SP2,r,"",1058,""
FIX50SP2,r,"1058",1062,""
FIX50SP2,r,"",1370,""
FIX50SP2,r,"",1461,""
FIX50SP2,r,"1461",2433,""
FIX50SP2,r,"",1483,""
FIX50SP2,r,"1483",1491,""
FIX50SP2,r,"1483 1491",1494,""
FIX50SP2,r,"1483",40997,""
FIX50SP2,r,"1483 40997",41005,""
FIX50SP2,r,"1483",41010,""
FIX50SP2,r,"1483 41010",40994,""
FIX50SP2,r,"1483 41010",41007,""
FIX50SP2,r,"1483 41010",41031,""
FIX50SP2,r,"1483",41013,""
FIX50SP2,r,"1483",41018,""
FIX50SP2,r,"1483",41029,""
FIX50SP2,r,"",1976,""
FIX50SP2,r,"",1981,""
FIX50SP2,r,"",2045,""
FIX50SP2,r,"2045",2053,""
FIX50SP2,r,"2045 2053",2056,""
FIX50SP2,r,"2045",41716,""
FIX50SP2,r,"2045 41716",41724,""
FIX50SP2,r,"2045",41729,""
FIX50SP2,r,"2045 41729",41713,""
FIX50SP2,r,"2045 41729",41726,""
FIX50SP2,r,"2045 41729",41750,""
FIX50SP2,r,"2045",41732,""
FIX50SP2,r,"2045",41737,""
FIX50SP2,r,"2045",41748,""
FIX50SP2,r,"",2080,""
FIX50SP2,r,"",2304,""
FIX50SP2,r,"",2312,""
FIX50SP2,r,"",40019,""
FIX50SP2,r,"40019",40000,""
FIX50SP2,r,"",40022,""
FIX50SP2,r,"40022",40277,""
FIX50SP2,r,"40022",42214,""
FIX50SP2,r,"",40049,""
FIX50SP2,r,"40049",40085,""
FIX50SP2,r,"40049",40825,""
FIX50SP2,r,"40049",40828,""
FIX50SP2,r,"40049 40828",40868,""
FIX50SP2,r,"40049 40828",40945,""
FIX50SP2,r,"40049 40828",40977,""
FIX50SP2,r,"40049 40828",41161,""
FIX50SP2,r,"40049",40872,""
FIX50SP2,r,"40049 40872",42696,""
FIX50SP2,r,"40049 40872",42705,""
FIX50SP2,r,"40049",40946,""
FIX50SP2,r,"40049",40947,""
FIX50SP2,r,"40049",40948,""
FIX50SP2,r,"40049",40949,""
FIX50SP2,r,"40049",40950,""
FIX50SP2,r,"40049",40958,""
FIX50SP2,r,"40049",40959,""
FIX50SP2,r,"40049",40960,""
FIX50SP2,r,"40049",40961,""
FIX50SP2,r,"40049",41037,""
FIX50SP2,r,"40049 41037",41051,""
FIX50SP2,r,"40049 41037 41051",41054,""
FIX50SP2,r,"40049",41081,""
FIX50SP2,r,"40049",41085,""
FIX50SP2,r,"40049",41192,""
FIX50SP2,r,"40049",41220,""
FIX50SP2,r,"40049",41224,""
FIX50SP2,r,"40049",41227,""
FIX50SP2,r,"40049",41237,""
FIX50SP2,r,"40049",41241,""
FIX50SP2,r,"40049",41249,""
FIX50SP2,r,"40049",41277,""
FIX50SP2,r,"40049",41280,""
FIX50SP2,r,"40049",41289,""
FIX50SP2,r,"40049 41289",41283,""
FIX50SP2,r,"40049 41289 41283",41286,""
FIX50SP2,r,"40049",42236,""
FIX50SP2,r,"40049",42272,""
FIX50SP2,r,"40049",42274,""
FIX50SP2,r,"40049 42274",42294,""
FIX50SP2,r,"40049",42606,""
FIX50SP2,r,"40049",42620,""
FIX50SP2,r,"40049",42660,""
FIX50SP2,r,"40049",42683,""
FIX50SP2,r,"40049",42735,""
FIX50SP2,r,"40049 42735",42709,""
FIX50SP2,r,"40049 42735 42709",42770,""
FIX50SP2,r,"40049 42735 42709",42772,""
FIX50SP2,r,"40049 42735",42731,""
FIX50SP2,r,"40049 42735",42761,""
FIX50SP2,r,"40049 42735",42765,""
FIX50SP2,r,"",40090,""
FIX50SP2,r,"40090",40142,""
FIX50SP2,r,"40090",40171,""
FIX50SP2,r,"40090",40174,""
FIX50SP2,r,"40090 40174",40178,""
FIX50SP2,r,"40090",40952,""
FIX50SP2,r,"40090",40953,""
FIX50SP2,r,"40090",40954,""
FIX50SP2,r,"40090",40955,""
FIX50SP2,r,"40090",40956,""
FIX50SP2,r,"40090",40957,""
FIX50SP2,r,"",40181,""
FIX50SP2,r,"40181",40191,""
FIX50SP2,r,"40181 40191",40199,""
FIX50SP2,r,"40181",40201,""
FIX50SP2,r,"40181",40951,""
FIX50SP2,r,"",40204,""
FIX50SP2,r,"40204",40209,""
FIX50SP2,r,"",40278,""
FIX50SP2,r,"",40540,""
FIX50SP2,r,"40540",40656,""
FIX50SP2,r,"40540",40659,""
FIX50SP2,r,"40540",40664,""
FIX50SP2,r,"40540 40664",40704,""
FIX50SP2,r,"40540 40664",40966,""
FIX50SP2,r,"40540 40664",40967,""
FIX50SP2,r,"40540 40664",41878,""
FIX50SP2,r,"40540",40708,""
FIX50SP2,r,"40540 40708",42991,""
FIX50SP2,r,"40540 40708",43000,""
FIX50SP2,r,"40540",40968,""
FIX50SP2,r,"40540",40969,""
FIX50SP2,r,"40540",40970,""
FIX50SP2,r,"40540",40971,""
FIX50SP2,r,"40540",40972,""
FIX50SP2,r,"40540",40973,""
FIX50SP2,r,"40540",40974,""
FIX50SP2,r,"40540",40975,""
FIX50SP2,r,"40540",40976,""
FIX50SP2,r,"40540",41756,""
FIX50SP2,r,"40540 41756",41770,""
FIX50SP2,r,"40540 41756 41770",41773,""
FIX50SP2,r,"40540",41800,""
FIX50SP2,r,"40540",41804,""
FIX50SP2,r,"40540",41808,""
FIX50SP2,r,"40540",41909,""
FIX50SP2,r,"40540",41937,""
FIX50SP2,r,"40540",41941,""
FIX50SP2,r,"40540",41944,""
FIX50SP2,r,"40540",41954,""
FIX50SP2,r,"40540",41962,""
FIX50SP2,r,"40540",41990,""
FIX50SP2,r,"40540",41993,""
FIX50SP2,r,"40540",42002,""
FIX50SP2,r,"40540 42002",41996,""
FIX50SP2,r,"40540 42002 41996",41999,""
FIX50SP2,r,"40540",42799,""
FIX50SP2,r,"40540",42853,""
FIX50SP2,r,"40540",42862,""
FIX50SP2,r,"40540 42862",42882,""
FIX50SP2,r,"40540",42901,""
FIX50SP2,r,"40540",42915,""
FIX50SP2,r,"40540",42955,""
FIX50SP2,r,"40540",42981,""
FIX50SP2,r,"40540",43034,""
FIX50SP2,r,"40540 43034",43008,""
FIX50SP2,r,"40540 43034 43008",43069,""
FIX50SP2,r,"40540 43034 43008",43071,""
FIX50SP2,r,"40540 43034",43030,""
FIX50SP2,r,"40540 43034",43060,""
FIX50SP2,r,"40540 43034",43064,""
FIX50SP2,r,"",40962,""
FIX50SP2,r,"",41092,""
FIX50SP2,r,"",41094,""
FIX50SP2,r,"",41096,""
FIX50SP2,r,"",41116,""
FIX50SP2,r,"",41137,""
FIX50SP2,r,"",41140,""
FIX50SP2,r,"",41152,""
FIX50SP2,r,"",41230,""
FIX50SP2,r,"",41820,""
FIX50SP2,r,"",41841,""
FIX50SP2,r,"",41844,""
FIX50SP2,r,"",41856,""
FIX50SP2,r,"",41864,""
FIX50SP2,r,"",41866,""
FIX50SP2,r,"",41868,""
FIX50SP2,r,"",41947,""
FIX50SP2,r,"",42036,""
FIX50SP2,r,"42036",41340,""
FIX50SP2,r,"",42041,""
FIX50SP2,r,"42041",42039,""
FIX50SP2,r,"42041",42788,""
FIX50SP2,r,"",42060,""
FIX50SP2,r,"42060",42065,""
FIX50SP2,r,"",42068,""
FIX50SP2,r,"42068",42077,""
FIX50SP2,r,"42068 42077",42085,""
FIX50SP2,r,"42068",42087,""
FIX50SP2,r,"42068",42090,""
FIX50SP2,r,"",42149,""
FIX50SP2,r,"42149",42099,""
FIX50SP2,r,"42149",42112,""
FIX50SP2,r,"42149",42173,""
FIX50SP2,r,"42149 42173",42177,""
FIX50SP2,r,"42149",42180,""
FIX50SP2,r,"42149",42182,""
FIX50SP2,r,"42149",42184,""
FIX50SP2,r,"42149",42186,""
FIX50SP2,r,"42149",42188,""
FIX50SP2,r,"42149",42190,""
FIX50SP2,r,"",42296,""
FIX50SP2,r,"",42775,""
FIX50SP2,r,"",42855,""
FIX50SP2,r,"",42884,""
FIX50SP2,r,"",43005,""
FIX50SP2,r,"",43074,""
FIX50SP2,s,"",232,""
FIX50SP2,s,"",386,""
FIX50SP2,s,"",454,""
FIX50SP2,s,"",552,""
FIX50SP2,s,"552",78,""
FIX50SP2,s,"552 78",539,""
FIX50SP2,s,"552 78 539",804,""
FIX50SP2,s,"552",453,""
FIX50SP2,s,"552 453",802,""
FIX50SP2,s,"552",1829,""
FIX50SP2,s,"552 1829",670,""
FIX50SP2,s,"552 1829 670",756,""
FIX50SP2,s,"552 1829 670 756",806,""
FIX50SP2,s,"552 1829",683,""
FIX50SP2,s,"552 1829",948,""
FIX50SP2,s,"552 1829 948",952,""
FIX50SP2,s,"552",2639,""
FIX50SP2,s,"",555,""
FIX50SP2,s,"555",604,""
FIX50SP2,s,"555",2059,""
FIX50SP2,s,"555",2076,""
FIX50SP2,s,"555",2218,""
FIX50SP2,s,"555 2218",2250,""
FIX50SP2,s,"555 2218 2250",2253,""
FIX50SP2,s,"555 2218",41366,""
FIX50SP2,s,"555 2218 41366",41374,""
FIX50SP2,s,"555 2218",41379,""
FIX50SP2,s,"555 2218 41379",41363,""
FIX50SP2,s,"555 2218 41379",41376,""
FIX50SP2,s,"555 2218 41379",41400,""
FIX50SP2,s,"555 2218",41382,""
FIX50SP2,s,"555 2218",41387,""
FIX50SP2,s,"555 2218",41398,""
FIX50SP2,s,"555",2254,""
FIX50SP2,s,"555 2254",2258,""
FIX50SP2,s,"555",2308,""
FIX50SP2,s,"555",40241,""
FIX50SP2,s,"555 40241",40367,""
FIX50SP2,s,"555 40241",40374,""
FIX50SP2,s,"555 40241 40374",40414,""
FIX50SP2,s,"555 40241 40374",40927,""
FIX50SP2,s,"555 40241 40374",40928,""
FIX50SP2,s,"555 40241 40374",41530,""
FIX50SP2,s,"555 40241",40418,""
FIX50SP2,s,"555 40241 40418",42495,""
FIX50SP2,s,"555 40241 40418",42504,""
FIX50SP2,s,"555 40241",40902,""
FIX50SP2,s,"555 40241",40929,""
FIX50SP2,s,"555 40241",40930,""
FIX50SP2,s,"555 40241",40931,""
FIX50SP2,s,"555 40241",40932,""
FIX50SP2,s,"555 40241",40933,""
FIX50SP2,s,"555 40241",40940,""
FIX50SP2,s,"555 40241",40941,""
FIX50SP2,s,"555 40241",40942,""
FIX50SP2,s,"555 40241",40943,""
FIX50SP2,s,"555 40241",41408,""
FIX50SP2,s,"555 40241 41408",41422,""
FIX50SP2,s,"555 40241 41408 41422",41425,""
FIX50SP2,s,"555 40241",41452,""
FIX50SP2,s,"555 40241",41456,""
FIX50SP2,s,"555 40241",41460,""
FIX50SP2,s,"555 40241",41561,""
FIX50SP2,s,"555 40241",41589,""
FIX50SP2,s,"555 40241",41593,""
FIX50SP2,s,"555 40241",41596,""
FIX50SP2,s,"555 40241",41638,""
FIX50SP2,s,"555 40241",41646,""
FIX50SP2,s,"555 40241",41674,""
FIX50SP2,s,"555 40241",41677,""
FIX50SP2,s,"555 40241",41686,""
FIX50SP2,s,"555 40241 41686",41680,""
FIX50SP2,s,"555 40241 41686 41680",41683,""
FIX50SP2,s,"555 40241",42310,""
FIX50SP2,s,"555 40241",42364,""
FIX50SP2,s,"555 40241",42366,""
FIX50SP2,s,"555 40241 42366",42386,""
FIX50SP2,s,"555 40241",42405,""
FIX50SP2,s,"555 40241",42419,""
FIX50SP2,s,"555 40241",42459,""
FIX50SP2,s,"555 40241",42485,""
FIX50SP2,s,"555 40241",42534,""
FIX50SP2,s,"555 40241 42534",42508,""
FIX50SP2,s,"555 40241 42534 42508",42569,""
FIX50SP2,s,"555 40241 42534 42508",42571,""
FIX50SP2,s,"555 40241 42534",42530,""
FIX50SP2,s,"555 40241 42534",42560,""
FIX50SP2,s,"555 40241 42534",42564,""
FIX50SP2,s,"555",40448,""
FIX50SP2,s,"555 40448",40473,""
FIX50SP2,s,"555 40448",40495,""
FIX50SP2,s,"555 40448",40533,""
FIX50SP2,s,"555 40448 40533",40537,""
FIX50SP2,s,"555 40448",40934,""
FIX50SP2,s,"555 40448",40935,""
FIX50SP2,s,"555 40448",40936,""
FIX50SP2,s,"555 40448",40937,""
FIX50SP2,s,"555 40448",40938,""
FIX50SP2,s,"555 40448",40939,""
FIX50SP2,s,"555",40923,""
FIX50SP2,s,"555",41335,""
FIX50SP2,s,"555 41335",41316,""
FIX50SP2,s,"555",41344,""
FIX50SP2,s,"555 41344",41342,""
FIX50SP2,s,"555 41344",42306,""
FIX50SP2,s,"555",41467,""
FIX50SP2,s,"555",41469,""
FIX50SP2,s,"555",41471,""
FIX50SP2,s,"555",41491,""
FIX50SP2,s,"555",41512,""
FIX50SP2,s,"555",41515,""
FIX50SP2,s,"555",41527,""
FIX50SP2,s,"555",41599,""
FIX50SP2,s,"555 41599",41604,""
FIX50SP2,s,"555",41607,""
FIX50SP2,s,"555",41616,""
FIX50SP2,s,"555 41616",41614,""
FIX50SP2,s,"555 41616",41625,""
FIX50SP2,s,"555 41616 41625",41633,""
FIX50SP2,s,"555 41616",41635,""
FIX50SP2,s,"555",42198,""
FIX50SP2,s,"555",42200,""
FIX50SP2,s,"555",42203,""
FIX50SP2,s,"555",42388,""
FIX50SP2,s,"555",42581,""
FIX50SP2,s,"",711,""
FIX50SP2,s,"711",457,""
FIX50SP2,s,"711",887,""
FIX50SP2,s,"711",1058,""
FIX50SP2,s,"711 1058",1062,""
FIX50SP2,s,"711",1981,""
FIX50SP2,s,"711",2045,""
FIX50SP2,s,"711 2045",2053,""
FIX50SP2,s,"711 2045 2053",2056,""
FIX50SP2,s,"711 2045",41716,""
FIX50SP2,s,"711 2045 41716",41724,""
FIX50SP2,s,"711 2045",41729,""
FIX50SP2,s,"711 2045 41729",41713,""
FIX50SP2,s,"711 2045 41729",41726,""
FIX50SP2,s,"711 2045 41729",41750,""
FIX50SP2,s,"711 2045",41732,""
FIX50SP2,s,"711 2045",41737,""
FIX50SP2,s,"711 2045",41748,""
FIX50SP2,s,"711",2080,""
FIX50SP2,s,"711",2312,""
FIX50SP2,s,"711",40540,""
FIX50SP2,s,"711 40540",40656,""
FIX50SP2,s,"711 40540",40659,""
FIX50SP2,s,"711 40540",40664,""
FIX50SP2,s,"711 40540 40664",40704,""
FIX50SP2,s,"711 40540 40664",40966,""
FIX50SP2,s,"711 40540 40664",40967,""
FIX50SP2,s,"711 40540 40664",41878,""
FIX50SP2,s,"711 40540",40708,""
FIX50SP2,s,"711 40540 40708",42991,""
FIX50SP2,s,"711 40540 40708",43000,""
FIX50SP2,s,"711 40540",40968,""
FIX50SP2,s,"711 40540",40969,""
FIX50SP2,s,"711 40540",40970,""
FIX50SP2,s,"711 40540",40971,""
FIX50SP2,s,"711 40540",40972,""
FIX50SP2,s,"711 40540",40973,""
FIX50SP2,s,"711 40540",40974,""
FIX50SP2,s,"711 40540",40975,""
FIX50SP2,s,"711 40540",40976,""
FIX50SP2,s,"711 40540",41756,""
FIX50SP2,s,"711 40540 41756",41770,""
FIX50SP2,s,"711 40540 41756 41770",41773,""
FIX50SP2,s,"711 40540",41800,""
FIX50SP2,s,"711 40540",41804,""
FIX50SP2,s,"711 40540",41808,""
FIX50SP2,s,"711 40540",41909,""
FIX50SP2,s,"711 40540",41937,""
FIX50SP2,s,"711 40540",41941,""
FIX50SP2,s,"711 40540",41944,""
FIX50SP2,s,"711 40540",41954,""
FIX50SP2,s,"711 40540",41962,""
FIX50SP2,s,"711 40540",41990,""
FIX50SP2,s,"711 40540",41993,""
FIX50SP2,s,"711 40540",42002,""
FIX50SP2,s,"711 40540 42002",41996,""
FIX50SP2,s,"711 40540 42002 41996",41999,""
FIX50SP2,s,"711 40540",42799,""
FIX50SP2,s,"711 40540",42853,""
FIX50SP2,s,"711 40540",42862,""
FIX50SP2,s,"711 40540 42862",42882,""
FIX50SP2,s,"711 40540",42901,""
FIX50SP2,s,"711 40540",42915,""
FIX50SP2,s,"711 40540",42955,""
FIX50SP2,s,"711 40540",42981,""
FIX50SP2,s,"711 40540",43034,""
FIX50SP2,s,"711 40540 43034",43008,""
FIX50SP2,s,"711 40540 43034 43008",43069,""
FIX50SP2,s,"711 40540 43034 43008",43071,""
FIX50SP2,s,"711 40540 43034",43030,""
FIX50SP2,s,"711 40540 43034",43060,""
FIX50SP2,s,"711 40540 43034",43064,""
FIX50SP2,s,"711",40962,""
FIX50SP2,s,"711",41820,""
FIX50SP2,s,"711",41841,""
FIX50SP2,s,"711",41844,""
FIX50SP2,s,"711",41856,""
FIX50SP2,s,"711",41864,""
FIX50SP2,s,"711",41866,""
FIX50SP2,s,"711",41868,""
FIX50SP2,s,"711",41947,""
FIX50SP2,s,"711",42036,""
FIX50SP2,s,"711 42036",41340,""
FIX50SP2,s,"711",42041,""
FIX50SP2,s,"711 42041",42039,""
FIX50SP2,s,"711 42041",42788,""
FIX50SP2,s,"711",42060,""
FIX50SP2,s,"711 42060",42065,""
FIX50SP2,s,"711",42068,""
FIX50SP2,s,"711 42068",42077,""
FIX50SP2,s,"711 42068 42077",42085,""
FIX50SP2,s,"711 42068",42087,""
FIX50SP2,s,"711 42068",42090,""
FIX50SP2,s,"711",42149,""
FIX50SP2,s,"711 42149",42099,""
FIX50SP2,s,"711 42149",42112,""
FIX50SP2,s,"711 42149",42173,""
FIX50SP2,s,"711 42149 42173",42177,""
FIX50SP2,s,"711 42149",42180,""
FIX50SP2,s,"711 42149",42182,""
FIX50SP2,s,"711 42149",42184,""
FIX50SP2,s,"711 42149",42186,""
FIX50SP2,s,"711 42149",42188,""
FIX50SP2,s,"711 42149",42190,""
FIX50SP2,s,"711",42855,""
FIX50SP2,s,"711",42884,""
FIX50SP2,s,"711",43005,""
FIX50SP2,s,"711",43074,""
FIX50SP2,s,"",864,""
FIX50SP2,s,"",957,""
FIX50SP2,s,"",1018,""
FIX50SP2,s,"1018",1052,""
FIX50SP2,s,"",1116,""
FIX50SP2,s,"1116",1120,""
FIX50SP2,s,"",1483,""
FIX50SP2,s,"1483",1491,""
FIX50SP2,s,"1483 1491",1494,""
FIX50SP2,s,"1483",40997,""
FIX50SP2,s,"1483 40997",41005,""
FIX50SP2,s,"1483",41010,""
FIX50SP2,s,"1483 41010",40994,""
FIX50SP2,s,"1483 41010",41007,""
FIX50SP2,s,"1483 41010",41031,""
FIX50SP2,s,"1483",41013,""
FIX50SP2,s,"1483",41018,""
FIX50SP2,s,"1483",41029,""
FIX50SP2,s,"",1976,""
FIX50SP2,s,"",2304,""
FIX50SP2,s,"",40019,""
FIX50SP2,s,"40019",40000,""
FIX50SP2,s,"",40022,""
FIX50SP2,s,"40022",40277,""
FIX50SP2,s,"40022",42214,""
FIX50SP2,s,"",40049,""
FIX50SP2,s,"40049",40085,""
FIX50SP2,s,"40049",40825,""
FIX50SP2,s,"40049",40828,""
FIX50SP2,s,"40049 40828",40868,""
FIX50SP2,s,"40049 40828",40945,""
FIX50SP2,s,"40049 40828",40977,""
FIX50SP2,s,"40049 40828",41161,""
FIX50SP2,s,"40049",40872,""
FIX50SP2,s,"40049 40872",42696,""
FIX50SP2,s,"40049 40872",42705,""
FIX50SP2,s,"40049",40946,""
FIX50SP2,s,"40049",40947,""
FIX50SP2,s,"40049",40948,""
FIX50SP2,s,"40049",40949,""
FIX50SP2,s,"40049",40950,""
FIX50SP2,s,"40049",40958,""
FIX50SP2,s,"40049",40959,""
FIX50SP2,s,"40049",40960,""
FIX50SP2,s,"40049",40961,""
FIX50SP2,s,"40049",41037,""
FIX50SP2,s,"40049 41037",41051,""
FIX50SP2,s,"40049 41037 41051",41054,""
FIX50SP2,s,"40049",41081,""
FIX50SP2,s,"40049",41085,""
FIX50SP2,s,"40049",41192,""
FIX50SP2,s,"40049",41220,""
FIX50SP2,s,"40049",41224,""
FIX50SP2,s,"40049",41227,""
FIX50SP2,s,"40049",41237,""
FIX50SP2,s,"40049",41241,""
FIX50SP2,s,"40049",41249,""
FIX50SP2,s,"40049",41277,""
FIX50SP2,s,"40049",41280,""
FIX50SP2,s,"40049",41289,""
FIX50SP2,s,"40049 41289",41283,""
FIX50SP2,s,"40049 41289 41283",41286,""
FIX50SP2,s,"40049",42236,""
FIX50SP2,s,"40049",42272,""
FIX50SP2,s,"40049",42274,""
FIX50SP2,s,"40049 42274",42294,""
FIX50SP2,s,"40049",42606,""
FIX50SP2,s,"40049",42620,""
FIX50SP2,s,"40049",42660,""
FIX50SP2,s,"40049",42683,""
FIX50SP2,s,"40049",42735,""
FIX50SP2,s,"40049 42735",42709,""
FIX50SP2,s,"40049 42735 42709",42770,""
FIX50SP2,s,"40049 42735 42709",42772,""
FIX50SP2,s,"40049 42735",42731,""
FIX50SP2,s,"40049 42735",42761,""
FIX50SP2,s,"40049 42735",42765,""
FIX50SP2,s,"",40090,""
FIX50SP2,s,"40090",40142,""
FIX50SP2,s,"40090",40171,""
FIX50SP2,s,"40090",40174,""
FIX50SP2,s,"40090 40174",40178,""
FIX50SP2,s,"40090",40952,""
FIX50SP2,s,"40090",40953,""
FIX50SP2,s,"40090",40954,""
FIX50SP2,s,"40090",40955,""
FIX50SP2,s,"40090",40956,""
FIX50SP2,s,"40090",40957,""
FIX50SP2,s,"",40181,""
FIX50SP2,s,"40181",40191,""
FIX50SP2,s,"40181 40191",40199,""
FIX50SP2,s,"40181",40201,""
FIX50SP2,s,"40181",40951,""
FIX50SP2,s,"",40204,""
FIX50SP2,s,"40204",40209,""
FIX50SP2,s,"",40278,""
FIX50SP2,s,"",41092,""
FIX50SP2,s,"",41094,""
FIX50SP2,s,"",41096,""
FIX50SP2,s,"",41116,""
FIX50SP2,s,"",41137,""
FIX50SP2,s,"",41140,""
FIX50SP2,s,"",41152,""
FIX50SP2,s,"",41230,""
FIX50SP2,s,"",42296,""
FIX50SP2,s,"",42775,""
FIX50SP2,t,"",232,""
FIX50SP2,t,"",386,""
FIX50SP2,t,"",454,""
FIX50SP2,t,"",552,""
FIX50SP2,t,"552",78,""
FIX50SP2,t,"552 78",539,""
FIX50SP2,t,"552 78 539",804,""
FIX50SP2,t,"552",453,""
FIX50SP2,t,"552 453",802,""
FIX50SP2,t,"552",1829,""
FIX50SP2,t,"552 1829",670,""
FIX50SP2,t,"552 1829 670",756,""
FIX50SP2,t,"552 1829 670 756",806,""
FIX50SP2,t,"552 1829",683,""
FIX50SP2,t,"552 1829",948,""
FIX50SP2,t,"552 1829 948",952,""
FIX50SP2,t,"552",2639,""
FIX50SP2,t,"",555,""
FIX50SP2,t,"555",604,""
FIX50SP2,t,"555",2059,""
FIX50SP2,t,"555",2076,""
FIX50SP2,t,"555",2218,""
FIX50SP2,t,"555 2218",2250,""
FIX50SP2,t,"555 2218 2250",2253,""
FIX50SP2,t,"555 2218",41366,""
FIX50SP2,t,"555 2218 41366",41374,""
FIX50SP2,t,"555 2218",41379,""
FIX50SP2,t,"555 2218 41379",41363,""
FIX50SP2,t,"555 2218 41379",41376,""
FIX50SP2,t,"555 2218 41379",41400,""
FIX50SP2,t,"555 2218",41382,""
FIX50SP2,t,"555 2218",41387,""
FIX50SP2,t,"555 2218",41398,""
FIX50SP2,t,"555",2254,""
FIX50SP2,t,"555 2254",2258,""
FIX50SP2,t,"555",2308,""
FIX50SP2,t,"555",40241,""
FIX50SP2,t,"555 40241",40367,""
FIX50SP2,t,"555 40241",40374,""
FIX50SP2,t,"555 40241 40374",40414,""
FIX50SP2,t,"555 40241 40374",40927,""
FIX50SP2,t,"555 40241 40374",40928,""
FIX50SP2,t,"555 40241 40374",41530,""
FIX50SP2,t,"555 40241",40418,""
FIX50SP2,t,"555 40241 40418",42495,""
FIX50SP2,t,"555 40241 40418",42504,""
FIX50SP2,t,"555 40241",40902,""
FIX50SP2,t,"555 40241",40929,""
FIX50SP2,t,"555 40241",40930,""
FIX50SP2,t,"555 40241",40931,""
FIX50SP2,t,"555 40241",40932,""
FIX50SP2,t,"555 40241",40933,""
FIX50SP2,t,"555 40241",40940,""
FIX50SP2,t,"555 40241",40941,""
FIX50SP2,t,"555 40241",40942,""
FIX50SP2,t,"555 40241",40943,""
FIX50SP2,t,"555 40241",41408,""
FIX50SP2,t,"555 40241 41408",41422,""
FIX50SP2,t,"555 40241 41408 41422",41425,""
FIX50SP2,t,"555 40241",41452,""
FIX50SP2,t,"555 40241",41456,""
FIX50SP2,t,"555 40241",41460,""
FIX50SP2,t,"555 40241",41561,""
FIX50SP2,t,"555 40241",41589,""
FIX50SP2,t,"555 40241",41593,""
FIX50SP2,t,"555 40241",41596,""
FIX50SP2,t,"555 40241",41638,""
FIX50SP2,t,"555 40241",41646,""
FIX50SP2,t,"555 40241",41674,""
FIX50SP2,t,"555 40241",41677,""
FIX50SP2,t,"555 40241",41686,""
FIX50SP2,t,"555 40241 41686",41680,""
FIX50SP2,t,"555 40241 41686 41680",41683,""
FIX50SP2,t,"555 40241",42310,""
FIX50SP2,t,"555 40241",42364,""
FIX50SP2,t,"555 40241",42366,""
FIX50SP2,t,"555 40241 42366",42386,""
FIX50SP2,t,"555 40241",42405,""
FIX50SP2,t,"555 40241",42419,""
FIX50SP2,t,"555 40241",42459,""
FIX50SP2,t,"555 40241",42485,""
FIX50SP2,t,"555 40241",42534,""
FIX50SP2,t,"555 40241 42534",42508,""
FIX50SP2,t,"555 40241 42534 42508",42569,""
FIX50SP2,t,"555 40241 42534 42508",42571,""
FIX50SP2,t,"555 40241 42534",42530,""
FIX50SP2,t,"555 40241 42534",42560,""
FIX50SP2,t,"555 40241 42534",42564,""
FIX50SP2,t,"555",40448,""
FIX50SP2,t,"555 40448",40473,""
FIX50SP2,t,"555 40448",40495,""
FIX50SP2,t,"555 40448",40533,""
FIX50SP2,t,"555 40448 40533",40537,""
FIX50SP2,t,"555 40448",40934,""
FIX50SP2,t,"555 40448",40935,""
FIX50SP2,t,"555 40448",40936,""
FIX50SP2,t,"555 40448",40937,""
FIX50SP2,t,"555 40448",40938,""
FIX50SP2,t,"555 40448",40939,""
FIX50SP2,t,"555",40923,""
FIX50SP2,t,"555",41335,""
FIX50SP2,t,"555 41335",41316,""
FIX50SP2,t,"555",41344,""
FIX50SP2,t,"555 41344",41342,""
FIX50SP2,t,"555 41344",42306,""
FIX50SP2,t,"555",41467,""
FIX50SP2,t,"555",41469,""
FIX50SP2,t,"555",41471,""
FIX50SP2,t,"555",41491,""
FIX50SP2,t,"555",41512,""
FIX50SP2,t,"555",41515,""
FIX50SP2,t,"555",41527,""
FIX50SP2,t,"555",41599,""
FIX50SP2,t,"555 41599",41604,""
FIX50SP2,t,"555",41607,""
FIX50SP2,t,"555",41616,""
FIX50SP2,t,"555 41616",41614,""
FIX50SP2,t,"555 41616",41625,""
FIX50SP2,t,"555 41616 41625",41633,""
FIX50SP2,t,"555 41616",41635,""
FIX50SP2,t,"555",42198,""
FIX50SP2,t,"555",42200,""
FIX50SP2,t,"555",42203,""
FIX50SP2,t,"555",42388,""
FIX50SP2,t,"555",42581,""
FIX50SP2,t,"",711,""
FIX50SP2,t,"711",457,""
FIX50SP2,t,"711",887,""
FIX50SP2,t,"711",1058,""
FIX50SP2,t,"711 1058",1062,""
FIX50SP2,t,"711",1981,""
FIX50SP2,t,"711",2045,""
FIX50SP2,t,"711 2045",2053,""
FIX50SP2,t,"711 2045 2053",2056,""
FIX50SP2,t,"711 2045",41716,""
FIX50SP2,t,"711 2045 41716",41724,""
FIX50SP2,t,"711 2045",41729,""
FIX50SP2,t,"711 2045 41729",41713,""
FIX50SP2,t,"711 2045 41729",41726,""
FIX50SP2,t,"711 2045 41729",41750,""
FIX50SP2,t,"711 2045",41732,""
FIX50SP2,t,"711 2045",41737,""
FIX50SP2,t,"711 2045",41748,""
FIX50SP2,t,"711",2080,""
FIX50SP2,t,"711",2312,""
FIX50SP2,t,"711",40540,""
FIX50SP2,t,"711 40540",40656,""
FIX50SP2,t,"711 40540",40659,""
FIX50SP2,t,"711 40540",40664,""
FIX50SP2,t,"711 40540 40664",40704,""
FIX50SP2,t,"711 40540 40664",40966,""
FIX50SP2,t,"711 40540 40664",40967,""
FIX50SP2,t,"711 40540 40664",41878,""
FIX50SP2,t,"711 40540",40708,""
FIX50SP2,t,"711 40540 40708",42991,""
FIX50SP2,t,"711 40540 40708",43000,""
FIX50SP2,t,"711 40540",40968,""
FIX50SP2,t,"711 40540",40969,""
FIX50SP2,t,"711 40540",40970,""
FIX50SP2,t,"711 40540",40971,""
FIX50SP2,t,"711 40540",40972,""
FIX50SP2,t,"711 40540",40973,""
FIX50SP2,t,"711 40540",40974,""
FIX50SP2,t,"711 40540",40975,""
FIX50SP2,t,"711 40540",40976,""
FIX50SP2,t,"711 40540",41756,""
FIX50SP2,t,"711 40540 41756",41770,""
FIX50SP2,t,"711 40540 41756 41770",41773,""
FIX50SP2,t,"711 40540",41800,""
FIX50SP2,t,"711 40540",41804,""
FIX50SP2,t,"711 40540",41808,""
FIX50SP2,t,"711 40540",41909,""
FIX50SP2,t,"711 40540",41937,""
FIX50SP2,t,"711 40540",41941,""
FIX50SP2,t,"711 40540",41944,""
FIX50SP2,t,"711 40540",41954,""
FIX50SP2,t,"711 40540",41962,""
FIX50SP2,t,"711 40540",41990,""
FIX50SP2,t,"711 40540",41993,""
FIX50SP2,t,"711 40540",42002,""
FIX50SP2,t,"711 40540 42002",41996,""
FIX50SP2,t,"711 40540 42002 41996",41999,""
FIX50SP2,t,"711 40540",42799,""
FIX50SP2,t,"711 40540",42853,""
FIX50SP2,t,"711 40540",42862,""
FIX50SP2,t,"711 40540 42862",42882,""
FIX50SP2,t,"711 40540",42901,""
FIX50SP2,t,"711 40540",42915,""
FIX50SP2,t,"711 40540",42955,""
FIX50SP2,t,"711 40540",42981,""
FIX50SP2,t,"711 40540",43034,""
FIX50SP2,t,"711 40540 43034",43008,""
FIX50SP2,t,"711 40540 43034 43008",43069,""
FIX50SP2,t,"711 40540 43034 43008",43071,""
FIX50SP2,t,"711 40540 43034",43030,""
FIX50SP2,t,"711 40540 43034",43060,""
FIX50SP2,t,"711 40540 43034",43064,""
FIX50SP2,t,"711",40962,""
FIX50SP2,t,"711",41820,""
FIX50SP2,t,"711",41841,""
FIX50SP2,t,"711",41844,""
FIX50SP2,t,"711",41856,""
FIX50SP2,t,"711",41864,""
FIX50SP2,t,"711",41866,""
FIX50SP2,t,"711",41868,""
FIX50SP2,t,"711",41947,""
FIX50SP2,t,"711",42036,""
FIX50SP2,t,"711 42036",41340,""
FIX50SP2,t,"711",42041,""
FIX50SP2,t,"711 42041",42039,""
FIX50SP2,t,"711 42041",42788,""
FIX50SP2,t,"711",42060,""
FIX50SP2,t,"711 42060",42065,""
FIX50SP2,t,"711",42068,""
FIX50SP2,t,"711 42068",42077,""
FIX50SP2,t,"711 42068 42077",42085,""
FIX50SP2,t,"711 42068",42087,""
FIX50SP2,t,"711 42068",42090,""
FIX50SP2,t,"711",42149,""
FIX50SP2,t,"711 42149",42099,""
FIX50SP2,t,"711 42149",42112,""
FIX50SP2,t,"711 42149",42173,""
FIX50SP2,t,"711 42149 42173",42177,""
FIX50SP2,t,"711 42149",42180,""
FIX50SP2,t,"711 42149",42182,""
FIX50SP2,t,"711 42149",42184,""
FIX50SP2,t,"711 42149",42186,""
FIX50SP2,t,"711 42149",42188,""
FIX50SP2,t,"711 42149",42190,""
FIX50SP2,t,"711",42855,""
FIX50SP2,t,"711",42884,""
FIX50SP2,t,"711",43005,""
FIX50SP2,t,"711",43074,""
FIX50SP2,t,"",864,""
FIX50SP2,t,"",957,""
FIX50SP2,t,"",1018,""
FIX50SP2,t,"1018",1052,""
FIX50SP2,t,"",1116,""
FIX50SP2,t,"1116",1120,""
FIX50SP2,t,"",1483,""
FIX50SP2,t,"1483",1491,""
FIX50SP2,t,"1483 1491",1494,""
FIX50SP2,t,"1483",40997,""
FIX50SP2,t,"1483 40997",41005,""
FIX50SP2,t,"1483",41010,""
FIX50SP2,t,"1483 41010",40994,""
FIX50SP2,t,"1483 41010",41007,""
FIX50SP2,t,"1483 41010",41031,""
FIX50SP2,t,"1483",41013,""
FIX50SP2,t,"1483",41018,""
FIX50SP2,t,"1483",41029,""
FIX50SP2,t,"",1976,""
FIX50SP2,t,"",2304,""
FIX50SP2,t,"",40019,""
FIX50SP2,t,"40019",40000,""
FIX50SP2,t,"",40022,""
FIX50SP2,t,"40022",40277,""
FIX50SP2,t,"40022",42214,""
FIX50SP2,t,"",40049,""
FIX50SP2,t,"40049",40085,""
FIX50SP2,t,"40049",40825,""
FIX50SP2,t,"40049",40828,""
FIX50SP2,t,"40049 40828",40868,""
FIX50SP2,t,"40049 40828",40945,""
FIX50SP2,t,"40049 40828",40977,""
FIX50SP2,t,"40049 40828",41161,""
FIX50SP2,t,"40049",40872,""
FIX50SP2,t,"40049 40872",42696,""
FIX50SP2,t,"40049 40872",42705,""
FIX50SP2,t,"40049",40946,""
FIX50SP2,t,"40049",40947,""
FIX50SP2,t,"40049",40948,""
FIX50SP2,t,"40049",40949,""
FIX50SP2,t,"40049",40950,""
FIX50SP2,t,"40049",40958,""
FIX50SP2,t,"40049",40959,""
FIX50SP2,t,"40049",40960,""
FIX50SP2,t,"40049",40961,""
FIX50SP2,t,"40049",41037,""
FIX50SP2,t,"40049 41037",41051,""
FIX50SP2,t,"40049 41037 41051",41054,""
FIX50SP2,t,"40049",41081,""
FIX50SP2,t,"40049",41085,""
FIX50SP2,t,"40049",41192,""
FIX50SP2,t,"40049",41220,""
FIX50SP2,t,"40049",41224,""
FIX50SP2,t,"40049",41227,""
FIX50SP2,t,"40049",41237,""
FIX50SP2,t,"40049",41241,""
FIX50SP2,t,"40049",41249,""
FIX50SP2,t,"40049",41277,""
FIX50SP2,t,"40049",41280,""
FIX50SP2,t,"40049",41289,""
FIX50SP2,t,"40049 41289",41283,""
FIX50SP2,t,"40049 41289 41283",41286,""
FIX50SP2,t,"40049",42236,""
FIX50SP2,t,"40049",42272,""
FIX50SP2,t,"40049",42274,""
FIX50SP2,t,"40049 42274",42294,""
FIX50SP2,t,"40049",42606,""
FIX50SP2,t,"40049",42620,""
FIX50SP2,t,"40049",42660,""
FIX50SP2,t,"40049",42683,""
FIX50SP2,t,"40049",42735,""
FIX50SP2,t,"40049 42735",42709,""
FIX50SP2,t,"40049 42735 42709",42770,""
FIX50SP2,t,"40049 42735 42709",42772,""
FIX50SP2,t,"40049 42735",42731,""
FIX50SP2,t,"40049 42735",42761,""
FIX50SP2,t,"40049 42735",42765,""
FIX50SP2,t,"",40090,""
FIX50SP2,t,"40090",40142,""
FIX50SP2,t,"40090",40171,""
FIX50SP2,t,"40090",40174,""
FIX50SP2,t,"40090 40174",40178,""
FIX50SP2,t,"40090",40952,""
FIX50SP2,t,"40090",40953,""
FIX50SP2,t,"40090",40954,""
FIX50SP2,t,"40090",40955,""
FIX50SP2,t,"40090",40956,""
FIX50SP2,t,"40090",40957,""
FIX50SP2,t,"",40181,""
FIX50SP2,t,"40181",40191,""
FIX50SP2,t,"40181 40191",40199,""
FIX50SP2,t,"40181",40201,""
FIX50SP2,t,"40181",40951,""
FIX50SP2,t,"",40204,""
FIX50SP2,t,"40204",40209,""
FIX50SP2,t,"",40278,""
FIX50SP2,t,"",41092,""
FIX50SP2,t,"",41094,""
FIX50SP2,t,"",41096,""
FIX50SP2,t,"",41116,""
FIX50SP2,t,"",41137,""
FIX50SP2,t,"",41140,""
FIX50SP2,t,"",41152,""
FIX50SP2,t,"",41230,""
FIX50SP2,t,"",42296,""
FIX50SP2,t,"",42775,""
FIX50SP2,u,"",454,""
FIX50SP2,u,"",552,""
FIX50SP2,u,"552",453,""
FIX50SP2,u,"552 453",802,""
FIX50SP2,u,"",555,""
FIX50SP2,u,"555",604,""
FIX50SP2,u,"555",2059,""
FIX50SP2,u,"555",2076,""
FIX50SP2,u,"555",2218,""
FIX50SP2,u,"555 2218",2250,""
FIX50SP2,u,"555 2218 2250",2253,""
FIX50SP2,u,"555 2218",41366,""
FIX50SP2,u,"555 2218 41366",41374,""
FIX50SP2,u,"555 2218",41379,""
FIX50SP2,u,"555 2218 41379",41363,""
FIX50SP2,u,"555 2218 41379",41376,""
FIX50SP2,u,"555 2218 41379",41400,""
FIX50SP2,u,"555 2218",41382,""
FIX50SP2,u,"555 2218",41387,""
FIX50SP2,u,"555 2218",41398,""
FIX50SP2,u,"555",2254,""
FIX50SP2,u,"555 2254",2258,""
FIX50SP2,u,"555",2308,""
FIX50SP2,u,"555",40241,""
FIX50SP2,u,"555 40241",40367,""
FIX50SP2,u,"555 40241",40374,""
FIX50SP2,u,"555 40241 40374",40414,""
FIX50SP2,u,"555 40241 40374",40927,""
FIX50SP2,u,"555 40241 40374",40928,""
FIX50SP2,u,"555 40241 40374",41530,""
FIX50SP2,u,"555 40241",40418,""
FIX50SP2,u,"555 40241 40418",42495,""
FIX50SP2,u,"555 40241 40418",42504,""
FIX50SP2,u,"555 40241",40902,""
FIX50SP2,u,"555 40241",40929,""
FIX50SP2,u,"555 40241",40930,""
FIX50SP2,u,"555 40241",40931,""
FIX50SP2,u,"555 40241",40932,""
FIX50SP2,u,"555 40241",40933,""
FIX50SP2,u,"555 40241",40940,""
FIX50SP2,u,"555 40241",40941,""
FIX50SP2,u,"555 40241",40942,""
FIX50SP2,u,"555 40241",40943,""
FIX50SP2,u,"555 40241",41408,""
FIX50SP2,u,"555 40241 41408",41422,""
FIX50SP2,u,"555 40241 41408 41422",41425,""
FIX50SP2,u,"555 40241",41452,""
FIX50SP2,u,"555 40241",41456,""
FIX50SP2,u,"555 40241",41460,""
FIX50SP2,u,"555 40241",41561,""
FIX50SP2,u,"555 40241",41589,""
FIX50SP2,u,"555 40241",41593,""
FIX50SP2,u,"555 40241",41596,""
FIX50SP2,u,"555 40241",41638,""
FIX50SP2,u,"555 40241",41646,""
FIX50SP2,u,"555 40241",41674,""
FIX50SP2,u,"555 40241",41677,""
FIX50SP2,u,"555 40241",41686,""
FIX50SP2,u,"555 40241 41686",41680,""
FIX50SP2,u,"555 40241 41686 41680",41683,""
FIX50SP2,u,"555 40241",42310,""
FIX50SP2,u,"555 40241",42364,""
FIX50SP2,u,"555 40241",42366,""
FIX50SP2,u,"555 40241 42366",42386,""
FIX50SP2,u,"555 40241",42405,""
FIX50SP2,u,"555 40241",42419,""
FIX50SP2,u,"555 40241",42459,""
FIX50SP2,u,"555 40241",42485,""
FIX50SP2,u,"555 40241",42534,""
FIX50SP2,u,"555 40241 42534",42508,""
FIX50SP2,u,"555 40241 42534 42508",42569,""
FIX50SP2,u,"555 40241 42534 42508",42571,""
FIX50SP2,u,"555 40241 42534",42530,""
FIX50SP2,u,"555 40241 42534",42560,""
FIX50SP2,u,"555 40241 42534",42564,""
FIX50SP2,u,"555",40448,""
FIX50SP2,u,"555 40448",40473,""
FIX50SP2,u,"555 40448",40495,""
FIX50SP2,u,"555 40448",40533,""
FIX50SP2,u,"555 40448 40533",40537,""
FIX50SP2,u,"555 40448",40934,""
FIX50SP2,u,"555 40448",40935,""
FIX50SP2,u,"555 40448",40936,""
FIX50SP2,u,"555 40448",40937,""
FIX50SP2,u,"555 40448",40938,""
FIX50SP2,u,"555 40448",40939,""
FIX50SP2,u,"555",40923,""
FIX50SP2,u,"555",41335,""
FIX50SP2,u,"555 41335",41316,""
FIX50SP2,u,"555",41344,""
FIX50SP2,u,"555 41344",41342,""
FIX50SP2,u,"555 41344",42306,""
FIX50SP2,u,"555",41467,""
FIX50SP2,u,"555",41469,""
FIX50SP2,u,"555",41471,""
FIX50SP2,u,"555",41491,""
FIX50SP2,u,"555",41512,""
FIX50SP2,u,"555",41515,""
FIX50SP2,u,"555",41527,""
FIX50SP2,u,"555",41599,""
FIX50SP2,u,"555 41599",41604,""
FIX50SP2,u,"555",41607,""
FIX50SP2,u,"555",41616,""
FIX50SP2,u,"555 41616",41614,""
FIX50SP2,u,"555 41616",41625,""
FIX50SP2,u,"555 41616 41625",41633,""
FIX50SP2,u,"555 41616",41635,""
FIX50SP2,u,"555",42198,""
FIX50SP2,u,"555",42200,""
FIX50SP2,u,"555",42203,""
FIX50SP2,u,"555",42388,""
FIX50SP2,u,"555",42581,""
FIX50SP2,u,"",711,""
FIX50SP2,u,"711",457,""
FIX50SP2,u,"711",887,""
FIX50SP2,u,"711",1058,""
FIX50SP2,u,"711 1058",1062,""
FIX50SP2,u,"711",1981,""
FIX50SP2,u,"711",2045,""
FIX50SP2,u,"711 2045",2053,""
FIX50SP2,u,"711 2045 2053",2056,""
FIX50SP2,u,"711 2045",41716,""
FIX50SP2,u,"711 2045 41716",41724,""
FIX50SP2,u,"711 2045",41729,""
FIX50SP2,u,"711 2045 41729",41713,""
FIX50SP2,u,"711 2045 41729",41726,""
FIX50SP2,u,"711 2045 41729",41750,""
FIX50SP2,u,"711 2045",41732,""
FIX50SP2,u,"711 2045",41737,""
FIX50SP2,u,"711 2045",41748,""
FIX50SP2,u,"711",2080,""
FIX50SP2,u,"711",2312,""
FIX50SP2,u,"711",40540,""
FIX50SP2,u,"711 40540",40656,""
FIX50SP2,u,"711 40540",40659,""
FIX50SP2,u,"711 40540",40664,""
FIX50SP2,u,"711 40540 40664",40704,""
FIX50SP2,u,"711 40540 40664",40966,""
FIX50SP2,u,"711 40540 40664",40967,""
FIX50SP2,u,"711 40540 40664",41878,""
FIX50SP2,u,"711 40540",40708,""
FIX50SP2,u,"711 40540 40708",42991,""
FIX50SP2,u,"711 40540 40708",43000,""
FIX50SP2,u,"711 40540",40968,""
FIX50SP2,u,"711 40540",40969,""
FIX50SP2,u,"711 40540",40970,""
FIX50SP2,u,"711 40540",40971,""
FIX50SP2,u,"711 40540",40972,""
FIX50SP2,u,"711 40540",40973,""
FIX50SP2,u,"711 40540",40974,""
FIX50SP2,u,"711 40540",40975,""
FIX50SP2,u,"711 40540",40976,""
FIX50SP2,u,"711 40540",41756,""
FIX50SP2,u,"711 40540 41756",41770,""
FIX50SP2,u,"711 40540 41756 41770",41773,""
FIX50SP2,u,"711 40540",41800,""
FIX50SP2,u,"711 40540",41804,""
FIX50SP2,u,"711 40540",41808,""
FIX50SP2,u,"711 40540",41909,""
FIX50SP2,u,"711 40540",41937,""
FIX50SP2,u,"711 40540",41941,""
FIX50SP2,u,"711 40540",41944,""
FIX50SP2,u,"711 40540",41954,""
FIX50SP2,u,"711 40540",41962,""
FIX50SP2,u,"711 40540",41990,""
FIX50SP2,u,"711 40540",41993,""
FIX50SP2,u,"711 40540",42002,""
FIX50SP2,u,"711 40540 42002",41996,""
FIX50SP2,u,"711 40540 42002 41996",41999,""
FIX50SP2,u,"711 40540",42799,""
FIX50SP2,u,"711 40540",42853,""
FIX50SP2,u,"711 40540",42862,""
FIX50SP2,u,"711 40540 42862",42882,""
FIX50SP2,u,"711 40540",42901,""
FIX50SP2,u,"711 40540",42915,""
FIX50SP2,u,"711 40540",42955,""
FIX50SP2,u,"711 40540",42981,""
FIX50SP2,u,"711 40540",43034,""
FIX50SP2,u,"711 40540 43034",43008,""
FIX50SP2,u,"711 40540 43034 43008",43069,""
FIX50SP2,u,"711 40540 43034 43008",43071,""
FIX50SP2,u,"711 40540 43034",43030,""
FIX50SP2,u,"711 40540 43034",43060,""
FIX50SP2,u,"711 40540 43034",43064,""
FIX50SP2,u,"711",40962,""
FIX50SP2,u,"711",41820,""
FIX50SP2,u,"711",41841,""
FIX50SP2,u,"711",41844,""
FIX50SP2,u,"711",41856,""
FIX50SP2,u,"711",41864,""
FIX50SP2,u,"711",41866,""
FIX50SP2,u,"711",41868,""
FIX50SP2,u,"711",41947,""
FIX50SP2,u,"711",42036,""
FIX50SP2,u,"711 42036",41340,""
FIX50SP2,u,"711",42041,""
FIX50SP2,u,"711 42041",42039,""
FIX50SP2,u,"711 42041",42788,""
FIX50SP2,u,"711",42060,""
FIX50SP2,u,"711 42060",42065,""
FIX50SP2,u,"711",42068,""
FIX50SP2,u,"711 42068",42077,""
FIX50SP2,u,"711 42068 42077",42085,""
FIX50SP2,u,"711 42068",42087,""
FIX50SP2,u,"711 42068",42090,""
FIX50SP2,u,"711",42149,""
FIX50SP2,u,"711 42149",42099,""
FIX50SP2,u,"711 42149",42112,""
FIX50SP2,u,"711 42149",42173,""
FIX50SP2,u,"711 42149 42173",42177,""
FIX50SP2,u,"711 42149",42180,""
FIX50SP2,u,"711 42149",42182,""
FIX50SP2,u,"711 42149",42184,""
FIX50SP2,u,"711 42149",42186,""
FIX50SP2,u,"711 42149",42188,""
FIX50SP2,u,"711 42149",42190,""
FIX50SP2,u,"711",42855,""
FIX50SP2,u,"711",42884,""
FIX50SP2,u,"711",43005,""
FIX50SP2,u,"711",43074,""
FIX50SP2,u,"",864,""
FIX50SP2,u,"",1018,""
FIX50SP2,u,"1018",1052,""
FIX50SP2,u,"",1116,""
FIX50SP2,u,"1116",1120,""
FIX50SP2,u,"",1483,""
FIX50SP2,u,"1483",1491,""
FIX50SP2,u,"1483 1491",1494,""
FIX50SP2,u,"1483",40997,""
FIX50SP2,u,"1483 40997",41005,""
FIX50SP2,u,"1483",41010,""
FIX50SP2,u,"1483 41010",40994,""
FIX50SP2,u,"1483 41010",41007,""
FIX50SP2,u,"1483 41010",41031,""
FIX50SP2,u,"1483",41013,""
FIX50SP2,u,"1483",41018,""
FIX50SP2,u,"1483",41029,""
FIX50SP2,u,"",1976,""
FIX50SP2,u,"",2304,""
FIX50SP2,u,"",40019,""
FIX50SP2,u,"40019",40000,""
FIX50SP2,u,"",40022,""
FIX50SP2,u,"40022",40277,""
FIX50SP2,u,"40022",42214,""
FIX50SP2,u,"",40049,""
FIX50SP2,u,"40049",40085,""
FIX50SP2,u,"40049",40825,""
FIX50SP2,u,"40049",40828,""
FIX50SP2,u,"40049 40828",40868,""
FIX50SP2,u,"40049 40828",40945,""
FIX50SP2,u,"40049 40828",40977,""
FIX50SP2,u,"40049 40828",41161,""
FIX50SP2,u,"40049",40872,""
FIX50SP2,u,"40049 40872",42696,""
FIX50SP2,u,"40049 40872",42705,""
FIX50SP2,u,"40049",40946,""
FIX50SP2,u,"40049",40947,""
FIX50SP2,u,"40049",40948,""
FIX50SP2,u,"40049",40949,""
FIX50SP2,u,"40049",40950,""
FIX50SP2,u,"40049",40958,""
FIX50SP2,u,"40049",40959,""
FIX50SP2,u,"40049",40960,""
FIX50SP2,u,"40049",40961,""
FIX50SP2,u,"40049",41037,""
FIX50SP2,u,"40049 41037",41051,""
FIX50SP2,u,"40049 41037 41051",41054,""
FIX50SP2,u,"40049",41081,""
FIX50SP2,u,"40049",41085,""
FIX50SP2,u,"40049",41192,""
FIX50SP2,u,"40049",41220,""
FIX50SP2,u,"40049",41224,""
FIX50SP2,u,"40049",41227,""
FIX50SP2,u,"40049",41237,""
FIX50SP2,u,"40049",41241,""
FIX50SP2,u,"40049",41249,""
FIX50SP2,u,"40049",41277,""
FIX50SP2,u,"40049",41280,""
FIX50SP2,u,"40049",41289,""
FIX50SP2,u,"40049 41289",41283,""
FIX50SP2,u,"40049 41289 41283",41286,""
FIX50SP2,u,"40049",42236,""
FIX50SP2,u,"40049",42272,""
FIX50SP2,u,"40049",42274,""
FIX50SP2,u,"40049 42274",42294,""
FIX50SP2,u,"40049",42606,""
FIX50SP2,u,"40049",42620,""
FIX50SP2,u,"40049",42660,""
FIX50SP2,u,"40049",42683,""
FIX50SP2,u,"40049",42735,""
FIX50SP2,u,"40049 42735",42709,""
FIX50SP2,u,"40049 42735 42709",42770,""
FIX50SP2,u,"40049 42735 42709",42772,""
FIX50SP2,u,"40049 42735",42731,""
FIX50SP2,u,"40049 42735",42761,""
FIX50SP2,u,"40049 42735",42765,""
FIX50SP2,u,"",40090,""
FIX50SP2,u,"40090",40142,""
FIX50SP2,u,"40090",40171,""
FIX50SP2,u,"40090",40174,""
FIX50SP2,u,"40090 40174",40178,""
FIX50SP2,u,"40090",40952,""
FIX50SP2,u,"40090",40953,""
FIX50SP2,u,"40090",40954,""
FIX50SP2,u,"40090",40955,""
FIX50SP2,u,"40090",40956,""
FIX50SP2,u,"40090",40957,""
FIX50SP2,u,"",40181,""
FIX50SP2,u,"40181",40191,""
FIX50SP2,u,"40181 40191",40199,""
FIX50SP2,u,"40181",40201,""
FIX50SP2,u,"40181",40951,""
FIX50SP2,u,"",40204,""
FIX50SP2,u,"40204",40209,""
FIX50SP2,u,"",40278,""
FIX50SP2,u,"",41092,""
FIX50SP2,u,"",41094,""
FIX50SP2,u,"",41096,""
FIX50SP2,u,"",41116,""
FIX50SP2,u,"",41137,""
FIX50SP2,u,"",41140,""
FIX50SP2,u,"",41152,""
FIX50SP2,u,"",41230,""
FIX50SP2,u,"",42296,""
FIX50SP2,u,"",42775,""
FIX50SP2,w,"",558,""
FIX50SP2,x,"",454,""
FIX50SP2,x,"",555,""
FIX50SP2,x,"555",604,""
FIX50SP2,x,"555",2059,""
FIX50SP2,x,"555",2076,""
FIX50SP2,x,"555",2218,""
FIX50SP2,x,"555 2218",2250,""
FIX50SP2,x,"555 2218 2250",2253,""
FIX50SP2,x,"555 2218",41366,""
FIX50SP2,x,"555 2218 41366",41374,""
FIX50SP2,x,"555 2218",41379,""
FIX50SP2,x,"555 2218 41379",41363,""
FIX50SP2,x,"555 2218 41379",41376,""
FIX50SP2,x,"555 2218 41379",41400,""
FIX50SP2,x,"555 2218",41382,""
FIX50SP2,x,"555 2218",41387,""
FIX50SP2,x,"555 2218",41398,""
FIX50SP2,x,"555",2254,""
FIX50SP2,x,"555 2254",2258,""
FIX50SP2,x,"555",2308,""
FIX50SP2,x,"555",40241,""
FIX50SP2,x,"555 40241",40367,""
FIX50SP2,x,"555 40241",40374,""
FIX50SP2,x,"555 40241 40374",40414,""
FIX50SP2,x,"555 40241 40374",40927,""
FIX50SP2,x,"555 40241 40374",40928,""
FIX50SP2,x,"555 40241 40374",41530,""
FIX50SP2,x,"555 40241",40418,""
FIX50SP2,x,"555 40241 40418",42495,""
FIX50SP2,x,"555 40241 40418",42504,""
FIX50SP2,x,"555 40241",40902,""
FIX50SP2,x,"555 40241",40929,""
FIX50SP2,x,"555 40241",40930,""
FIX50SP2,x,"555 40241",40931,""
FIX50SP2,x,"555 40241",40932,""
FIX50SP2,x,"555 40241",40933,""
FIX50SP2,x,"555 40241",40940,""
FIX50SP2,x,"555 40241",40941,""
FIX50SP2,x,"555 40241",40942,""
FIX50SP2,x,"555 40241",40943,""
FIX50SP2,x,"555 40241",41408,""
FIX50SP2,x,"555 40241 41408",41422,""
FIX50SP2,x,"555 40241 41408 41422",41425,""
FIX50SP2,x,"555 40241",41452,""
FIX50SP2,x,"555 40241",41456,""
FIX50SP2,x,"555 40241",41460,""
FIX50SP2,x,"555 40241",41561,""
FIX50SP2,x,"555 40241",41589,""
FIX50SP2,x,"555 40241",41593,""
FIX50SP2,x,"555 40241",41596,""
FIX50SP2,x,"555 40241",41638,""
FIX50SP2,x,"555 40241",41646,""
FIX50SP2,x,"555 40241",41674,""
FIX50SP2,x,"555 40241",41677,""
FIX50SP2,x,"555 40241",41686,""
FIX50SP2,x,"555 40241 41686",41680,""
FIX50SP2,x,"555 40241 41686 41680",41683,""
FIX50SP2,x,"555 40241",42310,""
FIX50SP2,x,"555 40241",42364,""
FIX50SP2,x,"555 40241",42366,""
FIX50SP2,x,"555 40241 42366",42386,""
FIX50SP2,x,"555 40241",42405,""
FIX50SP2,x,"555 40241",42419,""
FIX50SP2,x,"555 40241",42459,""
FIX50SP2,x,"555 40241",42485,""
FIX50SP2,x,"555 40241",42534,""
FIX50SP2,x,"555 40241 42534",42508,""
FIX50SP2,x,"555 40241 42534 42508",42569,""
FIX50SP2,x,"555 40241 42534 42508",42571,""
FIX50SP2,x,"555 40241 42534",42530,""
FIX50SP2,x,"555 40241 42534",42560,""
FIX50SP2,x,"555 40241 42534",42564,""
FIX50SP2,x,"555",40448,""
FIX50SP2,x,"555 40448",40473,""
FIX50SP2,x,"555 40448",40495,""
FIX50SP2,x,"555 40448",40533,""
FIX50SP2,x,"555 40448 40533",40537,""
FIX50SP2,x,"555 40448",40934,""
FIX50SP2,x,"555 40448",40935,""
FIX50SP2,x,"555 40448",40936,""
FIX50SP2,x,"555 40448",40937,""
FIX50SP2,x,"555 40448",40938,""
FIX50SP2,x,"555 40448",40939,""
FIX50SP2,x,"555",40923,""
FIX50SP2,x,"555",41335,""
FIX50SP2,x,"555 41335",41316,""
FIX50SP2,x,"555",41344,""
FIX50SP2,x,"555 41344",41342,""
FIX50SP2,x,"555 41344",42306,""
FIX50SP2,x,"555",41467,""
FIX50SP2,x,"555",41469,""
FIX50SP2,x,"555",41471,""
FIX50SP2,x,"555",41491,""
FIX50SP2,x,"555",41512,""
FIX50SP2,x,"555",41515,""
FIX50SP2,x,"555",41527,""
FIX50SP2,x,"555",41599,""
FIX50SP2,x,"555 41599",41604,""
FIX50SP2,x,"555",41607,""
FIX50SP2,x,"555",41616,""
FIX50SP2,x,"555 41616",41614,""
FIX50SP2,x,"555 41616",41625,""
FIX50SP2,x,"555 41616 41625",41633,""
FIX50SP2,x,"555 41616",41635,""
FIX50SP2,x,"555",42198,""
FIX50SP2,x,"555",42200,""
FIX50SP2,x,"555",42203,""
FIX50SP2,x,"555",42388,""
FIX50SP2,x,"555",42581,""
FIX50SP2,x,"",711,""
FIX50SP2,x,"711",457,""
FIX50SP2,x,"711",887,""
FIX50SP2,x,"711",1058,""
FIX50SP2,x,"711 1058",1062,""
FIX50SP2,x,"711",1981,""
FIX50SP2,x,"711",2045,""
FIX50SP2,x,"711 2045",2053,""
FIX50SP2,x,"711 2045 2053",2056,""
FIX50SP2,x,"711 2045",41716,""
FIX50SP2,x,"711 2045 41716",41724,""
FIX50SP2,x,"711 2045",41729,""
FIX50SP2,x,"711 2045 41729",41713,""
FIX50SP2,x,"711 2045 41729",41726,""
FIX50SP2,x,"711 2045 41729",41750,""
FIX50SP2,x,"711 2045",41732,""
FIX50SP2,x,"711 2045",41737,""
FIX50SP2,x,"711 2045",41748,""
FIX50SP2,x,"711",2080,""
FIX50SP2,x,"711",2312,""
FIX50SP2,x,"711",40540,""
FIX50SP2,x,"711 40540",40656,""
FIX50SP2,x,"711 40540",40659,""
FIX50SP2,x,"711 40540",40664,""
FIX50SP2,x,"711 40540 40664",40704,""
FIX50SP2,x,"711 40540 40664",40966,""
FIX50SP2,x,"711 40540 40664",40967,""
FIX50SP2,x,"711 40540 40664",41878,""
FIX50SP2,x,"711 40540",40708,""
FIX50SP2,x,"711 40540 40708",42991,""
FIX50SP2,x,"711 40540 40708",43000,""
FIX50SP2,x,"711 40540",40968,""
FIX50SP2,x,"711 40540",40969,""
FIX50SP2,x,"711 40540",40970,""
FIX50SP2,x,"711 40540",40971,""
FIX50SP2,x,"711 40540",40972,""
FIX50SP2,x,"711 40540",40973,""
FIX50SP2,x,"711 40540",40974,""
FIX50SP2,x,"711 40540",40975,""
FIX50SP2,x,"711 40540",40976,""
FIX50SP2,x,"711 40540",41756,""
FIX50SP2,x,"711 40540 41756",41770,""
FIX50SP2,x,"711 40540 41756 41770",41773,""
FIX50SP2,x,"711 40540",41800,""
FIX50SP2,x,"711 40540",41804,""
FIX50SP2,x,"711 40540",41808,""
FIX50SP2,x,"711 40540",41909,""
FIX50SP2,x,"711 40540",41937,""
FIX50SP2,x,"711 40540",41941,""
FIX50SP2,x,"711 40540",41944,""
FIX50SP2,x,"711 40540",41954,""
FIX50SP2,x,"711 40540",41962,""
FIX50SP2,x,"711 40540",41990,""
FIX50SP2,x,"711 40540",41993,""
FIX50SP2,x,"711 40540",42002,""
FIX50SP2,x,"711 40540 42002",41996,""
FIX50SP2,x,"711 40540 42002 41996",41999,""
FIX50SP2,x,"711 40540",42799,""
FIX50SP2,x,"711 40540",42853,""
FIX50SP2,x,"711 40540",42862,""
FIX50SP2,x,"711 40540 42862",42882,""
FIX50SP2,x,"711 40540",42901,""
FIX50SP2,x,"711 40540",42915,""
FIX50SP2,x,"711 40540",42955,""
FIX50SP2,x,"711 40540",42981,""
FIX50SP2,x,"711 40540",43034,""
FIX50SP2,x,"711 40540 43034",43008,""
FIX50SP2,x,"711 40540 43034 43008",43069,""
FIX50SP2,x,"711 40540 43034 43008",43071,""
FIX50SP2,x,"711 40540 43034",43030,""
FIX50SP2,x,"711 40540 43034",43060,""
FIX50SP2,x,"711 40540 43034",43064,""
FIX50SP2,x,"711",40962,""
FIX50SP2,x,"711",41820,""
FIX50SP2,x,"711",41841,""
FIX50SP2,x,"711",41844,""
FIX50SP2,x,"711",41856,""
FIX50SP2,x,"711",41864,""
FIX50SP2,x,"711",41866,""
FIX50SP2,x,"711",41868,""
FIX50SP2,x,"711",41947,""
FIX50SP2,x,"711",42036,""
FIX50SP2,x,"711 42036",41340,""
FIX50SP2,x,"711",42041,""
FIX50SP2,x,"711 42041",42039,""
FIX50SP2,x,"711 42041",42788,""
FIX50SP2,x,"711",42060,""
FIX50SP2,x,"711 42060",42065,""
FIX50SP2,x,"711",42068,""
FIX50SP2,x,"711 42068",42077,""
FIX50SP2,x,"711 42068 42077",42085,""
FIX50SP2,x,"711 42068",42087,""
FIX50SP2,x,"711 42068",42090,""
FIX50SP2,x,"711",42149,""
FIX50SP2,x,"711 42149",42099,""
FIX50SP2,x,"711 42149",42112,""
FIX50SP2,x,"711 42149",42173,""
FIX50SP2,x,"711 42149 42173",42177,""
FIX50SP2,x,"711 42149",42180,""
FIX50SP2,x,"711 42149",42182,""
FIX50SP2,x,"711 42149",42184,""
FIX50SP2,x,"711 42149",42186,""
FIX50SP2,x,"711 42149",42188,""
FIX50SP2,x,"711 42149",42190,""
FIX50SP2,x,"711",42855,""
FIX50SP2,x,"711",42884,""
FIX50SP2,x,"711",43005,""
FIX50SP2,x,"711",43074,""
FIX50SP2,x,"",864,""
FIX50SP2,x,"",870,""
FIX50SP2,x,"",1018,""
FIX50SP2,x,"1018",1052,""
FIX50SP2,x,"",1483,""
FIX50SP2,x,"1483",1491,""
FIX50SP2,x,"1483 1491",1494,""
FIX50SP2,x,"1483",40997,""
FIX50SP2,x,"1483 40997",41005,""
FIX50SP2,x,"1483",41010,""
FIX50SP2,x,"1483 41010",40994,""
FIX50SP2,x,"1483 41010",41007,""
FIX50SP2,x,"1483 41010",41031,""
FIX50SP2,x,"1483",41013,""
FIX50SP2,x,"1483",41018,""
FIX50SP2,x,"1483",41029,""
FIX50SP2,x,"",1647,""
FIX50SP2,x,"",1976,""
FIX50SP2,x,"",2304,""
FIX50SP2,x,"",2734,""
FIX50SP2,x,"",2746,""
FIX50SP2,x,"",40019,""
FIX50SP2,x,"40019",40000,""
FIX50SP2,x,"",40022,""
FIX50SP2,x,"40022",40277,""
FIX50SP2,x,"40022",42214,""
FIX50SP2,x,"",40040,""
FIX50SP2,x,"",40042,""
FIX50SP2,x,"",40046,""
FIX50SP2,x,"",40049,""
FIX50SP2,x,"40049",40085,""
FIX50SP2,x,"40049",40825,""
FIX50SP2,x,"40049",40828,""
FIX50SP2,x,"40049 40828",40868,""
FIX50SP2,x,"40049 40828",40945,""
FIX50SP2,x,"40049 40828",40977,""
FIX50SP2,x,"40049 40828",41161,""
FIX50SP2,x,"40049",40872,""
FIX50SP2,x,"40049 40872",42696,""
FIX50SP2,x,"40049 40872",42705,""
FIX50SP2,x,"40049",40946,""
FIX50SP2,x,"40049",40947,""
FIX50SP2,x,"40049",40948,""
FIX50SP2,x,"40049",40949,""
FIX50SP2,x,"40049",40950,""
FIX50SP2,x,"40049",40958,""
FIX50SP2,x,"40049",40959,""
FIX50SP2,x,"40049",40960,""
FIX50SP2,x,"40049",40961,""
FIX50SP2,x,"40049",41037,""
FIX50SP2,x,"40049 41037",41051,""
FIX50SP2,x,"40049 41037 41051",41054,""
FIX50SP2,x,"40049",41081,""
FIX50SP2,x,"40049",41085,""
FIX50SP2,x,"40049",41192,""
FIX50SP2,x,"40049",41220,""
FIX50SP2,x,"40049",41224,""
FIX50SP2,x,"40049",41227,""
FIX50SP2,x,"40049",41237,""
FIX50SP2,x,"40049",41241,""
FIX50SP2,x,"40049",41249,""
FIX50SP2,x,"40049",41277,""
FIX50SP2,x,"40049",41280,""
FIX50SP2,x,"40049",41289,""
FIX50SP2,x,"40049 41289",41283,""
FIX50SP2,x,"40049 41289 41283",41286,""
FIX50SP2,x,"40049",42236,""
FIX50SP2,x,"40049",42272,""
FIX50SP2,x,"40049",42274,""
FIX50SP2,x,"40049 42274",42294,""
FIX50SP2,x,"40049",42606,""
FIX50SP2,x,"40049",42620,""
FIX50SP2,x,"40049",42660,""
FIX50SP2,x,"40049",42683,""
FIX50SP2,x,"40049",42735,""
FIX50SP2,x,"40049 42735",42709,""
FIX50SP2,x,"40049 42735 42709",42770,""
FIX50SP2,x,"40049 42735 42709",42772,""
FIX50SP2,x,"40049 42735",42731,""
FIX50SP2,x,"40049 42735",42761,""
FIX50SP2,x,"40049 42735",42765,""
FIX50SP2,x,"",40090,""
FIX50SP2,x,"40090",40142,""
FIX50SP2,x,"40090",40171,""
FIX50SP2,x,"40090",40174,""
FIX50SP2,x,"40090 40174",40178,""
FIX50SP2,x,"40090",40952,""
FIX50SP2,x,"40090",40953,""
FIX50SP2,x,"40090",40954,""
FIX50SP2,x,"40090",40955,""
FIX50SP2,x,"40090",40956,""
FIX50SP2,x,"40090",40957,""
FIX50SP2,x,"",40181,""
FIX50SP2,x,"40181",40191,""
FIX50SP2,x,"40181 40191",40199,""
FIX50SP2,x,"40181",40201,""
FIX50SP2,x,"40181",40951,""
FIX50SP2,x,"",40204,""
FIX50SP2,x,"40204",40209,""
FIX50SP2,x,"",40278,""
FIX50SP2,x,"",41092,""
FIX50SP2,x,"",41094,""
FIX50SP2,x,"",41096,""
FIX50SP2,x,"",41116,""
FIX50SP2,x,"",41137,""
FIX50SP2,x,"",41140,""
FIX50SP2,x,"",41152,""
FIX50SP2,x,"",41230,""
FIX50SP2,x,"",42296,""
FIX50SP2,x,"",42775,""
FIX50SP2,y,"",146,""
FIX50SP2,y,"146",232,""
FIX50SP2,y,"146",454,""
FIX50SP2,y,"146",555,""
FIX50SP2,y,"146 555",604,""
FIX50SP2,y,"146 555",683,""
FIX50SP2,y,"146 555",2059,""
FIX50SP2,y,"146 555",2076,""
FIX50SP2,y,"146 555",2218,""
FIX50SP2,y,"146 555 2218",2250,""
FIX50SP2,y,"146 555 2218 2250",2253,""
FIX50SP2,y,"146 555 2218",41366,""
FIX50SP2,y,"146 555 2218 41366",41374,""
FIX50SP2,y,"146 555 2218",41379,""
FIX50SP2,y,"146 555 2218 41379",41363,""
FIX50SP2,y,"146 555 2218 41379",41376,""
FIX50SP2,y,"146 555 2218 41379",41400,""
FIX50SP2,y,"146 555 2218",41382,""
FIX50SP2,y,"146 555 2218",41387,""
FIX50SP2,y,"146 555 2218",41398,""
FIX50SP2,y,"146 555",2254,""
FIX50SP2,y,"146 555 2254",2258,""
FIX50SP2,y,"146 555",2308,""
FIX50SP2,y,"146 555",40241,""
FIX50SP2,y,"146 555 40241",40367,""
FIX50SP2,y,"146 555 40241",40374,""
FIX50SP2,y,"146 555 40241 40374",40414,""
FIX50SP2,y,"146 555 40241 40374",40927,""
FIX50SP2,y,"146 555 40241 40374",40928,""
FIX50SP2,y,"146 555 40241 40374",41530,""
FIX50SP2,y,"146 555 40241",40418,""
FIX50SP2,y,"146 555 40241 40418",42495,""
FIX50SP2,y,"146 555 40241 40418",42504,""
FIX50SP2,y,"146 555 40241",40902,""
FIX50SP2,y,"146 555 40241",40929,""
FIX50SP2,y,"146 555 40241",40930,""
FIX50SP2,y,"146 555 40241",40931,""
FIX50SP2,y,"146 555 40241",40932,""
FIX50SP2,y,"146 555 40241",40933,""
FIX50SP2,y,"146 555 40241",40940,""
FIX50SP2,y,"146 555 40241",40941,""
FIX50SP2,y,"146 555 40241",40942,""
FIX50SP2,y,"146 555 40241",40943,""
FIX50SP2,y,"146 555 40241",41408,""
FIX50SP2,y,"146 555 40241 41408",41422,""
FIX50SP2,y,"146 555 40241 41408 41422",41425,""
FIX50SP2,y,"146 555 40241",41452,""
FIX50SP2,y,"146 555 40241",41456,""
FIX50SP2,y,"146 555 40241",41460,""
FIX50SP2,y,"146 555 40241",41561,""
FIX50SP2,y,"146 555 40241",41589,""
FIX50SP2,y,"146 555 40241",41593,""
FIX50SP2,y,"146 555 40241",41596,""
FIX50SP2,y,"146 555 40241",41638,""
FIX50SP2,y,"146 555 40241",41646,""
FIX50SP2,y,"146 555 40241",41674,""
FIX50SP2,y,"146 555 40241",41677,""
FIX50SP2,y,"146 555 40241",41686,""
FIX50SP2,y,"146 555 40241 41686",41680,""
FIX50SP2,y,"146 555 40241 41686 41680",41683,""
FIX50SP2,y,"146 555 40241",42310,""
FIX50SP2,y,"146 555 40241",42364,""
FIX50SP2,y,"146 555 40241",42366,""
FIX50SP2,y,"146 555 40241 42366",42386,""
FIX50SP2,y,"146 555 40241",42405,""
FIX50SP2,y,"146 555 40241",42419,""
FIX50SP2,y,"146 555 40241",42459,""
FIX50SP2,y,"146 555 40241",42485,""
FIX50SP2,y,"146 555 40241",42534,""
FIX50SP2,y,"146 555 40241 42534",42508,""
FIX50SP2,y,"146 555 40241 42534 42508",42569,""
FIX50SP2,y,"146 555 40241 42534 42508",42571,""
FIX50SP2,y,"146 555 40241 42534",42530,""
FIX50SP2,y,"146 555 40241 42534",42560,""
FIX50SP2,y,"146 555 40241 42534",42564,""
FIX50SP2,y,"146 555",40448,""
FIX50SP2,y,"146 555 40448",40473,""
FIX50SP2,y,"146 555 40448",40495,""
FIX50SP2,y,"146 555 40448",40533,""
FIX50SP2,y,"146 555 40448 40533",40537,""
FIX50SP2,y,"146 555 40448",40934,""
FIX50SP2,y,"146 555 40448",40935,""
FIX50SP2,y,"146 555 40448",40936,""
FIX50SP2,y,"146 555 40448",40937,""
FIX50SP2,y,"146 555 40448",40938,""
FIX50SP2,y,"146 555 40448",40939,""
FIX50SP2,y,"146 555",40923,""
FIX50SP2,y,"146 555",41335,""
FIX50SP2,y,"146 555 41335",41316,""
FIX50SP2,y,"146 555",41344,""
FIX50SP2,y,"146 555 41344",41342,""
FIX50SP2,y,"146 555 41344",42306,""
FIX50SP2,y,"146 555",41467,""
FIX50SP2,y,"146 555",41469,""
FIX50SP2,y,"146 555",41471,""
FIX50SP2,y,"146 555",41491,""
FIX50SP2,y,"146 555",41512,""
FIX50SP2,y,"146 555",41515,""
FIX50SP2,y,"146 555",41527,""
FIX50SP2,y,"146 555",41599,""
FIX50SP2,y,"146 555 41599",41604,""
FIX50SP2,y,"146 555",41607,""
FIX50SP2,y,"146 555",41616,""
FIX50SP2,y,"146 555 41616",41614,""
FIX50SP2,y,"146 555 41616",41625,""
FIX50SP2,y,"146 555 41616 41625",41633,""
FIX50SP2,y,"146 555 41616",41635,""
FIX50SP2,y,"146 555",42388,""
FIX50SP2,y,"146 555",42581,""
FIX50SP2,y,"146",711,""
FIX50SP2,y,"146 711",457,""
FIX50SP2,y,"146 711",887,""
FIX50SP2,y,"146 711",1058,""
FIX50SP2,y,"146 711 1058",1062,""
FIX50SP2,y,"146 711",1981,""
FIX50SP2,y,"146 711",2045,""
FIX50SP2,y,"146 711 2045",2053,""
FIX50SP2,y,"146 711 2045 2053",2056,""
FIX50SP2,y,"146 711 2045",41716,""
FIX50SP2,y,"146 711 2045 41716",41724,""
FIX50SP2,y,"146 711 2045",41729,""
FIX50SP2,y,"146 711 2045 41729",41713,""
FIX50SP2,y,"146 711 2045 41729",41726,""
FIX50SP2,y,"146 711 2045 41729",41750,""
FIX50SP2,y,"146 711 2045",41732,""
FIX50SP2,y,"146 711 2045",41737,""
FIX50SP2,y,"146 711 2045",41748,""
FIX50SP2,y,"146 711",2080,""
FIX50SP2,y,"146 711",2312,""
FIX50SP2,y,"146 711",40540,""
FIX50SP2,y,"146 711 40540",40656,""
FIX50SP2,y,"146 711 40540",40659,""
FIX50SP2,y,"146 711 40540",40664,""
FIX50SP2,y,"146 711 40540 40664",40704,""
FIX50SP2,y,"146 711 40540 40664",40966,""
FIX50SP2,y,"146 711 40540 40664",40967,""
FIX50SP2,y,"146 711 40540 40664",41878,""
FIX50SP2,y,"146 711 40540",40708,""
FIX50SP2,y,"146 711 40540 40708",42991,""
FIX50SP2,y,"146 711 40540 40708",43000,""
FIX50SP2,y,"146 711 40540",40968,""
FIX50SP2,y,"146 711 40540",40969,""
FIX50SP2,y,"146 711 40540",40970,""
FIX50SP2,y,"146 711 40540",40971,""
FIX50SP2,y,"146 711 40540",40972,""
FIX50SP2,y,"146 711 40540",40973,""
FIX50SP2,y,"146 711 40540",40974,""
FIX50SP2,y,"146 711 40540",40975,""
FIX50SP2,y,"146 711 40540",40976,""
FIX50SP2,y,"146 711 40540",41756,""
FIX50SP2,y,"146 711 40540 41756",41770,""
FIX50SP2,y,"146 711 40540 41756 41770",41773,""
FIX50SP2,y,"146 711 40540",41800,""
FIX50SP2,y,"146 711 40540",41804,""
FIX50SP2,y,"146 711 40540",41808,""
FIX50SP2,y,"146 711 40540",41909,""
FIX50SP2,y,"146 711 40540",41937,""
FIX50SP2,y,"146 711 40540",41941,""
FIX50SP2,y,"146 711 40540",41944,""
FIX50SP2,y,"146 711 40540",41954,""
FIX50SP2,y,"146 711 40540",41962,""
FIX50SP2,y,"146 711 40540",41990,""
FIX50SP2,y,"146 711 40540",41993,""
FIX50SP2,y,"146 711 40540",42002,""
FIX50SP2,y,"146 711 40540 42002",41996,""
FIX50SP2,y,"146 711 40540 42002 41996",41999,""
FIX50SP2,y,"146 711 40540",42799,""
FIX50SP2,y,"146 711 40540",42853,""
FIX50SP2,y,"146 711 40540",42862,""
FIX50SP2,y,"146 711 40540 42862",42882,""
FIX50SP2,y,"146 711 40540",42901,""
FIX50SP2,y,"146 711 40540",42915,""
FIX50SP2,y,"146 711 40540",42955,""
FIX50SP2,y,"146 711 40540",42981,""
FIX50SP2,y,"146 711 40540",43034,""
FIX50SP2,y,"146 711 40540 43034",43008,""
FIX50SP2,y,"146 711 40540 43034 43008",43069,""
FIX50SP2,y,"146 711 40540 43034 43008",43071,""
FIX50SP2,y,"146 711 40540 43034",43030,""
FIX50SP2,y,"146 711 40540 43034",43060,""
FIX50SP2,y,"146 711 40540 43034",43064,""
FIX50SP2,y,"146 711",40962,""
FIX50SP2,y,"146 711",41820,""
FIX50SP2,y,"146 711",41841,""
FIX50SP2,y,"146 711",41844,""
FIX50SP2,y,"146 711",41856,""
FIX50SP2,y,"146 711",41864,""
FIX50SP2,y,"146 711",41866,""
FIX50SP2,y,"146 711",41868,""
FIX50SP2,y,"146 711",41947,""
FIX50SP2,y,"146 711",42036,""
FIX50SP2,y,"146 711 42036",41340,""
FIX50SP2,y,"146 711",42041,""
FIX50SP2,y,"146 711 42041",42039,""
FIX50SP2,y,"146 711 42041",42788,""
FIX50SP2,y,"146 711",42060,""
FIX50SP2,y,"146 711 42060",42065,""
FIX50SP2,y,"146 711",42068,""
FIX50SP2,y,"146 711 42068",42077,""
FIX50SP2,y,"146 711 42068 42077",42085,""
FIX50SP2,y,"146 711 42068",42087,""
FIX50SP2,y,"146 711 42068",42090,""
FIX50SP2,y,"146 711",42149,""
FIX50SP2,y,"146 711 42149",42099,""
FIX50SP2,y,"146 711 42149",42112,""
FIX50SP2,y,"146 711 42149",42173,""
FIX50SP2,y,"146 711 42149 42173",42177,""
FIX50SP2,y,"146 711 42149",42180,""
FIX50SP2,y,"146 711 42149",42182,""
FIX50SP2,y,"146 711 42149",42184,""
FIX50SP2,y,"146 711 42149",42186,""
FIX50SP2,y,"146 711 42149",42188,""
FIX50SP2,y,"146 711 42149",42190,""
FIX50SP2,y,"146 711",42855,""
FIX50SP2,y,"146 711",42884,""
FIX50SP2,y,"146 711",43005,""
FIX50SP2,y,"146 711",43074,""
FIX50SP2,y,"146",864,""
FIX50SP2,y,"146",870,""
FIX50SP2,y,"146",1018,""
FIX50SP2,y,"146 1018",1052,""
FIX50SP2,y,"146",1201,""
FIX50SP2,y,"146 1201",1236,""
FIX50SP2,y,"146",1205,""
FIX50SP2,y,"146",1234,""
FIX50SP2,y,"146",1309,""
FIX50SP2,y,"146 1309",1141,""
FIX50SP2,y,"146 1309",1232,""
FIX50SP2,y,"146 1309",1235,""
FIX50SP2,y,"146 1309",1237,""
FIX50SP2,y,"146 1309",1239,""
FIX50SP2,y,"146 1309",2548,""
FIX50SP2,y,"146",1312,""
FIX50SP2,y,"146",1483,""
FIX50SP2,y,"146 1483",1491,""
FIX50SP2,y,"146 1483 1491",1494,""
FIX50SP2,y,"146 1483",40997,""
FIX50SP2,y,"146 1483 40997",41005,""
FIX50SP2,y,"146 1483",41010,""
FIX50SP2,y,"146 1483 41010",40994,""
FIX50SP2,y,"146 1483 41010",41007,""
FIX50SP2,y,"146 1483 41010",41031,""
FIX50SP2,y,"146 1483",41013,""
FIX50SP2,y,"146 1483",41018,""
FIX50SP2,y,"146 1483",41029,""
FIX50SP2,y,"146",1582,""
FIX50SP2,y,"146",1647,""
FIX50SP2,y,"146",1919,""
FIX50SP2,y,"146 1919",1918,""
FIX50SP2,y,"146 1919",1920,""
FIX50SP2,y,"146",1976,""
FIX50SP2,y,"146",2304,""
FIX50SP2,y,"146",2550,""
FIX50SP2,y,"146",2558,""
FIX50SP2,y,"146",2734,""
FIX50SP2,y,"146",2746,""
FIX50SP2,y,"146",40019,""
FIX50SP2,y,"146 40019",40000,""
FIX50SP2,y,"146",40022,""
FIX50SP2,y,"146 40022",40277,""
FIX50SP2,y,"146 40022",42214,""
FIX50SP2,y,"146",40040,""
FIX50SP2,y,"146",40042,""
FIX50SP2,y,"146",40046,""
FIX50SP2,y,"146",40049,""
FIX50SP2,y,"146 40049",40085,""
FIX50SP2,y,"146 40049",40825,""
FIX50SP2,y,"146 40049",40828,""
FIX50SP2,y,"146 40049 40828",40868,""
FIX50SP2,y,"146 40049 40828",40945,""
FIX50SP2,y,"146 40049 40828",40977,""
FIX50SP2,y,"146 40049 40828",41161,""
FIX50SP2,y,"146 40049",40872,""
FIX50SP2,y,"146 40049 40872",42696,""
FIX50SP2,y,"146 40049 40872",42705,""
FIX50SP2,y,"146 40049",40946,""
FIX50SP2,y,"146 40049",40947,""
FIX50SP2,y,"146 40049",40948,""
FIX50SP2,y,"146 40049",40949,""
FIX50SP2,y,"146 40049",40950,""
FIX50SP2,y,"146 40049",40958,""
FIX50SP2,y,"146 40049",40959,""
FIX50SP2,y,"146 40049",40960,""
FIX50SP2,y,"146 40049",40961,""
FIX50SP2,y,"146 40049",41037,""
FIX50SP2,y,"146 40049 41037",41051,""
FIX50SP2,y,"146 40049 41037 41051",41054,""
FIX50SP2,y,"146 40049",41081,""
FIX50SP2,y,"146 40049",41085,""
FIX50SP2,y,"146 40049",41192,""
FIX50SP2,y,"146 40049",41220,""
FIX50SP2,y,"146 40049",41224,""
FIX50SP2,y,"146 40049",41227,""
FIX50SP2,y,"146 40049",41237,""
FIX50SP2,y,"146 40049",41241,""
FIX50SP2,y,"146 40049",41249,""
FIX50SP2,y,"146 40049",41277,""
FIX50SP2,y,"146 40049",41280,""
FIX50SP2,y,"146 40049",41289,""
FIX50SP2,y,"146 40049 41289",41283,""
FIX50SP2,y,"146 40049 41289 41283",41286,""
FIX50SP2,y,"146 40049",42236,""
FIX50SP2,y,"146 40049",42272,""
FIX50SP2,y,"146 40049",42274,""
FIX50SP2,y,"146 40049 42274",42294,""
FIX50SP2,y,"146 40049",42606,""
FIX50SP2,y,"146 40049",42620,""
FIX50SP2,y,"146 40049",42660,""
FIX50SP2,y,"146 40049",42683,""
FIX50SP2,y,"146 40049",42735,""
FIX50SP2,y,"146 40049 42735",42709,""
FIX50SP2,y,"146 40049 42735 42709",42770,""
FIX50SP2,y,"146 40049 42735 42709",42772,""
FIX50SP2,y,"146 40049 42735",42731,""
FIX50SP2,y,"146 40049 42735",42761,""
FIX50SP2,y,"146 40049 42735",42765,""
FIX50SP2,y,"146",40090,""
FIX50SP2,y,"146 40090",40142,""
FIX50SP2,y,"146 40090",40171,""
FIX50SP2,y,"146 40090",40174,""
FIX50SP2,y,"146 40090 40174",40178,""
FIX50SP2,y,"146 40090",40952,""
FIX50SP2,y,"146 40090",40953,""
FIX50SP2,y,"146 40090",40954,""
FIX50SP2,y,"146 40090",40955,""
FIX50SP2,y,"146 40090",40956,""
FIX50SP2,y,"146 40090",40957,""
FIX50SP2,y,"146",40181,""
FIX50SP2,y,"146 40181",40191,""
FIX50SP2,y,"146 40181 40191",40199,""
FIX50SP2,y,"146 40181",40201,""
FIX50SP2,y,"146 40181",40951,""
FIX50SP2,y,"146",40204,""
FIX50SP2,y,"146 40204",40209,""
FIX50SP2,y,"146",40278,""
FIX50SP2,y,"146",41092,""
FIX50SP2,y,"146",41094,""
FIX50SP2,y,"146",41096,""
FIX50SP2,y,"146",41116,""
FIX50SP2,y,"146",41137,""
FIX50SP2,y,"146",41140,""
FIX50SP2,y,"146",41152,""
FIX50SP2,y,"146",41230,""
FIX50SP2,y,"146",42296,""
FIX50SP2,y,"146",42775,""
FIX50SP2,z,"",457,""
FIX50SP2,z,"",887,""
FIX50SP2,z,"",1058,""
FIX50SP2,z,"1058",1062,""
FIX50SP2,z,"",1218,""
FIX50SP2,z,"",1286,""
FIX50SP2,z,"",1292,""
FIX50SP2,z,"1292",1296,""
FIX50SP2,z,"",1981,""
FIX50SP2,z,"",2045,""
FIX50SP2,z,"2045",2053,""
FIX50SP2,z,"2045 2053",2056,""
FIX50SP2,z,"2045",41716,""
FIX50SP2,z,"2045 41716",41724,""
FIX50SP2,z,"2045",41729,""
FIX50SP2,z,"2045 41729",41713,""
FIX50SP2,z,"2045 41729",41726,""
FIX50SP2,z,"2045 41729",41750,""
FIX50SP2,z,"2045",41732,""
FIX50SP2,z,"2045",41737,""
FIX50SP2,z,"2045",41748,""
FIX50SP2,z,"",2080,""
FIX50SP2,z,"",2312,""
FIX50SP2,z,"",40540,""
FIX50SP2,z,"40540",40656,""
FIX50SP2,z,"40540",40659,""
FIX50SP2,z,"40540",40664,""
FIX50SP2,z,"40540 40664",40704,""
FIX50SP2,z,"40540 40664",40966,""
FIX50SP2,z,"40540 40664",40967,""
FIX50SP2,z,"40540 40664",41878,""
FIX50SP2,z,"40540",40708,""
FIX50SP2,z,"40540 40708",42991,""
FIX50SP2,z,"40540 40708",43000,""
FIX50SP2,z,"40540",40968,""
FIX50SP2,z,"40540",40969,""
FIX50SP2,z,"40540",40970,""
FIX50SP2,z,"40540",40971,""
FIX50SP2,z,"40540",40972,""
FIX50SP2,z,"40540",40973,""
FIX50SP2,z,"40540",40974,""
FIX50SP2,z,"40540",40975,""
FIX50SP2,z,"40540",40976,""
FIX50SP2,z,"40540",41756,""
FIX50SP2,z,"40540 41756",41770,""
FIX50SP2,z,"40540 41756 41770",41773,""
FIX50SP2,z,"40540",41800,""
FIX50SP2,z,"40540",41804,""
FIX50SP2,z,"40540",41808,""
FIX50SP2,z,"40540",41909,""
FIX50SP2,z,"40540",41937,""
FIX50SP2,z,"40540",41941,""
FIX50SP2,z,"40540",41944,""
FIX50SP2,z,"40540",41954,""
FIX50SP2,z,"40540",41962,""
FIX50SP2,z,"40540",41990,""
FIX50SP2,z,"40540",41993,""
FIX50SP2,z,"40540",42002,""
FIX50SP2,z,"40540 42002",41996,""
FIX50SP2,z,"40540 42002 41996",41999,""
FIX50SP2,z,"40540",42799,""
FIX50SP2,z,"40540",42853,""
FIX50SP2,z,"40540",42862,""
FIX50SP2,z,"40540 42862",42882,""
FIX50SP2,z,"40540",42901,""
FIX50SP2,z,"40540",42915,""
FIX50SP2,z,"40540",42955,""
FIX50SP2,z,"40540",42981,""
FIX50SP2,z,"40540",43034,""
FIX50SP2,z,"40540 43034",43008,""
FIX50SP2,z,"40540 43034 43008",43069,""
FIX50SP2,z,"40540 43034 43008",43071,""
FIX50SP2,z,"40540 43034",43030,""
FIX50SP2,z,"40540 43034",43060,""
FIX50SP2,z,"40540 43034",43064,""
FIX50SP2,z,"",40962,""
FIX50SP2,z,"",41820,""
FIX50SP2,z,"",41841,""
FIX50SP2,z,"",41844,""
FIX50SP2,z,"",41856,""
FIX50SP2,z,"",41864,""
FIX50SP2,z,"",41866,""
FIX50SP2,z,"",41868,""
FIX50SP2,z,"",41947,""
FIX50SP2,z,"",42036,""
FIX50SP2,z,"42036",41340,""
FIX50SP2,z,"",42041,""
FIX50SP2,z,"42041",42039,""
FIX50SP2,z,"42041",42788,""
FIX50SP2,z,"",42060,""
FIX50SP2,z,"42060",42065,""
FIX50SP2,z,"",42068,""
FIX50SP2,z,"42068",42077,""
FIX50SP2,z,"42068 42077",42085,""
FIX50SP2,z,"42068",42087,""
FIX50SP2,z,"42068",42090,""
FIX50SP2,z,"",42149,""
FIX50SP2,z,"42149",42099,""
FIX50SP2,z,"42149",42112,""
FIX50SP2,z,"42149",42173,""
FIX50SP2,z,"42149 42173",42177,""
FIX50SP2,z,"42149",42180,""
FIX50SP2,z,"42149",42182,""
FIX50SP2,z,"42149",42184,""
FIX50SP2,z,"42149",42186,""
FIX50SP2,z,"42149",42188,""
FIX50SP2,z,"42149",42190,""
FIX50SP2,z,"",42855,""
FIX50SP2,z,"",42884,""
FIX50SP2,z,"",43005,""
FIX50SP2,z,"",43074,""
